,Tarih,Deger,Yil,Ay,Gun,HaftaninGunu,Dunku_Deger
1,2020-12-09,18.565,2020,12,9,2,18.337
2,2020-12-10,18.262,2020,12,10,3,18.565
3,2020-12-11,18.058,2020,12,11,4,18.262
4,2020-12-12,18.807,2020,12,12,5,18.058
5,2020-12-13,19.151,2020,12,13,6,18.807
6,2020-12-14,19.26,2020,12,14,0,19.151
7,2020-12-15,19.432,2020,12,15,1,19.26
8,2020-12-16,21.318,2020,12,16,2,19.432
9,2020-12-17,22.806,2020,12,17,3,21.318
10,2020-12-18,23.121,2020,12,18,4,22.806
11,2020-12-19,23.864,2020,12,19,5,23.121
12,2020-12-20,23.518,2020,12,20,6,23.864
13,2020-12-21,22.841,2020,12,21,0,23.518
14,2020-12-22,23.795,2020,12,22,1,22.841
15,2020-12-23,23.308,2020,12,23,2,23.795
16,2020-12-24,23.76,2020,12,24,3,23.308
17,2020-12-25,24.671,2020,12,25,4,23.76
18,2020-12-26,26.476,2020,12,26,5,24.671
19,2020-12-27,26.423,2020,12,27,6,26.476
20,2020-12-28,27.125,2020,12,28,0,26.423
21,2020-12-29,27.425,2020,12,29,1,27.125
22,2020-12-30,28.837,2020,12,30,2,27.425
23,2020-12-31,29.022,2020,12,31,3,28.837
24,2021-01-01,29.352,2021,1,1,4,29.022
25,2021-01-02,32.164,2021,1,2,5,29.352
26,2021-01-03,33.008,2021,1,3,6,32.164
27,2021-01-04,31.516,2021,1,4,0,33.008
28,2021-01-05,34.082,2021,1,5,1,31.516
29,2021-01-06,36.934,2021,1,6,2,34.082
30,2021-01-07,39.547,2021,1,7,3,36.934
31,2021-01-08,40.816,2021,1,8,4,39.547
32,2021-01-09,40.297,2021,1,9,5,40.816
33,2021-01-10,38.398,2021,1,10,6,40.297
34,2021-01-11,35.67,2021,1,11,0,38.398
35,2021-01-12,33.938,2021,1,12,1,35.67
36,2021-01-13,37.456,2021,1,13,2,33.938
37,2021-01-14,39.233,2021,1,14,3,37.456
38,2021-01-15,36.788,2021,1,15,4,39.233
39,2021-01-16,36.255,2021,1,16,5,36.788
40,2021-01-17,35.804,2021,1,17,6,36.255
41,2021-01-18,36.595,2021,1,18,0,35.804
42,2021-01-19,36.105,2021,1,19,1,36.595
43,2021-01-20,35.587,2021,1,20,2,36.105
44,2021-01-21,30.914,2021,1,21,3,35.587
45,2021-01-22,32.958,2021,1,22,4,30.914
46,2021-01-23,32.068,2021,1,23,5,32.958
47,2021-01-24,32.274,2021,1,24,6,32.068
48,2021-01-25,32.375,2021,1,25,0,32.274
49,2021-01-26,32.582,2021,1,26,1,32.375
50,2021-01-27,30.446,2021,1,27,2,32.582
51,2021-01-28,33.128,2021,1,28,3,30.446
52,2021-01-29,34.151,2021,1,29,4,33.128
53,2021-01-30,34.2,2021,1,30,5,34.151
54,2021-01-31,33.065,2021,1,31,6,34.2
55,2021-02-01,33.406,2021,2,1,0,33.065
56,2021-02-02,35.486,2021,2,2,1,33.406
57,2021-02-03,37.495,2021,2,3,2,35.486
58,2021-02-04,36.817,2021,2,4,3,37.495
59,2021-02-05,38.008,2021,2,5,4,36.817
60,2021-02-06,39.279,2021,2,6,5,38.008
61,2021-02-07,38.833,2021,2,7,6,39.279
62,2021-02-08,46.308,2021,2,8,0,38.833
63,2021-02-09,46.57,2021,2,9,1,46.308
64,2021-02-10,44.849,2021,2,10,2,46.57
65,2021-02-11,47.816,2021,2,11,3,44.849
66,2021-02-12,47.414,2021,2,12,4,47.816
67,2021-02-13,46.941,2021,2,13,5,47.414
68,2021-02-14,48.608,2021,2,14,6,46.941
69,2021-02-15,47.898,2021,2,15,0,48.608
70,2021-02-16,49.238,2021,2,16,1,47.898
71,2021-02-17,52.144,2021,2,17,2,49.238
72,2021-02-18,51.733,2021,2,18,3,52.144
73,2021-02-19,56.039,2021,2,19,4,51.733
74,2021-02-20,56.378,2021,2,20,5,56.039
75,2021-02-21,57.669,2021,2,21,6,56.378
76,2021-02-22,54.411,2021,2,22,0,57.669
77,2021-02-23,48.692,2021,2,23,1,54.411
78,2021-02-24,49.849,2021,2,24,2,48.692
79,2021-02-25,46.993,2021,2,25,3,49.849
80,2021-02-26,46.551,2021,2,26,4,46.993
81,2021-02-27,46.654,2021,2,27,5,46.551
82,2021-02-28,44.97,2021,2,28,6,46.654
83,2021-03-01,49.787,2021,3,1,0,44.97
84,2021-03-02,48.532,2021,3,2,1,49.787
85,2021-03-03,50.577,2021,3,3,2,48.532
86,2021-03-04,48.727,2021,3,4,3,50.577
87,2021-03-05,49.092,2021,3,5,4,48.727
88,2021-03-06,49.019,2021,3,6,5,49.092
89,2021-03-07,51.313,2021,3,7,6,49.019
90,2021-03-08,52.329,2021,3,8,0,51.313
91,2021-03-09,54.7,2021,3,9,1,52.329
92,2021-03-10,56.02,2021,3,10,2,54.7
93,2021-03-11,57.789,2021,3,11,3,56.02
94,2021-03-12,57.354,2021,3,12,4,57.789
95,2021-03-13,61.315,2021,3,13,5,57.354
96,2021-03-14,59.429,2021,3,14,6,61.315
97,2021-03-15,55.805,2021,3,15,0,59.429
98,2021-03-16,56.83,2021,3,16,1,55.805
99,2021-03-17,59.015,2021,3,17,2,56.83
100,2021-03-18,57.922,2021,3,18,3,59.015
101,2021-03-19,58.243,2021,3,19,4,57.922
102,2021-03-20,58.376,2021,3,20,5,58.243
103,2021-03-21,57.574,2021,3,21,6,58.376
104,2021-03-22,54.37,2021,3,22,0,57.574
105,2021-03-23,54.585,2021,3,23,1,54.37
106,2021-03-24,52.527,2021,3,24,2,54.585
107,2021-03-25,51.417,2021,3,25,3,52.527
108,2021-03-26,55.033,2021,3,26,4,51.417
109,2021-03-27,55.832,2021,3,27,5,55.033
110,2021-03-28,55.728,2021,3,28,6,55.832
111,2021-03-29,57.635,2021,3,29,0,55.728
112,2021-03-30,58.669,2021,3,30,1,57.635
113,2021-03-31,58.817,2021,3,31,2,58.669
114,2021-04-01,58.801,2021,4,1,3,58.817
115,2021-04-02,59.06,2021,4,2,4,58.801
116,2021-04-03,57.06,2021,4,3,5,59.06
117,2021-04-04,58.229,2021,4,4,6,57.06
118,2021-04-05,58.707,2021,4,5,0,58.229
119,2021-04-06,58.062,2021,4,6,1,58.707
120,2021-04-07,56.134,2021,4,7,2,58.062
121,2021-04-08,58.066,2021,4,8,3,56.134
122,2021-04-09,58.153,2021,4,9,4,58.066
123,2021-04-10,59.979,2021,4,10,5,58.153
124,2021-04-11,59.988,2021,4,11,6,59.979
125,2021-04-12,59.911,2021,4,12,0,59.988
126,2021-04-13,63.577,2021,4,13,1,59.911
127,2021-04-14,62.807,2021,4,14,2,63.577
128,2021-04-15,63.18,2021,4,15,3,62.807
129,2021-04-16,61.497,2021,4,16,4,63.18
130,2021-04-17,60.274,2021,4,17,5,61.497
131,2021-04-18,56.289,2021,4,18,6,60.274
132,2021-04-19,55.721,2021,4,19,0,56.289
133,2021-04-20,56.295,2021,4,20,1,55.721
134,2021-04-21,54.19,2021,4,21,2,56.295
135,2021-04-22,51.966,2021,4,22,3,54.19
136,2021-04-23,51.191,2021,4,23,4,51.966
137,2021-04-24,50.133,2021,4,24,5,51.191
138,2021-04-25,48.981,2021,4,25,6,50.133
139,2021-04-26,53.979,2021,4,26,0,48.981
140,2021-04-27,54.992,2021,4,27,1,53.979
141,2021-04-28,54.811,2021,4,28,2,54.992
142,2021-04-29,53.597,2021,4,29,3,54.811
143,2021-04-30,57.829,2021,4,30,4,53.597
144,2021-05-01,57.813,2021,5,1,5,57.829
145,2021-05-02,56.601,2021,5,2,6,57.813
146,2021-05-03,57.2,2021,5,3,0,56.601
147,2021-05-04,53.464,2021,5,4,1,57.2
148,2021-05-05,57.432,2021,5,5,2,53.464
149,2021-05-06,56.508,2021,5,6,3,57.432
150,2021-05-07,57.362,2021,5,7,4,56.508
151,2021-05-08,58.772,2021,5,8,5,57.362
152,2021-05-09,58.214,2021,5,9,6,58.772
153,2021-05-10,55.902,2021,5,10,0,58.214
154,2021-05-11,56.929,2021,5,11,1,55.902
155,2021-05-12,50.005,2021,5,12,2,56.929
156,2021-05-13,49.973,2021,5,13,3,50.005
157,2021-05-14,49.913,2021,5,14,4,49.973
158,2021-05-15,46.781,2021,5,15,5,49.913
159,2021-05-16,46.585,2021,5,16,6,46.781
160,2021-05-17,43.781,2021,5,17,0,46.585
161,2021-05-18,43.091,2021,5,18,1,43.781
162,2021-05-19,37.287,2021,5,19,2,43.091
163,2021-05-20,40.438,2021,5,20,3,37.287
164,2021-05-21,37.34,2021,5,21,4,40.438
165,2021-05-22,37.52,2021,5,22,5,37.34
166,2021-05-23,34.978,2021,5,23,6,37.52
167,2021-05-24,38.642,2021,5,24,0,34.978
168,2021-05-25,38.211,2021,5,25,1,38.642
169,2021-05-26,39.407,2021,5,26,2,38.211
170,2021-05-27,38.643,2021,5,27,3,39.407
171,2021-05-28,35.71,2021,5,28,4,38.643
172,2021-05-29,34.775,2021,5,29,5,35.71
173,2021-05-30,35.715,2021,5,30,6,34.775
174,2021-05-31,37.341,2021,5,31,0,35.715
175,2021-06-01,36.68,2021,6,1,1,37.341
176,2021-06-02,37.686,2021,6,2,2,36.68
177,2021-06-03,39.151,2021,6,3,3,37.686
178,2021-06-04,36.939,2021,6,4,4,39.151
179,2021-06-05,35.547,2021,6,5,5,36.939
180,2021-06-06,35.834,2021,6,6,6,35.547
181,2021-06-07,33.451,2021,6,7,0,35.834
182,2021-06-08,33.557,2021,6,8,1,33.451
183,2021-06-09,37.554,2021,6,9,2,33.557
184,2021-06-10,36.903,2021,6,10,3,37.554
185,2021-06-11,37.289,2021,6,11,4,36.903
186,2021-06-12,35.666,2021,6,12,5,37.289
187,2021-06-13,39.148,2021,6,13,6,35.666
188,2021-06-14,40.625,2021,6,14,0,39.148
189,2021-06-15,40.378,2021,6,15,1,40.625
190,2021-06-16,38.321,2021,6,16,2,40.378
191,2021-06-17,38.194,2021,6,17,3,38.321
192,2021-06-18,35.881,2021,6,18,4,38.194
193,2021-06-19,35.582,2021,6,19,5,35.881
194,2021-06-20,35.787,2021,6,20,6,35.582
195,2021-06-21,31.712,2021,6,21,0,35.787
196,2021-06-22,32.508,2021,6,22,1,31.712
197,2021-06-23,33.703,2021,6,23,2,32.508
198,2021-06-24,34.675,2021,6,24,3,33.703
199,2021-06-25,31.943,2021,6,25,4,34.675
200,2021-06-26,32.024,2021,6,26,5,31.943
201,2021-06-27,34.607,2021,6,27,6,32.024
202,2021-06-28,34.557,2021,6,28,0,34.607
203,2021-06-29,35.969,2021,6,29,1,34.557
204,2021-06-30,35.171,2021,6,30,2,35.969
205,2021-07-01,33.678,2021,7,1,3,35.171
206,2021-07-02,33.951,2021,7,2,4,33.678
207,2021-07-03,34.73,2021,7,3,5,33.951
208,2021-07-04,35.394,2021,7,4,6,34.73
209,2021-07-05,33.928,2021,7,5,0,35.394
210,2021-07-06,34.15,2021,7,6,1,33.928
211,2021-07-07,33.932,2021,7,7,2,34.15
212,2021-07-08,32.934,2021,7,8,3,33.932
213,2021-07-09,33.971,2021,7,9,4,32.934
214,2021-07-10,33.705,2021,7,10,5,33.971
215,2021-07-11,34.3,2021,7,11,6,33.705
216,2021-07-12,33.263,2021,7,12,0,34.3
217,2021-07-13,32.676,2021,7,13,1,33.263
218,2021-07-14,32.879,2021,7,14,2,32.676
219,2021-07-15,31.726,2021,7,15,3,32.879
220,2021-07-16,31.4,2021,7,16,4,31.726
221,2021-07-17,31.589,2021,7,17,5,31.4
222,2021-07-18,31.919,2021,7,18,6,31.589
223,2021-07-19,30.928,2021,7,19,0,31.919
224,2021-07-20,29.972,2021,7,20,1,30.928
225,2021-07-21,32.384,2021,7,21,2,29.972
226,2021-07-22,32.409,2021,7,22,3,32.384
227,2021-07-23,33.456,2021,7,23,4,32.409
228,2021-07-24,34.214,2021,7,24,5,33.456
229,2021-07-25,35.456,2021,7,25,6,34.214
230,2021-07-26,37.282,2021,7,26,0,35.456
231,2021-07-27,39.077,2021,7,27,1,37.282
232,2021-07-28,40.031,2021,7,28,2,39.077
233,2021-07-29,39.978,2021,7,29,3,40.031
234,2021-07-30,41.936,2021,7,30,4,39.978
235,2021-07-31,41.754,2021,7,31,5,41.936
236,2021-08-01,39.915,2021,8,1,6,41.754
237,2021-08-02,39.279,2021,8,2,0,39.915
238,2021-08-03,38.368,2021,8,3,1,39.279
239,2021-08-04,39.752,2021,8,4,2,38.368
240,2021-08-05,40.825,2021,8,5,3,39.752
241,2021-08-06,42.802,2021,8,6,4,40.825
242,2021-08-07,44.648,2021,8,7,5,42.802
243,2021-08-08,43.753,2021,8,8,6,44.648
244,2021-08-09,46.311,2021,8,9,0,43.753
245,2021-08-10,45.64,2021,8,10,1,46.311
246,2021-08-11,45.652,2021,8,11,2,45.64
247,2021-08-12,44.495,2021,8,12,3,45.652
248,2021-08-13,47.717,2021,8,13,4,44.495
249,2021-08-14,47.089,2021,8,14,5,47.717
250,2021-08-15,47.025,2021,8,15,6,47.089
251,2021-08-16,46.032,2021,8,16,0,47.025
252,2021-08-17,44.534,2021,8,17,1,46.032
253,2021-08-18,45.015,2021,8,18,2,44.534
254,2021-08-19,46.745,2021,8,19,3,45.015
255,2021-08-20,49.196,2021,8,20,4,46.745
256,2021-08-21,48.934,2021,8,21,5,49.196
257,2021-08-22,49.251,2021,8,22,6,48.934
258,2021-08-23,49.519,2021,8,23,0,49.251
259,2021-08-24,47.941,2021,8,24,1,49.519
260,2021-08-25,49.003,2021,8,25,2,47.941
261,2021-08-26,47.229,2021,8,26,3,49.003
262,2021-08-27,49.083,2021,8,27,4,47.229
263,2021-08-28,48.937,2021,8,28,5,49.083
264,2021-08-29,48.907,2021,8,29,6,48.937
265,2021-08-30,47.124,2021,8,30,0,48.907
266,2021-08-31,47.335,2021,8,31,1,47.124
267,2021-09-01,48.823,2021,9,1,2,47.335
268,2021-09-02,49.339,2021,9,2,3,48.823
269,2021-09-03,49.935,2021,9,3,4,49.339
270,2021-09-04,50.013,2021,9,4,5,49.935
271,2021-09-05,51.696,2021,9,5,6,50.013
272,2021-09-06,52.74,2021,9,6,0,51.696
273,2021-09-07,46.995,2021,9,7,1,52.74
274,2021-09-08,46.085,2021,9,8,2,46.995
275,2021-09-09,46.519,2021,9,9,3,46.085
276,2021-09-10,44.803,2021,9,10,4,46.519
277,2021-09-11,45.196,2021,9,11,5,44.803
278,2021-09-12,46.195,2021,9,12,6,45.196
279,2021-09-13,45.14,2021,9,13,0,46.195
280,2021-09-14,47.135,2021,9,14,1,45.14
281,2021-09-15,48.187,2021,9,15,2,47.135
282,2021-09-16,47.879,2021,9,16,3,48.187
283,2021-09-17,47.229,2021,9,17,4,47.879
284,2021-09-18,48.267,2021,9,18,5,47.229
285,2021-09-19,47.371,2021,9,19,6,48.267
286,2021-09-20,42.933,2021,9,20,0,47.371
287,2021-09-21,40.387,2021,9,21,1,42.933
288,2021-09-22,43.587,2021,9,22,2,40.387
289,2021-09-23,44.981,2021,9,23,3,43.587
290,2021-09-24,42.752,2021,9,24,4,44.981
291,2021-09-25,42.857,2021,9,25,5,42.752
292,2021-09-26,43.337,2021,9,26,6,42.857
293,2021-09-27,42.247,2021,9,27,0,43.337
294,2021-09-28,41.01,2021,9,28,1,42.247
295,2021-09-29,41.588,2021,9,29,2,41.01
296,2021-09-30,43.859,2021,9,30,3,41.588
297,2021-10-01,48.182,2021,10,1,4,43.859
298,2021-10-02,47.778,2021,10,2,5,48.182
299,2021-10-03,48.283,2021,10,3,6,47.778
300,2021-10-04,49.26,2021,10,4,0,48.283
301,2021-10-05,51.669,2021,10,5,1,49.26
302,2021-10-06,55.415,2021,10,6,2,51.669
303,2021-10-07,53.895,2021,10,7,3,55.415
304,2021-10-08,54.011,2021,10,8,4,53.895
305,2021-10-09,55.125,2021,10,9,5,54.011
306,2021-10-10,54.712,2021,10,10,6,55.125
307,2021-10-11,57.573,2021,10,11,0,54.712
308,2021-10-12,56.335,2021,10,12,1,57.573
309,2021-10-13,57.488,2021,10,13,2,56.335
310,2021-10-14,57.452,2021,10,14,3,57.488
311,2021-10-15,61.809,2021,10,15,4,57.452
312,2021-10-16,61.166,2021,10,16,5,61.809
313,2021-10-17,61.584,2021,10,17,6,61.166
314,2021-10-18,62.018,2021,10,18,0,61.584
315,2021-10-19,64.518,2021,10,19,1,62.018
316,2021-10-20,66.238,2021,10,20,2,64.518
317,2021-10-21,62.541,2021,10,21,3,66.238
318,2021-10-22,61.029,2021,10,22,4,62.541
319,2021-10-23,61.572,2021,10,23,5,61.029
320,2021-10-24,61.173,2021,10,24,6,61.572
321,2021-10-25,63.228,2021,10,25,0,61.173
322,2021-10-26,60.604,2021,10,26,1,63.228
323,2021-10-27,58.641,2021,10,27,2,60.604
324,2021-10-28,60.768,2021,10,28,3,58.641
325,2021-10-29,62.283,2021,10,29,4,60.768
326,2021-10-30,61.837,2021,10,30,5,62.283
327,2021-10-31,61.472,2021,10,31,6,61.837
328,2021-11-01,61.122,2021,11,1,0,61.472
329,2021-11-02,63.247,2021,11,2,1,61.122
330,2021-11-03,63.131,2021,11,3,2,63.247
331,2021-11-04,61.602,2021,11,4,3,63.131
332,2021-11-05,61.247,2021,11,5,4,61.602
333,2021-11-06,61.661,2021,11,6,5,61.247
334,2021-11-07,63.153,2021,11,7,6,61.661
335,2021-11-08,67.617,2021,11,8,0,63.153
336,2021-11-09,67.145,2021,11,9,1,67.617
337,2021-11-10,65.061,2021,11,10,2,67.145
338,2021-11-11,65.006,2021,11,11,3,65.061
339,2021-11-12,64.432,2021,11,12,4,65.006
340,2021-11-13,64.66,2021,11,13,5,64.432
341,2021-11-14,65.649,2021,11,14,6,64.66
342,2021-11-15,63.934,2021,11,15,0,65.649
343,2021-11-16,60.449,2021,11,16,1,63.934
344,2021-11-17,60.604,2021,11,17,2,60.449
345,2021-11-18,56.987,2021,11,18,3,60.604
346,2021-11-19,58.459,2021,11,19,4,56.987
347,2021-11-20,60.083,2021,11,20,5,58.459
348,2021-11-21,59.14,2021,11,21,6,60.083
349,2021-11-22,56.387,2021,11,22,0,59.14
350,2021-11-23,57.749,2021,11,23,1,56.387
351,2021-11-24,57.198,2021,11,24,2,57.749
352,2021-11-25,58.898,2021,11,25,3,57.198
353,2021-11-26,53.828,2021,11,26,4,58.898
354,2021-11-27,54.533,2021,11,27,5,53.828
355,2021-11-28,57.238,2021,11,28,6,54.533
356,2021-11-29,57.849,2021,11,29,0,57.238
357,2021-11-30,57.011,2021,11,30,1,57.849
358,2021-12-01,57.169,2021,12,1,2,57.011
359,2021-12-02,56.508,2021,12,2,3,57.169
360,2021-12-03,53.786,2021,12,3,4,56.508
361,2021-12-04,49.162,2021,12,4,5,53.786
362,2021-12-05,49.268,2021,12,5,6,49.162
363,2021-12-06,50.462,2021,12,6,0,49.268
364,2021-12-07,50.648,2021,12,7,1,50.462
365,2021-12-08,50.53,2021,12,8,2,50.648
366,2021-12-09,47.886,2021,12,9,3,50.53
367,2021-12-10,47.304,2021,12,10,4,47.886
368,2021-12-11,49.242,2021,12,11,5,47.304
369,2021-12-12,50.051,2021,12,12,6,49.242
370,2021-12-13,46.696,2021,12,13,0,50.051
371,2021-12-14,48.411,2021,12,14,1,46.696
372,2021-12-15,48.937,2021,12,15,2,48.411
373,2021-12-16,47.695,2021,12,16,3,48.937
374,2021-12-17,46.329,2021,12,17,4,47.695
375,2021-12-18,46.97,2021,12,18,5,46.329
376,2021-12-19,46.807,2021,12,19,6,46.97
377,2021-12-20,47.117,2021,12,20,0,46.807
378,2021-12-21,49.145,2021,12,21,1,47.117
379,2021-12-22,48.756,2021,12,22,2,49.145
380,2021-12-23,50.901,2021,12,23,3,48.756
381,2021-12-24,50.889,2021,12,24,4,50.901
382,2021-12-25,50.663,2021,12,25,5,50.889
383,2021-12-26,50.853,2021,12,26,6,50.663
384,2021-12-27,50.774,2021,12,27,0,50.853
385,2021-12-28,47.725,2021,12,28,1,50.774
386,2021-12-29,46.507,2021,12,29,2,47.725
387,2021-12-30,47.192,2021,12,30,3,46.507
388,2021-12-31,46.32,2021,12,31,4,47.192
389,2022-01-01,47.816,2022,1,1,5,46.32
390,2022-01-02,47.387,2022,1,2,6,47.816
391,2022-01-03,46.531,2022,1,3,0,47.387
392,2022-01-04,45.938,2022,1,4,1,46.531
393,2022-01-05,43.647,2022,1,5,2,45.938
394,2022-01-06,43.216,2022,1,6,3,43.647
395,2022-01-07,41.527,2022,1,7,4,43.216
396,2022-01-08,41.757,2022,1,8,5,41.527
397,2022-01-09,41.862,2022,1,9,6,41.757
398,2022-01-10,41.87,2022,1,10,0,41.862
399,2022-01-11,42.777,2022,1,11,1,41.87
400,2022-01-12,43.982,2022,1,12,2,42.777
401,2022-01-13,42.608,2022,1,13,3,43.982
402,2022-01-14,43.121,2022,1,14,4,42.608
403,2022-01-15,43.227,2022,1,15,5,43.121
404,2022-01-16,43.12,2022,1,16,6,43.227
405,2022-01-17,42.298,2022,1,17,0,43.12
406,2022-01-18,42.395,2022,1,18,1,42.298
407,2022-01-19,41.75,2022,1,19,2,42.395
408,2022-01-20,40.708,2022,1,20,3,41.75
409,2022-01-21,36.509,2022,1,21,4,40.708
410,2022-01-22,35.18,2022,1,22,5,36.509
411,2022-01-23,36.306,2022,1,23,6,35.18
412,2022-01-24,36.774,2022,1,24,0,36.306
413,2022-01-25,36.989,2022,1,25,1,36.774
414,2022-01-26,36.87,2022,1,26,2,36.989
415,2022-01-27,37.277,2022,1,27,3,36.87
416,2022-01-28,37.853,2022,1,28,4,37.277
417,2022-01-29,38.232,2022,1,29,5,37.853
418,2022-01-30,37.983,2022,1,30,6,38.232
419,2022-01-31,38.556,2022,1,31,0,37.983
420,2022-02-01,38.836,2022,2,1,1,38.556
421,2022-02-01,38.605,2022,2,1,1,38.836
422,2022-02-02,37.591,2022,2,2,2,38.605
423,2022-02-03,36.386,2022,2,3,3,37.591
424,2022-02-04,40.552,2022,2,4,4,36.386
425,2022-02-05,41.636,2022,2,5,5,40.552
426,2022-02-06,41.621,2022,2,6,6,41.636
427,2022-02-07,44.083,2022,2,7,0,41.621
428,2022-02-08,44.254,2022,2,8,1,44.083
429,2022-02-09,44.715,2022,2,9,2,44.254
430,2022-02-10,44.19,2022,2,10,3,44.715
431,2022-02-11,42.353,2022,2,11,4,44.19
432,2022-02-12,42.618,2022,2,12,5,42.353
433,2022-02-13,42.336,2022,2,13,6,42.618
434,2022-02-14,42.199,2022,2,14,0,42.336
435,2022-02-15,44.136,2022,2,15,1,42.199
436,2022-02-16,44.124,2022,2,16,2,44.136
437,2022-02-17,40.941,2022,2,17,3,44.124
438,2022-02-18,39.974,2022,2,18,4,40.941
439,2022-02-19,40.09,2022,2,19,5,39.974
440,2022-02-20,38.353,2022,2,20,6,40.09
441,2022-02-21,38.23,2022,2,21,0,38.353
442,2022-02-22,37.948,2022,2,22,1,38.23
443,2022-02-23,37.705,2022,2,23,2,37.948
444,2022-02-24,38.3,2022,2,24,3,37.705
445,2022-02-25,39.144,2022,2,25,4,38.3
446,2022-02-26,39.366,2022,2,26,5,39.144
447,2022-02-27,37.929,2022,2,27,6,39.366
448,2022-02-28,41.866,2022,2,28,0,37.929
449,2022-03-01,44.075,2022,3,1,1,41.866
450,2022-03-02,43.802,2022,3,2,2,44.075
451,2022-03-03,42.002,2022,3,3,3,43.802
452,2022-03-04,39.507,2022,3,4,4,42.002
453,2022-03-05,39.514,2022,3,5,5,39.507
454,2022-03-06,38.856,2022,3,6,6,39.514
455,2022-03-07,37.589,2022,3,7,0,38.856
456,2022-03-08,38.462,2022,3,8,1,37.589
457,2022-03-09,41.828,2022,3,9,2,38.462
458,2022-03-10,39.645,2022,3,10,3,41.828
459,2022-03-11,38.409,2022,3,11,4,39.645
460,2022-03-12,39.134,2022,3,12,5,38.409
461,2022-03-13,38.683,2022,3,13,6,39.134
462,2022-03-14,38.725,2022,3,14,0,38.683
463,2022-03-15,39.403,2022,3,15,1,38.725
464,2022-03-16,41.24,2022,3,16,2,39.403
465,2022-03-17,40.711,2022,3,17,3,41.24
466,2022-03-18,41.842,2022,3,18,4,40.711
467,2022-03-19,42.255,2022,3,19,5,41.842
468,2022-03-20,41.317,2022,3,20,6,42.255
469,2022-03-21,41.184,2022,3,21,0,41.317
470,2022-03-22,42.601,2022,3,22,1,41.184
471,2022-03-23,42.355,2022,3,23,2,42.601
472,2022-03-24,43.909,2022,3,24,3,42.355
473,2022-03-25,44.607,2022,3,25,4,43.909
474,2022-03-26,44.591,2022,3,26,5,44.607
475,2022-03-27,46.086,2022,3,27,6,44.591
476,2022-03-28,47.953,2022,3,28,0,46.086
477,2022-03-29,47.46,2022,3,29,1,47.953
478,2022-03-30,47.247,2022,3,30,2,47.46
479,2022-03-31,45.759,2022,3,31,3,47.247
480,2022-04-01,46.162,2022,4,1,4,45.759
481,2022-04-02,46.193,2022,4,2,5,46.162
482,2022-04-03,46.386,2022,4,3,6,46.193
483,2022-04-04,46.31,2022,4,4,0,46.386
484,2022-04-05,45.694,2022,4,5,1,46.31
485,2022-04-06,43.891,2022,4,6,2,45.694
486,2022-04-07,43.569,2022,4,7,3,43.891
487,2022-04-08,42.724,2022,4,8,4,43.569
488,2022-04-09,42.444,2022,4,9,5,42.724
489,2022-04-10,43.128,2022,4,10,6,42.444
490,2022-04-11,39.855,2022,4,11,0,43.128
491,2022-04-12,39.516,2022,4,12,1,39.855
492,2022-04-13,41.235,2022,4,13,2,39.516
493,2022-04-14,39.892,2022,4,14,3,41.235
494,2022-04-15,40.4,2022,4,15,4,39.892
495,2022-04-16,40.317,2022,4,16,5,40.4
496,2022-04-17,40.275,2022,4,17,6,40.317
497,2022-04-18,40.674,2022,4,18,0,40.275
498,2022-04-19,41.295,2022,4,19,1,40.674
499,2022-04-20,41.424,2022,4,20,2,41.295
500,2022-04-21,40.629,2022,4,21,3,41.424
501,2022-04-22,39.615,2022,4,22,4,40.629
502,2022-04-23,39.784,2022,4,23,5,39.615
503,2022-04-24,39.509,2022,4,24,6,39.784
504,2022-04-25,40.156,2022,4,25,0,39.509
505,2022-04-26,38.097,2022,4,26,1,40.156
506,2022-04-27,39.094,2022,4,27,2,38.097
507,2022-04-28,39.913,2022,4,28,3,39.094
508,2022-04-29,38.55,2022,4,29,4,39.913
509,2022-04-30,38.318,2022,4,30,5,38.55
510,2022-05-01,38.265,2022,5,1,6,38.318
511,2022-05-02,38.32,2022,5,2,0,38.265
512,2022-05-03,37.632,2022,5,3,1,38.32
513,2022-05-04,39.798,2022,5,4,2,37.632
514,2022-05-05,36.432,2022,5,5,3,39.798
515,2022-05-06,36.057,2022,5,6,4,36.432
516,2022-05-07,35.755,2022,5,7,5,36.057
517,2022-05-08,34.219,2022,5,8,6,35.755
518,2022-05-09,31.095,2022,5,9,0,34.219
519,2022-05-10,30.944,2022,5,10,1,31.095
520,2022-05-11,28.285,2022,5,11,2,30.944
521,2022-05-12,28.55,2022,5,12,3,28.285
522,2022-05-13,29.785,2022,5,13,4,28.55
523,2022-05-14,29.351,2022,5,14,5,29.785
524,2022-05-15,30.997,2022,5,15,6,29.351
525,2022-05-16,29.874,2022,5,16,0,30.997
526,2022-05-17,30.083,2022,5,17,1,29.874
527,2022-05-18,29.197,2022,5,18,2,30.083
528,2022-05-19,30.205,2022,5,19,3,29.197
529,2022-05-20,29.12,2022,5,20,4,30.205
530,2022-05-21,29.375,2022,5,21,5,29.12
531,2022-05-22,29.901,2022,5,22,6,29.375
532,2022-05-23,29.286,2022,5,23,0,29.901
533,2022-05-24,29.426,2022,5,24,1,29.286
534,2022-05-25,29.762,2022,5,25,2,29.426
535,2022-05-26,29.444,2022,5,26,3,29.762
536,2022-05-27,28.733,2022,5,27,4,29.444
537,2022-05-28,28.996,2022,5,28,5,28.733
538,2022-05-29,29.141,2022,5,29,6,28.996
539,2022-05-30,31.249,2022,5,30,0,29.141
540,2022-05-31,31.753,2022,5,31,1,31.249
541,2022-06-01,29.645,2022,6,1,2,31.753
542,2022-06-02,30.233,2022,6,2,3,29.645
543,2022-06-03,29.634,2022,6,3,4,30.233
544,2022-06-04,29.724,2022,6,4,5,29.634
545,2022-06-05,29.926,2022,6,5,6,29.724
546,2022-06-06,31.447,2022,6,6,0,29.926
547,2022-06-07,31.339,2022,6,7,1,31.447
548,2022-06-08,30.18,2022,6,8,2,31.339
549,2022-06-09,30.146,2022,6,9,3,30.18
550,2022-06-10,29.183,2022,6,10,4,30.146
551,2022-06-11,28.376,2022,6,11,5,29.183
552,2022-06-12,27.372,2022,6,12,6,28.376
553,2022-06-13,23.236,2022,6,13,0,27.372
554,2022-06-14,21.977,2022,6,14,1,23.236
555,2022-06-15,21.668,2022,6,15,2,21.977
556,2022-06-16,20.675,2022,6,16,3,21.668
557,2022-06-17,20.629,2022,6,17,4,20.675
558,2022-06-18,17.76,2022,6,18,5,20.629
559,2022-06-19,20.564,2022,6,19,6,17.76
560,2022-06-20,20.428,2022,6,20,0,20.564
561,2022-06-21,20.841,2022,6,21,1,20.428
562,2022-06-22,19.885,2022,6,22,2,20.841
563,2022-06-23,20.783,2022,6,23,3,19.885
564,2022-06-24,21.144,2022,6,24,4,20.783
565,2022-06-25,21.205,2022,6,25,5,21.144
566,2022-06-26,21.393,2022,6,26,6,21.205
567,2022-06-27,20.895,2022,6,27,0,21.393
568,2022-06-28,20.252,2022,6,28,1,20.895
569,2022-06-29,20.186,2022,6,29,2,20.252
570,2022-06-30,18.73,2022,6,30,3,20.186
571,2022-07-01,19.407,2022,7,1,4,18.73
572,2022-07-02,19.237,2022,7,2,5,19.407
573,2022-07-03,19.422,2022,7,3,6,19.237
574,2022-07-04,19.743,2022,7,4,0,19.422
575,2022-07-05,20.466,2022,7,5,1,19.743
576,2022-07-06,20.395,2022,7,6,2,20.466
577,2022-07-07,21.601,2022,7,7,3,20.395
578,2022-07-08,21.826,2022,7,8,4,21.601
579,2022-07-09,21.676,2022,7,9,5,21.826
580,2022-07-10,20.96,2022,7,10,6,21.676
581,2022-07-11,20.385,2022,7,11,0,20.96
582,2022-07-12,19.438,2022,7,12,1,20.385
583,2022-07-13,19.652,2022,7,13,2,19.438
584,2022-07-14,20.667,2022,7,14,3,19.652
585,2022-07-15,20.913,2022,7,15,4,20.667
586,2022-07-16,21.151,2022,7,16,5,20.913
587,2022-07-17,20.927,2022,7,17,6,21.151
588,2022-07-18,21.515,2022,7,18,0,20.927
589,2022-07-19,23.305,2022,7,19,1,21.515
590,2022-07-20,23.299,2022,7,20,2,23.305
591,2022-07-21,23.154,2022,7,21,3,23.299
592,2022-07-22,22.6,2022,7,22,4,23.154
593,2022-07-23,22.314,2022,7,23,5,22.6
594,2022-07-24,22.745,2022,7,24,6,22.314
595,2022-07-25,22.163,2022,7,25,0,22.745
596,2022-07-26,20.971,2022,7,26,1,22.163
597,2022-07-27,22.776,2022,7,27,2,20.971
598,2022-07-28,24.032,2022,7,28,3,22.776
599,2022-07-29,23.957,2022,7,29,4,24.032
600,2022-07-30,23.983,2022,7,30,5,23.957
601,2022-07-31,23.808,2022,7,31,6,23.983
602,2022-08-01,23.031,2022,8,1,0,23.808
603,2022-08-02,23.022,2022,8,2,1,23.031
604,2022-08-03,23.328,2022,8,3,2,23.022
605,2022-08-04,22.501,2022,8,4,3,23.328
606,2022-08-05,22.97,2022,8,5,4,22.501
607,2022-08-06,23.172,2022,8,6,5,22.97
608,2022-08-07,23.267,2022,8,7,6,23.172
609,2022-08-08,24.078,2022,8,8,0,23.267
610,2022-08-09,23.135,2022,8,9,1,24.078
611,2022-08-10,23.873,2022,8,10,2,23.135
612,2022-08-11,24.217,2022,8,11,3,23.873
613,2022-08-12,24.241,2022,8,12,4,24.217
614,2022-08-13,24.505,2022,8,13,5,24.241
615,2022-08-14,24.327,2022,8,14,6,24.505
616,2022-08-15,24.062,2022,8,15,0,24.327
617,2022-08-16,23.974,2022,8,16,1,24.062
618,2022-08-17,23.403,2022,8,17,2,23.974
619,2022-08-18,23.413,2022,8,18,3,23.403
620,2022-08-19,21.276,2022,8,19,4,23.413
621,2022-08-20,20.859,2022,8,20,5,21.276
622,2022-08-21,21.519,2022,8,21,6,20.859
623,2022-08-22,21.107,2022,8,22,0,21.519
624,2022-08-23,21.486,2022,8,23,1,21.107
625,2022-08-24,21.7,2022,8,24,2,21.486
626,2022-08-25,21.644,2022,8,25,3,21.7
627,2022-08-26,20.661,2022,8,26,4,21.644
628,2022-08-27,19.988,2022,8,27,5,20.661
629,2022-08-28,19.989,2022,8,28,6,19.988
630,2022-08-29,20.182,2022,8,29,0,19.989
631,2022-08-30,19.969,2022,8,30,1,20.182
632,2022-08-31,20.209,2022,8,31,2,19.969
633,2022-09-01,20.075,2022,9,1,3,20.209
634,2022-09-02,19.968,2022,9,2,4,20.075
635,2022-09-03,19.738,2022,9,3,5,19.968
636,2022-09-04,19.907,2022,9,4,6,19.738
637,2022-09-05,19.753,2022,9,5,0,19.907
638,2022-09-06,18.954,2022,9,6,1,19.753
639,2022-09-07,19.402,2022,9,7,2,18.954
640,2022-09-08,19.369,2022,9,8,3,19.402
641,2022-09-09,21.284,2022,9,9,4,19.369
642,2022-09-10,21.411,2022,9,10,5,21.284
643,2022-09-11,21.637,2022,9,11,6,21.411
644,2022-09-12,22.408,2022,9,12,0,21.637
645,2022-09-13,20.244,2022,9,13,1,22.408
646,2022-09-14,19.957,2022,9,14,2,20.244
647,2022-09-15,19.841,2022,9,15,3,19.957
648,2022-09-16,19.727,2022,9,16,4,19.841
649,2022-09-17,20.078,2022,9,17,5,19.727
650,2022-09-18,19.718,2022,9,18,6,20.078
651,2022-09-19,19.515,2022,9,19,0,19.718
652,2022-09-20,18.964,2022,9,20,1,19.515
653,2022-09-21,18.894,2022,9,21,2,18.964
654,2022-09-22,19.246,2022,9,22,3,18.894
655,2022-09-23,18.85,2022,9,23,4,19.246
656,2022-09-24,19.144,2022,9,24,5,18.85
657,2022-09-25,18.91,2022,9,25,6,19.144
658,2022-09-26,19.119,2022,9,26,0,18.91
659,2022-09-27,19.059,2022,9,27,1,19.119
660,2022-09-28,19.567,2022,9,28,2,19.059
661,2022-09-29,19.5,2022,9,29,3,19.567
662,2022-09-30,19.424,2022,9,30,4,19.5
663,2022-10-01,19.247,2022,10,1,5,19.424
664,2022-10-02,19.235,2022,10,2,6,19.247
665,2022-10-03,19.593,2022,10,3,0,19.235
666,2022-10-04,20.35,2022,10,4,1,19.593
667,2022-10-05,20.025,2022,10,5,2,20.35
668,2022-10-06,20.045,2022,10,6,3,20.025
669,2022-10-07,19.553,2022,10,7,4,20.045
670,2022-10-08,19.451,2022,10,8,5,19.553
671,2022-10-09,19.486,2022,10,9,6,19.451
672,2022-10-10,19.242,2022,10,10,0,19.486
673,2022-10-11,19.018,2022,10,11,1,19.242
674,2022-10-12,19.161,2022,10,12,2,19.018
675,2022-10-13,19.384,2022,10,13,3,19.161
676,2022-10-14,19.185,2022,10,14,4,19.384
677,2022-10-15,19.1,2022,10,15,5,19.185
678,2022-10-16,19.334,2022,10,16,6,19.1
679,2022-10-17,19.532,2022,10,17,0,19.334
680,2022-10-18,19.372,2022,10,18,1,19.532
681,2022-10-19,19.199,2022,10,19,2,19.372
682,2022-10-20,19.026,2022,10,20,3,19.199
683,2022-10-21,19.179,2022,10,21,4,19.026
684,2022-10-22,19.217,2022,10,22,5,19.179
685,2022-10-23,19.497,2022,10,23,6,19.217
686,2022-10-24,19.375,2022,10,24,0,19.497
687,2022-10-25,20.196,2022,10,25,1,19.375
688,2022-10-26,20.756,2022,10,26,2,20.196
689,2022-10-27,20.409,2022,10,27,3,20.756
690,2022-10-28,20.644,2022,10,28,4,20.409
691,2022-10-29,20.862,2022,10,29,5,20.644
692,2022-10-30,20.691,2022,10,30,6,20.862
693,2022-10-31,20.41,2022,10,31,0,20.691
694,2022-11-01,20.477,2022,11,1,1,20.41
695,2022-11-02,20.182,2022,11,2,2,20.477
696,2022-11-03,20.24,2022,11,3,3,20.182
697,2022-11-04,21.141,2022,11,4,4,20.24
698,2022-11-05,21.355,2022,11,5,5,21.141
699,2022-11-06,21.204,2022,11,6,6,21.355
700,2022-11-07,20.816,2022,11,7,0,21.204
701,2022-11-08,18.173,2022,11,8,1,20.816
702,2022-11-09,16.222,2022,11,9,2,18.173
703,2022-11-10,18.09,2022,11,10,3,16.222
704,2022-11-11,16.652,2022,11,11,4,18.09
705,2022-11-12,16.798,2022,11,12,5,16.652
706,2022-11-13,16.46,2022,11,13,6,16.798
707,2022-11-14,16.266,2022,11,14,0,16.46
708,2022-11-15,16.824,2022,11,15,1,16.266
709,2022-11-16,16.564,2022,11,16,2,16.824
710,2022-11-17,16.676,2022,11,17,3,16.564
711,2022-11-18,16.619,2022,11,18,4,16.676
712,2022-11-19,16.616,2022,11,19,5,16.619
713,2022-11-20,16.512,2022,11,20,6,16.616
714,2022-11-21,15.8,2022,11,21,0,16.512
715,2022-11-22,16.116,2022,11,22,1,15.8
716,2022-11-23,16.577,2022,11,23,2,16.116
717,2022-11-24,16.552,2022,11,24,3,16.577
718,2022-11-25,16.516,2022,11,25,4,16.552
719,2022-11-26,16.493,2022,11,26,5,16.516
720,2022-11-27,16.551,2022,11,27,6,16.493
721,2022-11-28,16.253,2022,11,28,0,16.551
722,2022-11-29,16.488,2022,11,29,1,16.253
723,2022-11-30,17.086,2022,11,30,2,16.488
724,2022-12-01,16.912,2022,12,1,3,17.086
725,2022-12-02,17.017,2022,12,2,4,16.912
726,2022-12-03,16.934,2022,12,3,5,17.017
727,2022-12-04,17.093,2022,12,4,6,16.934
728,2022-12-05,16.944,2022,12,5,0,17.093
729,2022-12-06,16.992,2022,12,6,1,16.944
730,2022-12-07,16.828,2022,12,7,2,16.992
731,2022-12-08,17.18,2022,12,8,3,16.828
732,2022-12-09,17.107,2022,12,9,4,17.18
733,2022-12-10,17.173,2022,12,10,5,17.107
734,2022-12-11,17.111,2022,12,11,6,17.173
735,2022-12-12,17.126,2022,12,12,0,17.111
736,2022-12-13,17.754,2022,12,13,1,17.126
737,2022-12-14,17.783,2022,12,14,2,17.754
738,2022-12-15,17.412,2022,12,15,3,17.783
739,2022-12-16,16.874,2022,12,16,4,17.412
740,2022-12-17,16.703,2022,12,17,5,16.874
741,2022-12-18,16.759,2022,12,18,6,16.703
742,2022-12-19,16.605,2022,12,19,0,16.759
743,2022-12-20,16.861,2022,12,20,1,16.605
744,2022-12-21,16.777,2022,12,21,2,16.861
745,2022-12-22,16.782,2022,12,22,3,16.777
746,2022-12-23,16.806,2022,12,23,4,16.782
747,2022-12-24,16.839,2022,12,24,5,16.806
748,2022-12-25,16.766,2022,12,25,6,16.839
749,2022-12-26,16.84,2022,12,26,0,16.766
750,2022-12-27,16.661,2022,12,27,1,16.84
751,2022-12-28,16.589,2022,12,28,2,16.661
752,2022-12-29,16.593,2022,12,29,3,16.589
753,2022-12-30,16.553,2022,12,30,4,16.593
754,2022-12-31,16.56,2022,12,31,5,16.553
755,2023-01-01,16.595,2023,1,1,6,16.56
756,2023-01-02,16.722,2023,1,2,0,16.595
757,2023-01-03,16.657,2023,1,3,1,16.722
758,2023-01-04,16.803,2023,1,4,2,16.657
759,2023-01-05,16.851,2023,1,5,3,16.803
760,2023-01-06,16.89,2023,1,6,4,16.851
761,2023-01-07,16.943,2023,1,7,5,16.89
762,2023-01-08,16.964,2023,1,8,6,16.943
763,2023-01-09,17.205,2023,1,9,0,16.964
764,2023-01-10,17.473,2023,1,10,1,17.205
765,2023-01-11,17.556,2023,1,11,2,17.473
766,2023-01-12,19.054,2023,1,12,3,17.556
767,2023-01-13,19.462,2023,1,13,4,19.054
768,2023-01-14,20.881,2023,1,14,5,19.462
769,2023-01-15,20.909,2023,1,15,6,20.881
770,2023-01-16,21.283,2023,1,16,0,20.909
771,2023-01-17,21.373,2023,1,17,1,21.283
772,2023-01-18,20.714,2023,1,18,2,21.373
773,2023-01-19,21.099,2023,1,19,3,20.714
774,2023-01-20,22.287,2023,1,20,4,21.099
775,2023-01-21,23.143,2023,1,21,5,22.287
776,2023-01-22,22.447,2023,1,22,6,23.143
777,2023-01-23,23.007,2023,1,23,0,22.447
778,2023-01-24,23.021,2023,1,24,1,23.007
779,2023-01-25,22.932,2023,1,25,2,23.021
780,2023-01-26,23.125,2023,1,26,3,22.932
781,2023-01-27,23.109,2023,1,27,4,23.125
782,2023-01-28,22.982,2023,1,28,5,23.109
783,2023-01-29,23.707,2023,1,29,6,22.982
784,2023-01-30,22.682,2023,1,30,0,23.707
785,2023-01-31,23.103,2023,1,31,1,22.682
786,2023-02-01,23.559,2023,2,1,2,23.103
787,2023-02-02,23.817,2023,2,2,3,23.559
788,2023-02-03,23.334,2023,2,3,4,23.817
789,2023-02-04,23.413,2023,2,4,5,23.334
790,2023-02-05,22.881,2023,2,5,6,23.413
791,2023-02-06,23.006,2023,2,6,0,22.881
792,2023-02-07,23.214,2023,2,7,1,23.006
793,2023-02-08,22.842,2023,2,8,2,23.214
794,2023-02-09,21.999,2023,2,9,3,22.842
795,2023-02-10,21.725,2023,2,10,4,21.999
796,2023-02-11,21.676,2023,2,11,5,21.725
797,2023-02-12,21.972,2023,2,12,6,21.676
798,2023-02-13,21.671,2023,2,13,0,21.972
799,2023-02-14,22.248,2023,2,14,1,21.671
800,2023-02-15,24.141,2023,2,15,2,22.248
801,2023-02-16,24.563,2023,2,16,3,24.141
802,2023-02-17,24.8,2023,2,17,4,24.563
803,2023-02-18,24.596,2023,2,18,5,24.8
804,2023-02-19,24.51,2023,2,19,6,24.596
805,2023-02-20,24.808,2023,2,20,0,24.51
806,2023-02-21,24.472,2023,2,21,1,24.808
807,2023-02-22,23.78,2023,2,22,2,24.472
808,2023-02-23,23.94,2023,2,23,3,23.78
809,2023-02-24,23.231,2023,2,24,4,23.94
810,2023-02-25,22.915,2023,2,25,5,23.231
811,2023-02-26,23.647,2023,2,26,6,22.915
812,2023-02-27,23.324,2023,2,27,0,23.647
813,2023-02-28,23.292,2023,2,28,1,23.324
814,2023-03-01,23.417,2023,3,1,2,23.292
815,2023-03-02,23.463,2023,3,2,3,23.417
816,2023-03-03,22.319,2023,3,3,4,23.463
817,2023-03-04,22.244,2023,3,4,5,22.319
818,2023-03-05,22.41,2023,3,5,6,22.244
819,2023-03-06,22.359,2023,3,6,0,22.41
820,2023-03-07,22.051,2023,3,7,1,22.359
821,2023-03-08,22.087,2023,3,8,2,22.051
822,2023-03-09,20.139,2023,3,9,3,22.087
823,2023-03-10,19.981,2023,3,10,4,20.139
824,2023-03-11,20.475,2023,3,11,5,19.981
825,2023-03-12,21.415,2023,3,12,6,20.475
826,2023-03-13,24.238,2023,3,13,0,21.415
827,2023-03-14,24.724,2023,3,14,1,24.238
828,2023-03-15,24.413,2023,3,15,2,24.724
829,2023-03-16,24.704,2023,3,16,3,24.413
830,2023-03-17,26.776,2023,3,17,4,24.704
831,2023-03-18,27.39,2023,3,18,5,26.776
832,2023-03-19,27.971,2023,3,19,6,27.39
833,2023-03-20,28.073,2023,3,20,0,27.971
834,2023-03-21,28.139,2023,3,21,1,28.073
835,2023-03-22,27.337,2023,3,22,2,28.139
836,2023-03-23,28.321,2023,3,23,3,27.337
837,2023-03-24,27.622,2023,3,24,4,28.321
838,2023-03-25,27.383,2023,3,25,5,27.622
839,2023-03-26,27.814,2023,3,26,6,27.383
840,2023-03-27,27.054,2023,3,27,0,27.814
841,2023-03-28,27.325,2023,3,28,1,27.054
842,2023-03-29,28.393,2023,3,29,2,27.325
843,2023-03-30,28.166,2023,3,30,3,28.393
844,2023-03-31,28.395,2023,3,31,4,28.166
845,2023-04-01,28.47,2023,4,1,5,28.395
846,2023-04-02,28.089,2023,4,2,6,28.47
847,2023-04-03,27.596,2023,4,3,0,28.089
848,2023-04-04,28.257,2023,4,4,1,27.596
849,2023-04-05,28.151,2023,4,5,2,28.257
850,2023-04-06,27.989,2023,4,6,3,28.151
851,2023-04-07,27.888,2023,4,7,4,27.989
852,2023-04-08,27.934,2023,4,8,5,27.888
853,2023-04-09,28.134,2023,4,9,6,27.934
854,2023-04-10,29.138,2023,4,10,0,28.134
855,2023-04-11,30.176,2023,4,11,1,29.138
856,2023-04-12,29.965,2023,4,12,2,30.176
857,2023-04-13,30.28,2023,4,13,3,29.965
858,2023-04-14,30.451,2023,4,14,4,30.28
859,2023-04-15,30.294,2023,4,15,5,30.451
860,2023-04-16,30.35,2023,4,16,6,30.294
861,2023-04-17,29.465,2023,4,17,0,30.35
862,2023-04-18,30.416,2023,4,18,1,29.465
863,2023-04-19,29.254,2023,4,19,2,30.416
864,2023-04-20,28.216,2023,4,20,3,29.254
865,2023-04-21,27.285,2023,4,21,4,28.216
866,2023-04-22,27.657,2023,4,22,5,27.285
867,2023-04-23,27.517,2023,4,23,6,27.657
868,2023-04-24,27.455,2023,4,24,0,27.517
869,2023-04-25,27.999,2023,4,25,1,27.455
870,2023-04-26,28.288,2023,4,26,2,27.999
871,2023-04-27,29.604,2023,4,27,3,28.288
872,2023-04-28,29.33,2023,4,28,4,29.604
873,2023-04-29,29.246,2023,4,29,5,29.33
874,2023-04-30,29.328,2023,4,30,6,29.246
875,2023-05-01,27.706,2023,5,1,0,29.328
876,2023-05-02,28.688,2023,5,2,1,27.706
877,2023-05-03,28.525,2023,5,3,2,28.688
878,2023-05-04,28.874,2023,5,4,3,28.525
879,2023-05-05,29.513,2023,5,5,4,28.874
880,2023-05-06,28.815,2023,5,6,5,29.513
881,2023-05-07,28.921,2023,5,7,6,28.815
882,2023-05-08,27.556,2023,5,8,0,28.921
883,2023-05-09,27.649,2023,5,9,1,27.556
884,2023-05-10,27.855,2023,5,10,2,27.649
885,2023-05-11,27.002,2023,5,11,3,27.855
886,2023-05-12,26.448,2023,5,12,4,27.002
887,2023-05-13,26.909,2023,5,13,5,26.448
888,2023-05-14,26.946,2023,5,14,6,26.909
889,2023-05-15,27.347,2023,5,15,0,26.946
890,2023-05-16,26.954,2023,5,16,1,27.347
891,2023-05-17,27.341,2023,5,17,2,26.954
892,2023-05-18,26.728,2023,5,18,3,27.341
893,2023-05-19,26.837,2023,5,19,4,26.728
894,2023-05-20,27.016,2023,5,20,5,26.837
895,2023-05-21,26.854,2023,5,21,6,27.016
896,2023-05-22,26.907,2023,5,22,0,26.854
897,2023-05-23,27.223,2023,5,23,1,26.907
898,2023-05-24,26.412,2023,5,24,2,27.223
899,2023-05-25,26.492,2023,5,25,3,26.412
900,2023-05-26,26.752,2023,5,26,4,26.492
901,2023-05-27,26.752,2023,5,27,5,26.752
902,2023-05-28,27.56,2023,5,28,6,26.752
903,2023-05-29,27.694,2023,5,29,0,27.56
904,2023-05-30,27.78,2023,5,30,1,27.694
905,2023-05-31,27.112,2023,5,31,2,27.78
906,2023-06-01,26.867,2023,6,1,3,27.112
907,2023-06-02,27.179,2023,6,2,4,26.867
908,2023-06-03,27.077,2023,6,3,5,27.179
909,2023-06-04,27.245,2023,6,4,6,27.077
910,2023-06-05,25.648,2023,6,5,0,27.245
911,2023-06-06,26.979,2023,6,6,1,25.648
912,2023-06-07,26.376,2023,6,7,2,26.979
913,2023-06-08,26.632,2023,6,8,3,26.376
914,2023-06-09,26.454,2023,6,9,4,26.632
915,2023-06-10,25.772,2023,6,10,5,26.454
916,2023-06-11,26.144,2023,6,11,6,25.772
917,2023-06-12,25.901,2023,6,12,0,26.144
918,2023-06-13,25.866,2023,6,13,1,25.901
919,2023-06-14,24.91,2023,6,14,2,25.866
920,2023-06-15,25.481,2023,6,15,3,24.91
921,2023-06-16,26.382,2023,6,16,4,25.481
922,2023-06-17,26.533,2023,6,17,5,26.382
923,2023-06-18,26.471,2023,6,18,6,26.533
924,2023-06-19,26.718,2023,6,19,0,26.471
925,2023-06-20,28.146,2023,6,20,1,26.718
926,2023-06-21,29.947,2023,6,21,2,28.146
927,2023-06-22,30.161,2023,6,22,3,29.947
928,2023-06-23,30.917,2023,6,23,4,30.161
929,2023-06-24,30.519,2023,6,24,5,30.917
930,2023-06-25,30.376,2023,6,25,6,30.519
931,2023-06-26,30.16,2023,6,26,0,30.376
932,2023-06-27,30.657,2023,6,27,1,30.16
933,2023-06-28,30.094,2023,6,28,2,30.657
934,2023-06-29,30.404,2023,6,29,3,30.094
935,2023-06-30,30.394,2023,6,30,4,30.404
936,2023-07-01,30.583,2023,7,1,5,30.394
937,2023-07-02,30.587,2023,7,2,6,30.583
938,2023-07-03,31.134,2023,7,3,0,30.587
939,2023-07-04,30.805,2023,7,4,1,31.134
940,2023-07-05,30.468,2023,7,5,2,30.805
941,2023-07-06,30.312,2023,7,6,3,30.468
942,2023-07-07,30.267,2023,7,7,4,30.312
943,2023-07-08,30.156,2023,7,8,5,30.267
944,2023-07-09,30.2,2023,7,9,6,30.156
945,2023-07-10,30.779,2023,7,10,0,30.2
946,2023-07-11,30.57,2023,7,11,1,30.779
947,2023-07-12,30.346,2023,7,12,2,30.57
948,2023-07-13,31.37,2023,7,13,3,30.346
949,2023-07-14,30.196,2023,7,14,4,31.37
950,2023-07-15,30.318,2023,7,15,5,30.196
951,2023-07-16,30.29,2023,7,16,6,30.318
952,2023-07-17,29.93,2023,7,17,0,30.29
953,2023-07-18,29.778,2023,7,18,1,29.93
954,2023-07-19,29.97,2023,7,19,2,29.778
955,2023-07-20,29.74,2023,7,20,3,29.97
956,2023-07-21,29.884,2023,7,21,4,29.74
957,2023-07-22,29.829,2023,7,22,5,29.884
958,2023-07-23,30.147,2023,7,23,6,29.829
959,2023-07-24,29.15,2023,7,24,0,30.147
960,2023-07-25,29.232,2023,7,25,1,29.15
961,2023-07-26,29.595,2023,7,26,2,29.232
962,2023-07-27,29.143,2023,7,27,3,29.595
963,2023-07-28,29.342,2023,7,28,4,29.143
964,2023-07-29,29.356,2023,7,29,5,29.342
965,2023-07-30,29.266,2023,7,30,6,29.356
966,2023-07-31,29.202,2023,7,31,0,29.266
967,2023-08-01,29.21,2023,8,1,1,29.202
968,2023-08-02,29.131,2023,8,2,2,29.21
969,2023-08-03,29.306,2023,8,3,3,29.131
970,2023-08-04,28.938,2023,8,4,4,29.306
971,2023-08-05,29.027,2023,8,5,5,28.938
972,2023-08-06,29.093,2023,8,6,6,29.027
973,2023-08-07,29.163,2023,8,7,0,29.093
974,2023-08-08,29.946,2023,8,8,1,29.163
975,2023-08-09,29.466,2023,8,9,2,29.946
976,2023-08-10,29.416,2023,8,10,3,29.466
977,2023-08-11,29.384,2023,8,11,4,29.416
978,2023-08-12,29.408,2023,8,12,5,29.384
979,2023-08-13,29.406,2023,8,13,6,29.408
980,2023-08-14,29.368,2023,8,14,0,29.406
981,2023-08-15,29.173,2023,8,15,1,29.368
982,2023-08-16,28.932,2023,8,16,2,29.173
983,2023-08-17,27.616,2023,8,17,3,28.932
984,2023-08-18,26.064,2023,8,18,4,27.616
985,2023-08-19,26.052,2023,8,19,5,26.064
986,2023-08-20,26.224,2023,8,20,6,26.052
987,2023-08-21,26.104,2023,8,21,0,26.224
988,2023-08-22,25.86,2023,8,22,1,26.104
989,2023-08-23,26.588,2023,8,23,2,25.86
990,2023-08-24,25.952,2023,8,24,3,26.588
991,2023-08-25,26.056,2023,8,25,4,25.952
992,2023-08-26,26.022,2023,8,26,5,26.056
993,2023-08-27,26.083,2023,8,27,6,26.022
994,2023-08-28,25.978,2023,8,28,0,26.083
995,2023-08-29,27.588,2023,8,29,1,25.978
996,2023-08-30,27.241,2023,8,30,2,27.588
997,2023-08-31,26.005,2023,8,31,3,27.241
998,2023-09-01,25.765,2023,9,1,4,26.005
999,2023-09-02,25.845,2023,9,2,5,25.765
1000,2023-09-03,26.045,2023,9,3,6,25.845
1001,2023-09-04,25.836,2023,9,4,0,26.045
1002,2023-09-05,25.706,2023,9,5,1,25.836
1003,2023-09-06,25.671,2023,9,6,2,25.706
1004,2023-09-07,26.009,2023,9,7,3,25.671
1005,2023-09-08,25.898,2023,9,8,4,26.009
1006,2023-09-09,25.861,2023,9,9,5,25.898
1007,2023-09-10,25.816,2023,9,10,6,25.861
1008,2023-09-11,25.078,2023,9,11,0,25.816
1009,2023-09-12,26.08,2023,9,12,1,25.078
1010,2023-09-13,26.228,2023,9,13,2,26.08
1011,2023-09-14,26.573,2023,9,14,3,26.228
1012,2023-09-15,26.414,2023,9,15,4,26.573
1013,2023-09-16,26.532,2023,9,16,5,26.414
1014,2023-09-17,26.454,2023,9,17,6,26.532
1015,2023-09-18,26.771,2023,9,18,0,26.454
1016,2023-09-19,27.178,2023,9,19,1,26.771
1017,2023-09-20,27.095,2023,9,20,2,27.178
1018,2023-09-21,26.595,2023,9,21,3,27.095
1019,2023-09-22,26.53,2023,9,22,4,26.595
1020,2023-09-23,26.588,2023,9,23,5,26.53
1021,2023-09-24,26.503,2023,9,24,6,26.588
1022,2023-09-25,26.31,2023,9,25,0,26.503
1023,2023-09-26,26.157,2023,9,26,1,26.31
1024,2023-09-27,26.241,2023,9,27,2,26.157
1025,2023-09-28,27.085,2023,9,28,3,26.241
1026,2023-09-29,26.899,2023,9,29,4,27.085
1027,2023-09-30,27.064,2023,9,30,5,26.899
1028,2023-10-01,27.11,2023,10,1,6,27.064
1029,2023-10-02,27.831,2023,10,2,0,27.11
1030,2023-10-03,27.391,2023,10,3,1,27.831
1031,2023-10-04,27.659,2023,10,4,2,27.391
1032,2023-10-05,27.481,2023,10,5,3,27.659
1033,2023-10-06,27.987,2023,10,6,4,27.481
1034,2023-10-07,27.927,2023,10,7,5,27.987
1035,2023-10-08,27.915,2023,10,8,6,27.927
1036,2023-10-09,27.578,2023,10,9,0,27.915
1037,2023-10-10,27.395,2023,10,10,1,27.578
1038,2023-10-11,26.718,2023,10,11,2,27.395
1039,2023-10-12,26.734,2023,10,12,3,26.718
1040,2023-10-13,26.944,2023,10,13,4,26.734
1041,2023-10-14,26.839,2023,10,14,5,26.944
1042,2023-10-15,27.209,2023,10,15,6,26.839
1043,2023-10-16,28.344,2023,10,16,0,27.209
1044,2023-10-17,28.45,2023,10,17,1,28.344
1045,2023-10-18,28.256,2023,10,18,2,28.45
1046,2023-10-19,28.705,2023,10,19,3,28.256
1047,2023-10-20,29.582,2023,10,20,4,28.705
1048,2023-10-21,30.009,2023,10,21,5,29.582
1049,2023-10-22,29.848,2023,10,22,6,30.009
1050,2023-10-23,31.531,2023,10,23,0,29.848
1051,2023-10-24,33.665,2023,10,24,1,31.531
1052,2023-10-25,34.689,2023,10,25,2,33.665
1053,2023-10-26,34.188,2023,10,26,3,34.689
1054,2023-10-27,33.774,2023,10,27,4,34.188
1055,2023-10-28,34.07,2023,10,28,5,33.774
1056,2023-10-29,34.514,2023,10,29,6,34.07
1057,2023-10-30,34.437,2023,10,30,0,34.514
1058,2023-10-31,34.646,2023,10,31,1,34.437
1059,2023-11-01,35.302,2023,11,1,2,34.646
1060,2023-11-02,34.933,2023,11,2,3,35.302
1061,2023-11-03,34.61,2023,11,3,4,34.933
1062,2023-11-04,34.769,2023,11,4,5,34.61
1063,2023-11-05,35.051,2023,11,5,6,34.769
1064,2023-11-06,35.027,2023,11,6,0,35.051
1065,2023-11-07,35.624,2023,11,7,1,35.027
1066,2023-11-08,35.612,2023,11,8,2,35.624
1067,2023-11-09,36.551,2023,11,9,3,35.612
1068,2023-11-10,37.276,2023,11,10,4,36.551
1069,2023-11-11,37.037,2023,11,11,5,37.276
1070,2023-11-12,37.161,2023,11,12,6,37.037
1071,2023-11-13,36.788,2023,11,13,0,37.161
1072,2023-11-14,35.307,2023,11,14,1,36.788
1073,2023-11-15,37.529,2023,11,15,2,35.307
1074,2023-11-16,35.964,2023,11,16,3,37.529
1075,2023-11-17,36.517,2023,11,17,4,35.964
1076,2023-11-18,36.608,2023,11,18,5,36.517
1077,2023-11-19,36.936,2023,11,19,6,36.608
1078,2023-11-20,37.524,2023,11,20,0,36.936
1079,2023-11-21,36.94,2023,11,21,1,37.524
1080,2023-11-22,37.597,2023,11,22,2,36.94
1081,2023-11-23,37.302,2023,11,23,3,37.597
1082,2023-11-24,37.832,2023,11,24,4,37.302
1083,2023-11-25,37.826,2023,11,25,5,37.832
1084,2023-11-26,37.595,2023,11,26,6,37.826
1085,2023-11-27,36.827,2023,11,27,0,37.595
1086,2023-11-28,38.23,2023,11,28,1,36.827
1087,2023-11-29,37.684,2023,11,29,2,38.23
1088,2023-11-30,37.731,2023,11,30,3,37.684
1089,2023-12-01,38.783,2023,12,1,4,37.731
1090,2023-12-02,39.547,2023,12,2,5,38.783
1091,2023-12-03,39.579,2023,12,3,6,39.547
1092,2023-12-04,41.793,2023,12,4,0,39.579
1093,2023-12-05,43.766,2023,12,5,1,41.793
1094,2023-12-06,43.842,2023,12,6,2,43.766
1095,2023-12-07,43.223,2023,12,7,3,43.842
1096,2023-12-08,44.411,2023,12,8,4,43.223
1097,2023-12-09,44.004,2023,12,9,5,44.411
1098,2023-12-10,43.951,2023,12,10,6,44.004
1099,2023-12-11,40.789,2023,12,11,0,43.951
1100,2023-12-12,41.083,2023,12,12,1,40.789
1101,2023-12-13,42.692,2023,12,13,2,41.083
1102,2023-12-14,42.862,2023,12,14,3,42.692
1103,2023-12-15,42.251,2023,12,15,4,42.862
1104,2023-12-16,42.339,2023,12,16,5,42.251
1105,2023-12-17,42.129,2023,12,17,6,42.339
1106,2023-12-18,41.954,2023,12,18,0,42.129
1107,2023-12-19,42.242,2023,12,19,1,41.954
1108,2023-12-20,43.478,2023,12,20,2,42.242
1109,2023-12-21,43.753,2023,12,21,3,43.478
1110,2023-12-22,43.702,2023,12,22,4,43.753
1111,2023-12-23,43.713,2023,12,23,5,43.702
1112,2023-12-24,43.507,2023,12,24,6,43.713
1113,2023-12-25,43.418,2023,12,25,0,43.507
1114,2023-12-26,42.215,2023,12,26,1,43.418
1115,2023-12-27,43.499,2023,12,27,2,42.215
1116,2023-12-28,42.517,2023,12,28,3,43.499
1117,2023-12-29,42.014,2023,12,29,4,42.517
1118,2023-12-30,42.291,2023,12,30,5,42.014
1119,2023-12-31,42.548,2023,12,31,6,42.291
1120,2024-01-01,43.665,2024,1,1,0,42.548
1121,2024-01-02,44.819,2024,1,2,1,43.665
1122,2024-01-03,42.717,2024,1,3,2,44.819
1123,2024-01-04,44.141,2024,1,4,3,42.717
1124,2024-01-05,43.932,2024,1,5,4,44.141
1125,2024-01-06,43.827,2024,1,6,5,43.932
1126,2024-01-07,44.147,2024,1,7,6,43.827
1127,2024-01-08,46.772,2024,1,8,0,44.147
1128,2024-01-09,46.623,2024,1,9,1,46.772
1129,2024-01-10,46.134,2024,1,10,2,46.623
1130,2024-01-11,46.136,2024,1,11,3,46.134
1131,2024-01-12,43.71,2024,1,12,4,46.136
1132,2024-01-13,42.862,2024,1,13,5,43.71
1133,2024-01-14,42.503,2024,1,14,6,42.862
1134,2024-01-15,42.866,2024,1,15,0,42.503
1135,2024-01-16,43.141,2024,1,16,1,42.866
1136,2024-01-17,42.596,2024,1,17,2,43.141
1137,2024-01-18,40.968,2024,1,18,3,42.596
1138,2024-01-19,41.673,2024,1,19,4,40.968
1139,2024-01-20,41.744,2024,1,20,5,41.673
1140,2024-01-21,41.644,2024,1,21,6,41.744
1141,2024-01-22,40.148,2024,1,22,0,41.644
1142,2024-01-23,39.212,2024,1,23,1,40.148
1143,2024-01-24,39.646,2024,1,24,2,39.212
1144,2024-01-25,39.67,2024,1,25,3,39.646
1145,2024-01-26,41.994,2024,1,26,4,39.67
1146,2024-01-27,42.072,2024,1,27,5,41.994
1147,2024-01-28,41.964,2024,1,28,6,42.072
1148,2024-01-29,43.136,2024,1,29,0,41.964
1149,2024-01-30,43.615,2024,1,30,1,43.136
1150,2024-01-31,42.656,2024,1,31,2,43.615
1151,2024-02-01,42.997,2024,2,1,3,42.656
1152,2024-02-02,42.956,2024,2,2,4,42.997
1153,2024-02-03,43.069,2024,2,3,5,42.956
1154,2024-02-04,42.86,2024,2,4,6,43.069
1155,2024-02-05,42.405,2024,2,5,0,42.86
1156,2024-02-06,43.087,2024,2,6,1,42.405
1157,2024-02-07,44.085,2024,2,7,2,43.087
1158,2024-02-08,45.491,2024,2,8,3,44.085
1159,2024-02-09,47.489,2024,2,9,4,45.491
1160,2024-02-10,47.952,2024,2,10,5,47.489
1161,2024-02-11,48.035,2024,2,11,6,47.952
1162,2024-02-12,50.164,2024,2,12,0,48.035
1163,2024-02-13,49.385,2024,2,13,1,50.164
1164,2024-02-14,51.707,2024,2,14,2,49.385
1165,2024-02-15,51.718,2024,2,15,3,51.707
1166,2024-02-16,51.821,2024,2,16,4,51.718
1167,2024-02-17,51.509,2024,2,17,5,51.821
1168,2024-02-18,51.783,2024,2,18,6,51.509
1169,2024-02-19,51.799,2024,2,19,0,51.783
1170,2024-02-20,52.02,2024,2,20,1,51.799
1171,2024-02-21,50.901,2024,2,21,2,52.02
1172,2024-02-22,51.961,2024,2,22,3,50.901
1173,2024-02-23,51.096,2024,2,23,4,51.961
1174,2024-02-24,51.521,2024,2,24,5,51.096
1175,2024-02-25,51.751,2024,2,25,6,51.521
1176,2024-02-26,54.43,2024,2,26,0,51.751
1177,2024-02-27,56.771,2024,2,27,1,54.43
1178,2024-02-28,60.271,2024,2,28,2,56.771
1179,2024-02-29,62.07,2024,2,29,3,60.271
1180,2024-03-01,62.947,2024,3,1,4,62.07
1181,2024-03-02,61.873,2024,3,2,5,62.947
1182,2024-03-03,62.756,2024,3,3,6,61.873
1183,2024-03-04,67.641,2024,3,4,0,62.756
1184,2024-03-05,62.017,2024,3,5,1,67.641
1185,2024-03-06,67.068,2024,3,6,2,62.017
1186,2024-03-07,67.507,2024,3,7,3,67.068
1187,2024-03-08,69.008,2024,3,8,4,67.507
1188,2024-03-09,68.327,2024,3,9,5,69.008
1189,2024-03-10,69.317,2024,3,10,6,68.327
1190,2024-03-11,72.072,2024,3,11,0,69.317
1191,2024-03-12,71.021,2024,3,12,1,72.072
1192,2024-03-13,73.148,2024,3,13,2,71.021
1193,2024-03-14,70.75,2024,3,14,3,73.148
1194,2024-03-15,67.84,2024,3,15,4,70.75
1195,2024-03-16,67.258,2024,3,16,5,67.84
1196,2024-03-17,68.27,2024,3,17,6,67.258
1197,2024-03-18,67.336,2024,3,18,0,68.27
1198,2024-03-19,63.781,2024,3,19,1,67.336
1199,2024-03-20,67.071,2024,3,20,2,63.781
1200,2024-03-21,65.441,2024,3,21,3,67.071
1201,2024-03-22,63.447,2024,3,22,4,65.441
1202,2024-03-23,65.01,2024,3,23,5,63.447
1203,2024-03-24,66.122,2024,3,24,6,65.01
1204,2024-03-25,70.9,2024,3,25,0,66.122
1205,2024-03-26,69.8,2024,3,26,1,70.9
1206,2024-03-27,68.86,2024,3,27,2,69.8
1207,2024-03-28,70.707,2024,3,28,3,68.86
1208,2024-03-29,69.607,2024,3,29,4,70.707
1209,2024-03-30,69.822,2024,3,30,5,69.607
1210,2024-03-31,70.837,2024,3,31,6,69.822
1211,2024-04-01,69.73,2024,4,1,0,70.837
1212,2024-04-02,65.675,2024,4,2,1,69.73
1213,2024-04-03,65.732,2024,4,3,2,65.675
1214,2024-04-04,67.944,2024,4,4,3,65.732
1215,2024-04-05,67.665,2024,4,5,4,67.944
1216,2024-04-06,68.386,2024,4,6,5,67.665
1217,2024-04-07,69.316,2024,4,7,6,68.386
1218,2024-04-08,71.695,2024,4,8,0,69.316
1219,2024-04-09,69.124,2024,4,9,1,71.695
1220,2024-04-10,69.788,2024,4,10,2,69.124
1221,2024-04-11,70.499,2024,4,11,3,69.788
1222,2024-04-12,67.084,2024,4,12,4,70.499
1223,2024-04-13,61.936,2024,4,13,5,67.084
1224,2024-04-14,63.863,2024,4,14,6,61.936
1225,2024-04-15,63.148,2024,4,15,0,63.863
1226,2024-04-16,63.024,2024,4,16,1,63.148
1227,2024-04-17,60.841,2024,4,17,2,63.024
1228,2024-04-18,63.477,2024,4,18,3,60.841
1229,2024-04-19,63.97,2024,4,19,4,63.477
1230,2024-04-20,64.708,2024,4,20,5,63.97
1231,2024-04-21,64.649,2024,4,21,6,64.708
1232,2024-04-22,66.51,2024,4,22,0,64.649
1233,2024-04-23,66.274,2024,4,23,1,66.51
1234,2024-04-24,64.111,2024,4,24,2,66.274
1235,2024-04-25,64.843,2024,4,25,3,64.111
1236,2024-04-26,63.935,2024,4,26,4,64.843
1237,2024-04-27,63.267,2024,4,27,5,63.935
1238,2024-04-28,63.686,2024,4,28,6,63.267
1239,2024-04-29,62.975,2024,4,29,0,63.686
1240,2024-04-30,59.929,2024,4,30,1,62.975
1241,2024-05-01,57.416,2024,5,1,2,59.929
1242,2024-05-02,58.746,2024,5,2,3,57.416
1243,2024-05-03,62.849,2024,5,3,4,58.746
1244,2024-05-04,63.89,2024,5,4,5,62.849
1245,2024-05-05,63.742,2024,5,5,6,63.89
1246,2024-05-06,63.335,2024,5,6,0,63.742
1247,2024-05-07,62.98,2024,5,7,1,63.335
1248,2024-05-08,61.583,2024,5,8,2,62.98
1249,2024-05-09,62.635,2024,5,9,3,61.583
1250,2024-05-10,60.478,2024,5,10,4,62.635
1251,2024-05-11,61.008,2024,5,11,5,60.478
1252,2024-05-12,61.289,2024,5,12,6,61.008
1253,2024-05-13,63.092,2024,5,13,0,61.289
1254,2024-05-14,61.576,2024,5,14,1,63.092
1255,2024-05-15,65.882,2024,5,15,2,61.576
1256,2024-05-16,65.256,2024,5,16,3,65.882
1257,2024-05-17,66.928,2024,5,17,4,65.256
1258,2024-05-18,66.964,2024,5,18,5,66.928
1259,2024-05-19,66.15,2024,5,19,6,66.964
1260,2024-05-20,69.442,2024,5,20,0,66.15
1261,2024-05-21,69.718,2024,5,21,1,69.442
1262,2024-05-22,69.442,2024,5,22,2,69.718
1263,2024-05-23,67.861,2024,5,23,3,69.442
1264,2024-05-24,68.927,2024,5,24,4,67.861
1265,2024-05-25,69.13,2024,5,25,5,68.927
1266,2024-05-26,68.721,2024,5,26,6,69.13
1267,2024-05-27,69.645,2024,5,27,0,68.721
1268,2024-05-28,68.3,2024,5,28,1,69.645
1269,2024-05-29,67.46,2024,5,29,2,68.3
1270,2024-05-30,68.439,2024,5,30,3,67.46
1271,2024-05-31,67.703,2024,5,31,4,68.439
1272,2024-06-01,67.797,2024,6,1,5,67.703
1273,2024-06-02,67.831,2024,6,2,6,67.797
1274,2024-06-03,69.114,2024,6,3,0,67.831
1275,2024-06-04,70.424,2024,6,4,1,69.114
1276,2024-06-05,71.2,2024,6,5,2,70.424
1277,2024-06-06,70.742,2024,6,6,3,71.2
1278,2024-06-07,69.308,2024,6,7,4,70.742
1279,2024-06-08,69.373,2024,6,8,5,69.308
1280,2024-06-09,69.687,2024,6,9,6,69.373
1281,2024-06-10,69.646,2024,6,10,0,69.687
1282,2024-06-11,67.233,2024,6,11,1,69.646
1283,2024-06-12,68.108,2024,6,12,2,67.233
1284,2024-06-13,66.682,2024,6,13,3,68.108
1285,2024-06-14,65.74,2024,6,14,4,66.682
1286,2024-06-15,66.048,2024,6,15,5,65.74
1287,2024-06-16,66.518,2024,6,16,6,66.048
1288,2024-06-17,66.465,2024,6,17,0,66.518
1289,2024-06-18,65.017,2024,6,18,1,66.465
1290,2024-06-19,64.873,2024,6,19,2,65.017
1291,2024-06-20,65.083,2024,6,20,3,64.873
1292,2024-06-21,64.151,2024,6,21,4,65.083
1293,2024-06-22,64.284,2024,6,22,5,64.151
1294,2024-06-23,63.73,2024,6,23,6,64.284
1295,2024-06-24,59.516,2024,6,24,0,63.73
1296,2024-06-25,61.911,2024,6,25,1,59.516
1297,2024-06-26,60.984,2024,6,26,2,61.911
1298,2024-06-27,61.493,2024,6,27,3,60.984
1299,2024-06-28,60.256,2024,6,28,4,61.493
1300,2024-06-29,61.041,2024,6,29,5,60.256
1301,2024-06-30,61.994,2024,6,30,6,61.041
1302,2024-07-01,63.308,2024,7,1,0,61.994
1303,2024-07-02,62.03,2024,7,2,1,63.308
1304,2024-07-03,59.594,2024,7,3,2,62.03
1305,2024-07-04,58.339,2024,7,4,3,59.594
1306,2024-07-05,56.344,2024,7,5,4,58.339
1307,2024-07-06,57.984,2024,7,6,5,56.344
1308,2024-07-07,57.292,2024,7,7,6,57.984
1309,2024-07-08,56.254,2024,7,8,0,57.292
1310,2024-07-09,57.9,2024,7,9,1,56.254
1311,2024-07-10,57.357,2024,7,10,2,57.9
1312,2024-07-11,57.524,2024,7,11,3,57.357
1313,2024-07-12,57.588,2024,7,12,4,57.524
1314,2024-07-13,58.598,2024,7,13,5,57.588
1315,2024-07-14,60.102,2024,7,14,6,58.598
1316,2024-07-15,63.769,2024,7,15,0,60.102
1317,2024-07-16,64.626,2024,7,16,1,63.769
1318,2024-07-17,64.53,2024,7,17,2,64.626
1319,2024-07-18,63.813,2024,7,18,3,64.53
1320,2024-07-19,66.932,2024,7,19,4,63.813
1321,2024-07-20,67.35,2024,7,20,5,66.932
1322,2024-07-21,67.791,2024,7,21,6,67.35
1323,2024-07-22,68.116,2024,7,22,0,67.791
1324,2024-07-23,65.892,2024,7,23,1,68.116
1325,2024-07-24,66.064,2024,7,24,2,65.892
1326,2024-07-25,65.148,2024,7,25,3,66.064
1327,2024-07-26,67.432,2024,7,26,4,65.148
1328,2024-07-27,67.857,2024,7,27,5,67.432
1329,2024-07-28,68.008,2024,7,28,6,67.857
1330,2024-07-29,67.381,2024,7,29,0,68.008
1331,2024-07-30,66.156,2024,7,30,1,67.381
1332,2024-07-31,64.622,2024,7,31,2,66.156
1333,2024-08-01,64.713,2024,8,1,3,64.622
1334,2024-08-02,62.651,2024,8,2,4,64.713
1335,2024-08-03,60.358,2024,8,3,5,62.651
1336,2024-08-04,59.14,2024,8,4,6,60.358
1337,2024-08-05,54.161,2024,8,5,0,59.14
1338,2024-08-06,56.546,2024,8,6,1,54.161
1339,2024-08-07,54.988,2024,8,7,2,56.546
1340,2024-08-08,59.556,2024,8,8,3,54.988
1341,2024-08-09,60.734,2024,8,9,4,59.556
1342,2024-08-10,60.996,2024,8,10,5,60.734
1343,2024-08-11,58.534,2024,8,11,6,60.996
1344,2024-08-12,58.847,2024,8,12,0,58.534
1345,2024-08-13,60.569,2024,8,13,1,58.847
1346,2024-08-14,59.117,2024,8,14,2,60.569
1347,2024-08-15,56.373,2024,8,15,3,59.117
1348,2024-08-16,59.255,2024,8,16,4,56.373
1349,2024-08-17,59.397,2024,8,17,5,59.255
1350,2024-08-18,59.815,2024,8,18,6,59.397
1351,2024-08-19,59.096,2024,8,19,0,59.815
1352,2024-08-20,59.322,2024,8,20,1,59.096
1353,2024-08-21,61.183,2024,8,21,2,59.322
1354,2024-08-22,60.684,2024,8,22,3,61.183
1355,2024-08-23,63.64,2024,8,23,4,60.684
1356,2024-08-24,64.146,2024,8,24,5,63.64
1357,2024-08-25,64.22,2024,8,25,6,64.146
1358,2024-08-26,63.409,2024,8,26,0,64.22
1359,2024-08-27,61.865,2024,8,27,1,63.409
1360,2024-08-28,59.398,2024,8,28,2,61.865
1361,2024-08-29,59.486,2024,8,29,3,59.398
1362,2024-08-30,58.974,2024,8,30,4,59.486
1363,2024-08-31,58.935,2024,8,31,5,58.974
1364,2024-09-01,58.427,2024,9,1,6,58.935
1365,2024-09-02,58.973,2024,9,2,0,58.427
1366,2024-09-03,58.196,2024,9,3,1,58.973
1367,2024-09-04,58.092,2024,9,4,2,58.196
1368,2024-09-05,56.113,2024,9,5,3,58.092
1369,2024-09-06,52.867,2024,9,6,4,56.113
1370,2024-09-07,54.185,2024,9,7,5,52.867
1371,2024-09-08,54.384,2024,9,8,6,54.185
1372,2024-09-09,56.976,2024,9,9,0,54.384
1373,2024-09-10,57.591,2024,9,10,1,56.976
1374,2024-09-11,57.494,2024,9,11,2,57.591
1375,2024-09-12,58.182,2024,9,12,3,57.494
1376,2024-09-13,59.874,2024,9,13,4,58.182
1377,2024-09-14,60.04,2024,9,14,5,59.874
1378,2024-09-15,59.816,2024,9,15,6,60.04
1379,2024-09-16,57.718,2024,9,16,0,59.816
1380,2024-09-17,60.154,2024,9,17,1,57.718
1381,2024-09-18,60.208,2024,9,18,2,60.154
1382,2024-09-19,63.084,2024,9,19,3,60.208
1383,2024-09-20,62.833,2024,9,20,4,63.084
1384,2024-09-21,63.14,2024,9,21,5,62.833
1385,2024-09-22,63.164,2024,9,22,6,63.14
1386,2024-09-23,63.318,2024,9,23,0,63.164
1387,2024-09-24,64.204,2024,9,24,1,63.318
1388,2024-09-25,63.509,2024,9,25,2,64.204
1389,2024-09-26,64.701,2024,9,26,3,63.509
1390,2024-09-27,65.81,2024,9,27,4,64.701
1391,2024-09-28,65.646,2024,9,28,5,65.81
1392,2024-09-29,65.804,2024,9,29,6,65.646
1393,2024-09-30,63.784,2024,9,30,0,65.804
1394,2024-10-01,60.804,2024,10,1,1,63.784
1395,2024-10-02,60.96,2024,10,2,2,60.804
1396,2024-10-03,60.74,2024,10,3,3,60.96
1397,2024-10-04,62.464,2024,10,4,4,60.74
1398,2024-10-05,61.722,2024,10,5,5,62.464
1399,2024-10-06,62.59,2024,10,6,6,61.722
1400,2024-10-07,62.986,2024,10,7,0,62.59
1401,2024-10-08,62.388,2024,10,8,1,62.986
1402,2024-10-09,60.488,2024,10,9,2,62.388
1403,2024-10-10,59.721,2024,10,10,3,60.488
1404,2024-10-11,63.04,2024,10,11,4,59.721
1405,2024-10-12,63.072,2024,10,12,5,63.04
1406,2024-10-13,62.75,2024,10,13,6,63.072
1407,2024-10-14,65.926,2024,10,14,0,62.75
1408,2024-10-15,66.564,2024,10,15,1,65.926
1409,2024-10-16,67.688,2024,10,16,2,66.564
1410,2024-10-17,66.978,2024,10,17,3,67.688
1411,2024-10-18,68.4,2024,10,18,4,66.978
1412,2024-10-19,68.245,2024,10,19,5,68.4
1413,2024-10-20,68.772,2024,10,20,6,68.245
1414,2024-10-21,67.732,2024,10,21,0,68.772
1415,2024-10-22,67.548,2024,10,22,1,67.732
1416,2024-10-23,66.679,2024,10,23,2,67.548
1417,2024-10-24,68.193,2024,10,24,3,66.679
1418,2024-10-25,66.872,2024,10,25,4,68.193
1419,2024-10-26,67.264,2024,10,26,5,66.872
1420,2024-10-27,67.762,2024,10,27,6,67.264
1421,2024-10-28,69.579,2024,10,28,0,67.762
1422,2024-10-29,72.331,2024,10,29,1,69.579
1423,2024-10-30,72.818,2024,10,30,2,72.331
1424,2024-10-31,69.93,2024,10,31,3,72.818
1425,2024-11-01,69.299,2024,11,1,4,69.93
1426,2024-11-02,69.518,2024,11,2,5,69.299
1427,2024-11-03,68.929,2024,11,3,6,69.518
1428,2024-11-04,67.36,2024,11,4,0,68.929
1429,2024-11-05,69.46,2024,11,5,1,67.36
1430,2024-11-06,76.238,2024,11,6,2,69.46
1431,2024-11-07,76.464,2024,11,7,3,76.238
1432,2024-11-08,76.702,2024,11,8,4,76.464
1433,2024-11-09,76.299,2024,11,9,5,76.702
1434,2024-11-10,79.104,2024,11,10,6,76.299
1435,2024-11-11,87.022,2024,11,11,0,79.104
1436,2024-11-12,89.578,2024,11,12,1,87.022
1437,2024-11-13,89.66,2024,11,13,2,89.578
1438,2024-11-14,87.786,2024,11,14,3,89.66
1439,2024-11-15,91.256,2024,11,15,4,87.786
1440,2024-11-16,90.74,2024,11,16,5,91.256
1441,2024-11-17,89.633,2024,11,17,6,90.74
1442,2024-11-18,91.313,2024,11,18,0,89.633
1443,2024-11-19,92.514,2024,11,19,1,91.313
1444,2024-11-20,94.196,2024,11,20,2,92.514
1445,2024-11-21,98.259,2024,11,21,3,94.196
1446,2024-11-22,99.282,2024,11,22,4,98.259
1447,2024-11-23,97.67,2024,11,23,5,99.282
1448,2024-11-24,96.827,2024,11,24,6,97.67
1449,2024-11-25,94.796,2024,11,25,0,96.827
1450,2024-11-26,91.293,2024,11,26,1,94.796
1451,2024-11-27,96.323,2024,11,27,2,91.293
1452,2024-11-28,94.802,2024,11,28,3,96.323
1453,2024-11-29,97.302,2024,11,29,4,94.802
1454,2024-11-30,96.964,2024,11,30,5,97.302
1455,2024-12-01,97.083,2024,12,1,6,96.964
1456,2024-12-02,95.712,2024,12,2,0,97.083
1457,2024-12-03,95.614,2024,12,3,1,95.712
1458,2024-12-04,98.797,2024,12,4,2,95.614
1459,2024-12-05,99.208,2024,12,5,3,98.797
1460,2024-12-06,101.432,2024,12,6,4,99.208
1461,2024-12-07,100.276,2024,12,7,5,101.432
1462,2024-12-08,99.804,2024,12,8,6,100.276
1463,2024-12-09,96.3,2024,12,9,0,99.804
1464,2024-12-10,96.295,2024,12,10,1,96.3
1465,2024-12-11,101.164,2024,12,11,2,96.295
1466,2024-12-12,100.023,2024,12,12,3,101.164
1467,2024-12-13,101.735,2024,12,13,4,100.023
1468,2024-12-14,100.753,2024,12,14,5,101.735
1469,2024-12-15,103.167,2024,12,15,6,100.753
1470,2024-12-16,105.966,2024,12,16,0,103.167
1471,2024-12-17,106.699,2024,12,17,1,105.966
1472,2024-12-18,100.862,2024,12,18,2,106.699
1473,2024-12-19,96.619,2024,12,19,3,100.862
1474,2024-12-20,96.47,2024,12,20,4,96.619
1475,2024-12-21,97.494,2024,12,21,5,96.47
1476,2024-12-22,95.58,2024,12,22,6,97.494
1477,2024-12-23,93.447,2024,12,23,0,95.58
1478,2024-12-24,97.308,2024,12,24,1,93.447
1479,2024-12-25,99.171,2024,12,25,2,97.308
1480,2024-12-26,95.855,2024,12,26,3,99.171
1481,2024-12-27,94.496,2024,12,27,4,95.855
1482,2024-12-28,95.082,2024,12,28,5,94.496
1483,2024-12-29,93.86,2024,12,29,6,95.082
1484,2024-12-30,94.372,2024,12,30,0,93.86
1485,2024-12-31,93.492,2024,12,31,1,94.372
1486,2025-01-01,94.771,2025,1,1,2,93.492
1487,2025-01-02,97.378,2025,1,2,3,94.771
1488,2025-01-03,98.353,2025,1,3,4,97.378
1489,2025-01-04,98.599,2025,1,4,5,98.353
1490,2025-01-05,98.276,2025,1,5,6,98.599
1491,2025-01-06,102.19,2025,1,6,0,98.276
1492,2025-01-07,96.493,2025,1,7,1,102.19
1493,2025-01-08,93.948,2025,1,8,2,96.493
1494,2025-01-09,91.871,2025,1,9,3,93.948
1495,2025-01-10,94.748,2025,1,10,4,91.871
1496,2025-01-11,94.591,2025,1,11,5,94.748
1497,2025-01-12,94.688,2025,1,12,6,94.591
1498,2025-01-13,93.617,2025,1,13,0,94.688
1499,2025-01-14,96.452,2025,1,14,1,93.617
1500,2025-01-15,99.609,2025,1,15,2,96.452
1501,2025-01-16,100.56,2025,1,16,3,99.609
1502,2025-01-17,104.752,2025,1,17,4,100.56
1503,2025-01-18,104.035,2025,1,18,5,104.752
1504,2025-01-19,106.253,2025,1,19,6,104.035
1505,2025-01-20,103.678,2025,1,20,0,106.253
1506,2025-01-21,106.276,2025,1,21,1,103.678
1507,2025-01-22,104.278,2025,1,22,2,106.276
1508,2025-01-23,103.555,2025,1,23,3,104.278
1509,2025-01-24,105.34,2025,1,24,4,103.555
1510,2025-01-25,104.976,2025,1,25,5,105.34
1511,2025-01-26,104.935,2025,1,26,6,104.976
1512,2025-01-27,101.472,2025,1,27,0,104.935
1513,2025-01-28,101.233,2025,1,28,1,101.472
1514,2025-01-29,104.482,2025,1,29,2,101.233
1515,2025-01-30,105.109,2025,1,30,3,104.482
1516,2025-01-31,101.663,2025,1,31,4,105.109
1517,2025-02-01,101.335,2025,2,1,5,101.663
1518,2025-02-02,97.807,2025,2,2,6,101.335
1519,2025-02-03,101.08,2025,2,3,0,97.807
1520,2025-02-04,98.695,2025,2,4,1,101.08
1521,2025-02-05,97.403,2025,2,5,2,98.695
1522,2025-02-06,96.844,2025,2,6,3,97.403
1523,2025-02-07,95.736,2025,2,7,4,96.844
1524,2025-02-08,96.456,2025,2,8,5,95.736
1525,2025-02-09,96.291,2025,2,9,6,96.456
1526,2025-02-10,97.316,2025,2,10,0,96.291
1527,2025-02-11,95.242,2025,2,11,1,97.316
1528,2025-02-12,97.004,2025,2,12,2,95.242
1529,2025-02-13,96.216,2025,2,13,3,97.004
1530,2025-02-14,97.205,2025,2,14,4,96.216
1531,2025-02-15,97.522,2025,2,15,5,97.205
1532,2025-02-16,96.918,2025,2,16,6,97.522
1533,2025-02-17,96.012,2025,2,17,0,96.918
1534,2025-02-18,94.161,2025,2,18,1,96.012
1535,2025-02-19,96.19,2025,2,19,2,94.161
1536,2025-02-20,98.392,2025,2,20,3,96.19
1537,2025-02-21,95.045,2025,2,21,4,98.392
1538,2025-02-22,96.6,2025,2,22,5,95.045
1539,2025-02-23,95.778,2025,2,23,6,96.6
1540,2025-02-24,94.04,2025,2,24,0,95.778
1541,2025-02-25,88.043,2025,2,25,1,94.04
1542,2025-02-26,84.468,2025,2,26,2,88.043
1543,2025-02-27,83.635,2025,2,27,3,84.468
1544,2025-02-28,84.349,2025,2,28,4,83.635
1545,2025-03-01,85.505,2025,3,1,5,84.349
1546,2025-03-02,94.376,2025,3,2,6,85.505
1547,2025-03-03,85.919,2025,3,3,0,94.376
1548,2025-03-04,87.257,2025,3,4,1,85.919
1549,2025-03-05,90.466,2025,3,5,2,87.257
1550,2025-03-06,89.114,2025,3,6,3,90.466
1551,2025-03-07,87.214,2025,3,7,4,89.114
1552,2025-03-08,86.292,2025,3,8,5,87.214
1553,2025-03-09,83.053,2025,3,9,6,86.292
1554,2025-03-10,79.338,2025,3,10,0,83.053
1555,2025-03-11,82.861,2025,3,11,1,79.338
1556,2025-03-12,83.142,2025,3,12,2,82.861
1557,2025-03-13,80.351,2025,3,13,3,83.142
1558,2025-03-14,84.156,2025,3,14,4,80.351
1559,2025-03-15,84.374,2025,3,15,5,84.156
1560,2025-03-16,83.108,2025,3,16,6,84.374
1561,2025-03-17,83.882,2025,3,17,0,83.108
1562,2025-03-18,82.027,2025,3,18,1,83.882
1563,2025-03-19,85.346,2025,3,19,2,82.027
1564,2025-03-20,84.546,2025,3,20,3,85.346
1565,2025-03-21,84.201,2025,3,21,4,84.546
1566,2025-03-22,83.98,2025,3,22,5,84.201
1567,2025-03-23,85.12,2025,3,23,6,83.98
1568,2025-03-24,87.862,2025,3,24,0,85.12
1569,2025-03-25,87.826,2025,3,25,1,87.862
1570,2025-03-26,87.16,2025,3,26,2,87.826
1571,2025-03-27,87.308,2025,3,27,3,87.16
1572,2025-03-28,83.81,2025,3,28,4,87.308
1573,2025-03-29,82.497,2025,3,29,5,83.81
1574,2025-03-30,82.529,2025,3,30,6,82.497
1575,2025-03-31,82.444,2025,3,31,0,82.529
1576,2025-04-01,85.251,2025,4,1,1,82.444
1577,2025-04-02,85.617,2025,4,2,2,85.251
1578,2025-04-03,82.298,2025,4,3,3,85.617
1579,2025-04-04,84.164,2025,4,4,4,82.298
1580,2025-04-05,83.072,2025,4,5,5,84.164
1581,2025-04-06,78.844,2025,4,6,6,83.072
1582,2025-04-07,78.957,2025,4,7,0,78.844
1583,2025-04-08,77.078,2025,4,8,1,78.957
1584,2025-04-09,83.174,2025,4,9,2,77.078
1585,2025-04-10,79.868,2025,4,10,3,83.174
1586,2025-04-11,83.884,2025,4,11,4,79.868
1587,2025-04-12,85.497,2025,4,12,5,83.884
1588,2025-04-13,83.471,2025,4,13,6,85.497
1589,2025-04-14,84.936,2025,4,14,0,83.471
1590,2025-04-15,83.994,2025,4,15,1,84.936
1591,2025-04-16,84.268,2025,4,16,2,83.994
1592,2025-04-17,85.124,2025,4,17,3,84.268
1593,2025-04-18,84.487,2025,4,18,4,85.124
1594,2025-04-19,85.23,2025,4,19,5,84.487
1595,2025-04-20,85.076,2025,4,20,6,85.23
1596,2025-04-21,87.284,2025,4,21,0,85.076
1597,2025-04-22,91.112,2025,4,22,1,87.284
1598,2025-04-23,93.68,2025,4,23,2,91.112
1599,2025-04-24,93.44,2025,4,24,3,93.68
1600,2025-04-25,94.887,2025,4,25,4,93.44
1601,2025-04-26,94.122,2025,4,26,5,94.887
1602,2025-04-27,94.261,2025,4,27,6,94.122
1603,2025-04-28,94.486,2025,4,28,0,94.261
1604,2025-04-29,94.839,2025,4,29,1,94.486
1605,2025-04-30,94.596,2025,4,30,2,94.839
1606,2025-05-01,96.418,2025,5,1,3,94.596
1607,2025-05-02,97.024,2025,5,2,4,96.418
1608,2025-05-03,96.323,2025,5,3,5,97.024
1609,2025-05-04,95.695,2025,5,4,6,96.323
1610,2025-05-05,94.255,2025,5,5,0,95.695
1611,2025-05-06,94.674,2025,5,6,1,94.255
1612,2025-05-07,96.75,2025,5,7,2,94.674
1613,2025-05-08,102.627,2025,5,8,3,96.75
1614,2025-05-09,103.19,2025,5,9,4,102.627
1615,2025-05-10,103.174,2025,5,10,5,103.19
1616,2025-05-11,104.27,2025,5,11,6,103.174
1617,2025-05-12,102.714,2025,5,12,0,104.27
1618,2025-05-13,104.571,2025,5,13,1,102.714
1619,2025-05-14,103.556,2025,5,14,2,104.571
1620,2025-05-15,103.444,2025,5,15,3,103.556
1621,2025-05-16,103.726,2025,5,16,4,103.444
1622,2025-05-17,103.396,2025,5,17,5,103.726
1623,2025-05-18,104.134,2025,5,18,6,103.396
1624,2025-05-19,105.452,2025,5,19,0,104.134
1625,2025-05-20,106.897,2025,5,20,1,105.452
1626,2025-05-21,108.167,2025,5,21,2,106.897
1627,2025-05-22,111.06,2025,5,22,3,108.167
1628,2025-05-23,108.26,2025,5,23,4,111.06
1629,2025-05-24,108.864,2025,5,24,5,108.26
1630,2025-05-25,107.667,2025,5,25,6,108.864
1631,2025-05-26,109.528,2025,5,26,0,107.667
1632,2025-05-27,109.565,2025,5,27,1,109.528
1633,2025-05-28,107.312,2025,5,28,2,109.565
1634,2025-05-29,106.154,2025,5,29,3,107.312
1635,2025-05-30,104.541,2025,5,30,4,106.154
1636,2025-05-31,104.782,2025,5,31,5,104.541
1637,2025-06-01,104.949,2025,6,1,6,104.782
1638,2025-06-02,104.859,2025,6,2,0,104.949
1639,2025-06-03,105.751,2025,6,3,1,104.859
1640,2025-06-04,104.566,2025,6,4,2,105.751
1641,2025-06-05,100.463,2025,6,5,3,104.566
1642,2025-06-06,104.478,2025,6,6,4,100.463
1643,2025-06-07,105.837,2025,6,7,5,104.478
1644,2025-06-08,106.148,2025,6,8,6,105.837
1645,2025-06-09,108.68,2025,6,9,0,106.148
1646,2025-06-10,109.972,2025,6,10,1,108.68
1647,2025-06-11,108.901,2025,6,11,2,109.972
1648,2025-06-12,105.922,2025,6,12,3,108.901
1649,2025-06-13,105.408,2025,6,13,4,105.922
1650,2025-06-14,104.894,2025,6,14,5,105.408
1651,2025-06-15,104.691,2025,6,15,6,104.894
1652,2025-06-16,108.762,2025,6,16,0,104.691
1653,2025-06-17,104.384,2025,6,17,1,108.762
1654,2025-06-18,104.797,2025,6,18,2,104.384
1655,2025-06-19,104.268,2025,6,19,3,104.797
1656,2025-06-20,103.677,2025,6,20,4,104.268
1657,2025-06-21,102.82,2025,6,21,5,103.677
1658,2025-06-22,99.536,2025,6,22,6,102.82
1659,2025-06-23,103.755,2025,6,23,0,99.536
1660,2025-06-24,106.076,2025,6,24,1,103.755
1661,2025-06-25,107.767,2025,6,25,2,106.076
1662,2025-06-26,107.755,2025,6,26,3,107.767
1663,2025-06-27,107.105,2025,6,27,4,107.755
1664,2025-06-28,107.204,2025,6,28,5,107.105
1665,2025-06-29,107.4,2025,6,29,6,107.204
1666,2025-06-30,107.551,2025,6,30,0,107.4
1667,2025-07-01,105.941,2025,7,1,1,107.551
1668,2025-07-02,109.156,2025,7,2,2,105.941
1669,2025-07-03,109.88,2025,7,3,3,109.156
1670,2025-07-04,107.73,2025,7,4,4,109.88
1671,2025-07-05,108.097,2025,7,5,5,107.73
1672,2025-07-06,108.675,2025,7,6,6,108.097
1673,2025-07-07,107.887,2025,7,7,0,108.675
1674,2025-07-08,108.676,2025,7,8,1,107.887
1675,2025-07-09,110.661,2025,7,9,2,108.676
1676,2025-07-10,113.55,2025,7,10,3,110.661
1677,2025-07-11,117.659,2025,7,11,4,113.55
1678,2025-07-12,117.085,2025,7,12,5,117.659
1679,2025-07-13,119.116,2025,7,13,6,117.085
1680,2025-07-14,120.327,2025,7,14,0,119.116
1681,2025-07-15,116.546,2025,7,15,1,120.327
1682,2025-07-16,119.857,2025,7,16,2,116.546
1683,2025-07-17,119.182,2025,7,17,3,119.857
1684,2025-07-18,117.475,2025,7,18,4,119.182
1685,2025-07-19,117.833,2025,7,19,5,117.475
1686,2025-07-20,118.088,2025,7,20,6,117.833
1687,2025-07-21,116.94,2025,7,21,0,118.088
1688,2025-07-22,119.77,2025,7,22,1,116.94
1689,2025-07-23,117.931,2025,7,23,2,119.77
1690,2025-07-24,118.762,2025,7,24,3,117.931
1691,2025-07-25,117.026,2025,7,25,4,118.762
1692,2025-07-26,117.989,2025,7,26,5,117.026
1693,2025-07-27,118.737,2025,7,27,6,117.989
1694,2025-07-28,118.027,2025,7,28,0,118.737
1695,2025-07-29,117.382,2025,7,29,1,118.027
1696,2025-07-30,117.063,2025,7,30,2,117.382
1697,2025-07-31,116.514,2025,7,31,3,117.063
1698,2025-08-01,113.857,2025,8,1,4,116.514
1699,2025-08-02,112.66,2025,8,2,5,113.857
1700,2025-08-03,114.432,2025,8,3,6,112.66
1701,2025-08-04,114.886,2025,8,4,0,114.432
1702,2025-08-05,113.633,2025,8,5,1,114.886
1703,2025-08-06,115.085,2025,8,6,2,113.633
1704,2025-08-07,117.181,2025,8,7,3,115.085
1705,2025-08-08,116.87,2025,8,8,4,117.181
1706,2025-08-09,116.773,2025,8,9,5,116.87
1707,2025-08-10,118.386,2025,8,10,6,116.773
1708,2025-08-11,118.88,2025,8,11,0,118.386
1709,2025-08-12,120.159,2025,8,12,1,118.88
1710,2025-08-13,122.973,2025,8,13,2,120.159
1711,2025-08-14,117.828,2025,8,14,3,122.973
1712,2025-08-15,117.292,2025,8,15,4,117.828
1713,2025-08-16,117.64,2025,8,16,5,117.292
1714,2025-08-17,117.61,2025,8,17,6,117.64
1715,2025-08-18,116.366,2025,8,18,0,117.61
1716,2025-08-19,113.549,2025,8,19,1,116.366
1717,2025-08-20,114.375,2025,8,20,2,113.549
1718,2025-08-21,112.592,2025,8,21,3,114.375
1719,2025-08-22,116.993,2025,8,22,4,112.592
1720,2025-08-23,115.314,2025,8,23,5,116.993
1721,2025-08-24,112.699,2025,8,24,6,115.314
1722,2025-08-25,109.684,2025,8,25,0,112.699
1723,2025-08-26,111.336,2025,8,26,1,109.684
1724,2025-08-27,112.393,2025,8,27,2,111.336
1725,2025-08-28,111.92,2025,8,28,3,112.393
1726,2025-08-29,107.782,2025,8,29,4,111.92
1727,2025-08-30,108.629,2025,8,30,5,107.782
1728,2025-08-31,109.106,2025,8,31,6,108.629
1729,2025-09-01,108.753,2025,9,1,0,109.106
1730,2025-09-02,111.393,2025,9,2,1,108.753
1731,2025-09-03,112.186,2025,9,3,2,111.393
1732,2025-09-04,110.353,2025,9,4,3,112.186
1733,2025-09-05,111.578,2025,9,5,4,110.353
1734,2025-09-06,110.152,2025,9,6,5,111.578
1735,2025-09-07,111.278,2025,9,7,6,110.152
1736,2025-09-08,112.008,2025,9,8,0,111.278
1737,2025-09-09,111.499,2025,9,9,1,112.008
1738,2025-09-10,113.617,2025,9,10,2,111.499
1739,2025-09-11,114.42,2025,9,11,3,113.617
1740,2025-09-12,116.14,2025,9,12,4,114.42
1741,2025-09-13,115.919,2025,9,13,5,116.14
1742,2025-09-14,115.802,2025,9,14,6,115.919
1743,2025-09-15,115.299,2025,9,15,0,115.802
1744,2025-09-16,116.866,2025,9,16,1,115.299
1745,2025-09-17,115.582,2025,9,17,2,116.866
1746,2025-09-18,117.55,2025,9,18,3,115.582
1747,2025-09-19,115.286,2025,9,19,4,117.55
1748,2025-09-20,115.775,2025,9,20,5,115.286
1749,2025-09-21,115.361,2025,9,21,6,115.775
1750,2025-09-22,112.86,2025,9,22,0,115.361
1751,2025-09-23,111.977,2025,9,23,1,112.86
1752,2025-09-24,113.589,2025,9,24,2,111.977
1753,2025-09-25,109.095,2025,9,25,3,113.589
1754,2025-09-26,109.31,2025,9,26,4,109.095
1755,2025-09-27,109.39,2025,9,27,5,109.31
1756,2025-09-28,110.839,2025,9,28,6,109.39
1757,2025-09-29,114.25,2025,9,29,0,110.839
1758,2025-09-30,114.615,2025,9,30,1,114.25
1759,2025-10-01,117.473,2025,10,1,2,114.615
1760,2025-10-02,120.609,2025,10,2,3,117.473
1761,2025-10-03,122.49,2025,10,3,4,120.609
1762,2025-10-04,121.917,2025,10,4,5,122.49
1763,2025-10-05,122.81,2025,10,5,6,121.917
1764,2025-10-06,125.233,2025,10,6,0,122.81
1765,2025-10-07,121.999,2025,10,7,1,125.233
1766,2025-10-08,123.12,2025,10,8,2,121.999
1767,2025-10-09,121.095,2025,10,9,3,123.12
1768,2025-10-10,114.251,2025,10,10,4,121.095
1769,2025-10-11,110.314,2025,10,11,5,114.251
1770,2025-10-12,114.99,2025,10,12,6,110.314
1771,2025-10-13,115.527,2025,10,13,0,114.99
1772,2025-10-14,112.932,2025,10,14,1,115.527
1773,2025-10-15,111.118,2025,10,15,2,112.932
1774,2025-10-16,107.652,2025,10,16,3,111.118
1775,2025-10-17,107.034,2025,10,17,4,107.652
1776,2025-10-18,107.06,2025,10,18,5,107.034
1777,2025-10-19,108.869,2025,10,19,6,107.06
1778,2025-10-20,110.994,2025,10,20,0,108.869
1779,2025-10-21,110.905,2025,10,21,1,110.994
1780,2025-10-22,107.642,2025,10,22,2,110.905
1781,2025-10-23,109.535,2025,10,23,3,107.642
1782,2025-10-24,110.823,2025,10,24,4,109.535
1783,2025-10-25,111.505,2025,10,25,5,110.823
1784,2025-10-26,113.423,2025,10,26,6,111.505
1785,2025-10-27,114.421,2025,10,27,0,113.423
1786,2025-10-28,112.837,2025,10,28,1,114.421
1787,2025-10-29,111.458,2025,10,29,2,112.837
1788,2025-10-30,107.547,2025,10,30,3,111.458
1789,2025-10-31,109.438,2025,10,31,4,107.547
1790,2025-11-01,110.403,2025,11,1,5,109.438
1791,2025-11-02,110.079,2025,11,2,6,110.403
1792,2025-11-03,106.376,2025,11,3,0,110.079
1793,2025-11-04,100.72,2025,11,4,1,106.376
1794,2025-11-05,103.891,2025,11,5,2,100.72
1795,2025-11-06,100.881,2025,11,6,3,103.891
1796,2025-11-07,103.765,2025,11,7,4,100.881
1797,2025-11-08,102.058,2025,11,8,5,103.765
1798,2025-11-09,104.607,2025,11,9,6,102.058
1799,2025-11-10,105.936,2025,11,10,0,104.607
1800,2025-11-11,102.808,2025,11,11,1,105.936
1801,2025-11-12,101.528,2025,11,12,2,102.808
1802,2025-11-13,98.176,2025,11,13,3,101.528
1803,2025-11-14,94.225,2025,11,14,4,98.176
1804,2025-11-15,95.208,2025,11,15,5,94.225
1805,2025-11-16,94.252,2025,11,16,6,95.208
1806,2025-11-17,91.939,2025,11,17,0,94.252
1807,2025-11-18,92.822,2025,11,18,1,91.939
1808,2025-11-19,89.57,2025,11,19,2,92.822
1809,2025-11-20,86.405,2025,11,20,3,89.57
1810,2025-11-21,84.582,2025,11,21,4,86.405
1811,2025-11-22,84.448,2025,11,22,5,84.582
1812,2025-11-23,87.499,2025,11,23,6,84.448
1813,2025-11-24,89.142,2025,11,24,0,87.499
1814,2025-11-25,87.394,2025,11,25,1,89.142
1815,2025-11-26,89.928,2025,11,26,2,87.394
1816,2025-11-27,91.436,2025,11,27,3,89.928
1817,2025-11-28,91.15,2025,11,28,4,91.436
1818,2025-11-29,91.0,2025,11,29,5,91.15
1819,2025-11-30,91.339,2025,11,30,6,91.0
1820,2025-12-01,85.51,2025,12,1,0,91.339
1821,2025-12-02,90.99,2025,12,2,1,85.51
1822,2025-12-03,92.925,2025,12,3,2,90.99
1823,2025-12-04,92.516,2025,12,4,3,92.925
1824,2025-12-05,89.309,2025,12,5,4,92.516
1825,2025-12-06,89.549,2025,12,6,5,89.309
1826,2025-12-07,91.45,2025,12,7,6,89.549
1827,2025-12-08,90.9,2025,12,8,0,91.45
