Tarih,Deger
 8 Aralık 2020,$18.337
 9 Aralık 2020,$18.565
10 Aralık 2020,$18.262
11 Aralık 2020,$18.058
12 Aralık 2020,$18.807
13 Aralık 2020,$19.151
14 Aralık 2020,$19.260
15 Aralık 2020,$19.432
16 Aralık 2020,$21.318
17 Aralık 2020,$22.806
18 Aralık 2020,$23.121
19 Aralık 2020,$23.864
20 Aralık 2020,$23.518
21 Aralık 2020,$22.841
22 Aralık 2020,$23.795
23 Aralık 2020,$23.308
24 Aralık 2020,$23.760
25 Aralık 2020,$24.671
26 Aralık 2020,$26.476
27 Aralık 2020,$26.423
28 Aralık 2020,$27.125
29 Aralık 2020,$27.425
30 Aralık 2020,$28.837
31 Aralık 2020,$29.022
 1 Ocak 2021,$29.352
 2 Ocak 2021,$32.164
 3 Ocak 2021,$33.008
 4 Ocak 2021,$31.516
 5 Ocak 2021,$34.082
 6 Ocak 2021,$36.934
 7 Ocak 2021,$39.547
 8 Ocak 2021,$40.816
 9 Ocak 2021,$40.297
10 Ocak 2021,$38.398
11 Ocak 2021,$35.670
12 Ocak 2021,$33.938
13 Ocak 2021,$37.456
14 Ocak 2021,$39.233
15 Ocak 2021,$36.788
16 Ocak 2021,$36.255
17 Ocak 2021,$35.804
18 Ocak 2021,$36.595
19 Ocak 2021,$36.105
20 Ocak 2021,$35.587
21 Ocak 2021,$30.914
22 Ocak 2021,$32.958
23 Ocak 2021,$32.068
24 Ocak 2021,$32.274
25 Ocak 2021,$32.375
26 Ocak 2021,$32.582
27 Ocak 2021,$30.446
28 Ocak 2021,$33.128
29 Ocak 2021,$34.151
30 Ocak 2021,$34.200
31 Ocak 2021,$33.065
 1 Şubat 2021,$33.406
 2 Şubat 2021,$35.486
 3 Şubat 2021,$37.495
 4 Şubat 2021,$36.817
 5 Şubat 2021,$38.008
 6 Şubat 2021,$39.279
 7 Şubat 2021,$38.833
 8 Şubat 2021,$46.308
 9 Şubat 2021,$46.570
10 Şubat 2021,$44.849
11 Şubat 2021,$47.816
12 Şubat 2021,$47.414
13 Şubat 2021,$46.941
14 Şubat 2021,$48.608
15 Şubat 2021,$47.898
16 Şubat 2021,$49.238
17 Şubat 2021,$52.144
18 Şubat 2021,$51.733
19 Şubat 2021,$56.039
20 Şubat 2021,$56.378
21 Şubat 2021,$57.669
22 Şubat 2021,$54.411
23 Şubat 2021,$48.692
24 Şubat 2021,$49.849
25 Şubat 2021,$46.993
26 Şubat 2021,$46.551
27 Şubat 2021,$46.654
28 Şubat 2021,$44.970
 1 Mart 2021,$49.787
 2 Mart 2021,$48.532
 3 Mart 2021,$50.577
 4 Mart 2021,$48.727
 5 Mart 2021,$49.092
 6 Mart 2021,$49.019
 7 Mart 2021,$51.313
 8 Mart 2021,$52.329
 9 Mart 2021,$54.700
10 Mart 2021,$56.020
11 Mart 2021,$57.789
12 Mart 2021,$57.354
13 Mart 2021,$61.315
14 Mart 2021,$59.429
15 Mart 2021,$55.805
16 Mart 2021,$56.830
17 Mart 2021,$59.015
18 Mart 2021,$57.922
19 Mart 2021,$58.243
20 Mart 2021,$58.376
21 Mart 2021,$57.574
22 Mart 2021,$54.370
23 Mart 2021,$54.585
24 Mart 2021,$52.527
25 Mart 2021,$51.417
26 Mart 2021,$55.033
27 Mart 2021,$55.832
28 Mart 2021,$55.728
29 Mart 2021,$57.635
30 Mart 2021,$58.669
31 Mart 2021,$58.817
 1 Nisan 2021,$58.801
 2 Nisan 2021,$59.060
 3 Nisan 2021,$57.060
 4 Nisan 2021,$58.229
 5 Nisan 2021,$58.707
 6 Nisan 2021,$58.062
 7 Nisan 2021,$56.134
 8 Nisan 2021,$58.066
 9 Nisan 2021,$58.153
10 Nisan 2021,$59.979
11 Nisan 2021,$59.988
12 Nisan 2021,$59.911
13 Nisan 2021,$63.577
14 Nisan 2021,$62.807
15 Nisan 2021,$63.180
16 Nisan 2021,$61.497
17 Nisan 2021,$60.274
18 Nisan 2021,$56.289
19 Nisan 2021,$55.721
20 Nisan 2021,$56.295
21 Nisan 2021,$54.190
22 Nisan 2021,$51.966
23 Nisan 2021,$51.191
24 Nisan 2021,$50.133
25 Nisan 2021,$48.981
26 Nisan 2021,$53.979
27 Nisan 2021,$54.992
28 Nisan 2021,$54.811
29 Nisan 2021,$53.597
30 Nisan 2021,$57.829
 1 Mayıs 2021,$57.813
 2 Mayıs 2021,$56.601
 3 Mayıs 2021,$57.200
 4 Mayıs 2021,$53.464
 5 Mayıs 2021,$57.432
 6 Mayıs 2021,$56.508
 7 Mayıs 2021,$57.362
 8 Mayıs 2021,$58.772
 9 Mayıs 2021,$58.214
10 Mayıs 2021,$55.902
11 Mayıs 2021,$56.929
12 Mayıs 2021,$50.005
13 Mayıs 2021,$49.973
14 Mayıs 2021,$49.913
15 Mayıs 2021,$46.781
16 Mayıs 2021,$46.585
17 Mayıs 2021,$43.781
18 Mayıs 2021,$43.091
19 Mayıs 2021,$37.287
20 Mayıs 2021,$40.438
21 Mayıs 2021,$37.340
22 Mayıs 2021,$37.520
23 Mayıs 2021,$34.978
24 Mayıs 2021,$38.642
25 Mayıs 2021,$38.211
26 Mayıs 2021,$39.407
27 Mayıs 2021,$38.643
28 Mayıs 2021,$35.710
29 Mayıs 2021,$34.775
30 Mayıs 2021,$35.715
31 Mayıs 2021,$37.341
 1 Haziran 2021,$36.680
 2 Haziran 2021,$37.686
 3 Haziran 2021,$39.151
 4 Haziran 2021,$36.939
 5 Haziran 2021,$35.547
 6 Haziran 2021,$35.834
 7 Haziran 2021,$33.451
 8 Haziran 2021,$33.557
 9 Haziran 2021,$37.554
10 Haziran 2021,$36.903
11 Haziran 2021,$37.289
12 Haziran 2021,$35.666
13 Haziran 2021,$39.148
14 Haziran 2021,$40.625
15 Haziran 2021,$40.378
16 Haziran 2021,$38.321
17 Haziran 2021,$38.194
18 Haziran 2021,$35.881
19 Haziran 2021,$35.582
20 Haziran 2021,$35.787
21 Haziran 2021,$31.712
22 Haziran 2021,$32.508
23 Haziran 2021,$33.703
24 Haziran 2021,$34.675
25 Haziran 2021,$31.943
26 Haziran 2021,$32.024
27 Haziran 2021,$34.607
28 Haziran 2021,$34.557
29 Haziran 2021,$35.969
30 Haziran 2021,$35.171
 1 Temmuz 2021,$33.678
 2 Temmuz 2021,$33.951
 3 Temmuz 2021,$34.730
 4 Temmuz 2021,$35.394
 5 Temmuz 2021,$33.928
 6 Temmuz 2021,$34.150
 7 Temmuz 2021,$33.932
 8 Temmuz 2021,$32.934
 9 Temmuz 2021,$33.971
10 Temmuz 2021,$33.705
11 Temmuz 2021,$34.300
12 Temmuz 2021,$33.263
13 Temmuz 2021,$32.676
14 Temmuz 2021,$32.879
15 Temmuz 2021,$31.726
16 Temmuz 2021,$31.400
17 Temmuz 2021,$31.589
18 Temmuz 2021,$31.919
19 Temmuz 2021,$30.928
20 Temmuz 2021,$29.972
21 Temmuz 2021,$32.384
22 Temmuz 2021,$32.409
23 Temmuz 2021,$33.456
24 Temmuz 2021,$34.214
25 Temmuz 2021,$35.456
26 Temmuz 2021,$37.282
27 Temmuz 2021,$39.077
28 Temmuz 2021,$40.031
29 Temmuz 2021,$39.978
30 Temmuz 2021,$41.936
31 Temmuz 2021,$41.754
 1 Ağustos 2021,$39.915
 2 Ağustos 2021,$39.279
 3 Ağustos 2021,$38.368
 4 Ağustos 2021,$39.752
 5 Ağustos 2021,$40.825
 6 Ağustos 2021,$42.802
 7 Ağustos 2021,$44.648
 8 Ağustos 2021,$43.753
 9 Ağustos 2021,$46.311
10 Ağustos 2021,$45.640
11 Ağustos 2021,$45.652
12 Ağustos 2021,$44.495
13 Ağustos 2021,$47.717
14 Ağustos 2021,$47.089
15 Ağustos 2021,$47.025
16 Ağustos 2021,$46.032
17 Ağustos 2021,$44.534
18 Ağustos 2021,$45.015
19 Ağustos 2021,$46.745
20 Ağustos 2021,$49.196
21 Ağustos 2021,$48.934
22 Ağustos 2021,$49.251
23 Ağustos 2021,$49.519
24 Ağustos 2021,$47.941
25 Ağustos 2021,$49.003
26 Ağustos 2021,$47.229
27 Ağustos 2021,$49.083
28 Ağustos 2021,$48.937
29 Ağustos 2021,$48.907
30 Ağustos 2021,$47.124
31 Ağustos 2021,$47.335
 1 Eylül 2021,$48.823
 2 Eylül 2021,$49.339
 3 Eylül 2021,$49.935
 4 Eylül 2021,$50.013
 5 Eylül 2021,$51.696
 6 Eylül 2021,$52.740
 7 Eylül 2021,$46.995
 8 Eylül 2021,$46.085
 9 Eylül 2021,$46.519
10 Eylül 2021,$44.803
11 Eylül 2021,$45.196
12 Eylül 2021,$46.195
13 Eylül 2021,$45.140
14 Eylül 2021,$47.135
15 Eylül 2021,$48.187
16 Eylül 2021,$47.879
17 Eylül 2021,$47.229
18 Eylül 2021,$48.267
19 Eylül 2021,$47.371
20 Eylül 2021,$42.933
21 Eylül 2021,$40.387
22 Eylül 2021,$43.587
23 Eylül 2021,$44.981
24 Eylül 2021,$42.752
25 Eylül 2021,$42.857
26 Eylül 2021,$43.337
27 Eylül 2021,$42.247
28 Eylül 2021,$41.010
29 Eylül 2021,$41.588
30 Eylül 2021,$43.859
 1 Ekim 2021,$48.182
 2 Ekim 2021,$47.778
 3 Ekim 2021,$48.283
 4 Ekim 2021,$49.260
 5 Ekim 2021,$51.669
 6 Ekim 2021,$55.415
 7 Ekim 2021,$53.895
 8 Ekim 2021,$54.011
 9 Ekim 2021,$55.125
10 Ekim 2021,$54.712
11 Ekim 2021,$57.573
12 Ekim 2021,$56.335
13 Ekim 2021,$57.488
14 Ekim 2021,$57.452
15 Ekim 2021,$61.809
16 Ekim 2021,$61.166
17 Ekim 2021,$61.584
18 Ekim 2021,$62.018
19 Ekim 2021,$64.518
20 Ekim 2021,$66.238
21 Ekim 2021,$62.541
22 Ekim 2021,$61.029
23 Ekim 2021,$61.572
24 Ekim 2021,$61.173
25 Ekim 2021,$63.228
26 Ekim 2021,$60.604
27 Ekim 2021,$58.641
28 Ekim 2021,$60.768
29 Ekim 2021,$62.283
30 Ekim 2021,$61.837
31 Ekim 2021,$61.472
 1 Kasım 2021,$61.122
 2 Kasım 2021,$63.247
 3 Kasım 2021,$63.131
 4 Kasım 2021,$61.602
 5 Kasım 2021,$61.247
 6 Kasım 2021,$61.661
 7 Kasım 2021,$63.153
 8 Kasım 2021,$67.617
 9 Kasım 2021,$67.145
10 Kasım 2021,$65.061
11 Kasım 2021,$65.006
12 Kasım 2021,$64.432
13 Kasım 2021,$64.660
14 Kasım 2021,$65.649
15 Kasım 2021,$63.934
16 Kasım 2021,$60.449
17 Kasım 2021,$60.604
18 Kasım 2021,$56.987
19 Kasım 2021,$58.459
20 Kasım 2021,$60.083
21 Kasım 2021,$59.140
22 Kasım 2021,$56.387
23 Kasım 2021,$57.749
24 Kasım 2021,$57.198
25 Kasım 2021,$58.898
26 Kasım 2021,$53.828
27 Kasım 2021,$54.533
28 Kasım 2021,$57.238
29 Kasım 2021,$57.849
30 Kasım 2021,$57.011
 1 Aralık 2021,$57.169
 2 Aralık 2021,$56.508
 3 Aralık 2021,$53.786
 4 Aralık 2021,$49.162
 5 Aralık 2021,$49.268
 6 Aralık 2021,$50.462
 7 Aralık 2021,$50.648
 8 Aralık 2021,$50.530
 9 Aralık 2021,$47.886
10 Aralık 2021,$47.304
11 Aralık 2021,$49.242
12 Aralık 2021,$50.051
13 Aralık 2021,$46.696
14 Aralık 2021,$48.411
15 Aralık 2021,$48.937
16 Aralık 2021,$47.695
17 Aralık 2021,$46.329
18 Aralık 2021,$46.970
19 Aralık 2021,$46.807
20 Aralık 2021,$47.117
21 Aralık 2021,$49.145
22 Aralık 2021,$48.756
23 Aralık 2021,$50.901
24 Aralık 2021,$50.889
25 Aralık 2021,$50.663
26 Aralık 2021,$50.853
27 Aralık 2021,$50.774
28 Aralık 2021,$47.725
29 Aralık 2021,$46.507
30 Aralık 2021,$47.192
31 Aralık 2021,$46.320
 1 Ocak 2022,$47.816
 2 Ocak 2022,$47.387
 3 Ocak 2022,$46.531
 4 Ocak 2022,$45.938
 5 Ocak 2022,$43.647
 6 Ocak 2022,$43.216
 7 Ocak 2022,$41.527
 8 Ocak 2022,$41.757
 9 Ocak 2022,$41.862
10 Ocak 2022,$41.870
11 Ocak 2022,$42.777
12 Ocak 2022,$43.982
13 Ocak 2022,$42.608
14 Ocak 2022,$43.121
15 Ocak 2022,$43.227
16 Ocak 2022,$43.120
17 Ocak 2022,$42.298
18 Ocak 2022,$42.395
19 Ocak 2022,$41.750
20 Ocak 2022,$40.708
21 Ocak 2022,$36.509
22 Ocak 2022,$35.180
23 Ocak 2022,$36.306
24 Ocak 2022,$36.774
25 Ocak 2022,$36.989
26 Ocak 2022,$36.870
27 Ocak 2022,$37.277
28 Ocak 2022,$37.853
29 Ocak 2022,$38.232
30 Ocak 2022,$37.983
31 Ocak 2022,$38.556
 1 Şubat 2022,$38.836
 1 Şubat 2022,$38.605
 2 Şubat 2022,$37.591
 3 Şubat 2022,$36.386
 4 Şubat 2022,$40.552
 5 Şubat 2022,$41.636
 6 Şubat 2022,$41.621
 7 Şubat 2022,$44.083
 8 Şubat 2022,$44.254
 9 Şubat 2022,$44.715
10 Şubat 2022,$44.190
11 Şubat 2022,$42.353
12 Şubat 2022,$42.618
13 Şubat 2022,$42.336
14 Şubat 2022,$42.199
15 Şubat 2022,$44.136
16 Şubat 2022,$44.124
17 Şubat 2022,$40.941
18 Şubat 2022,$39.974
19 Şubat 2022,$40.090
20 Şubat 2022,$38.353
21 Şubat 2022,$38.230
22 Şubat 2022,$37.948
23 Şubat 2022,$37.705
24 Şubat 2022,$38.300
25 Şubat 2022,$39.144
26 Şubat 2022,$39.366
27 Şubat 2022,$37.929
28 Şubat 2022,$41.866
 1 Mart 2022,$44.075
 2 Mart 2022,$43.802
 3 Mart 2022,$42.002
 4 Mart 2022,$39.507
 5 Mart 2022,$39.514
 6 Mart 2022,$38.856
 7 Mart 2022,$37.589
 8 Mart 2022,$38.462
 9 Mart 2022,$41.828
10 Mart 2022,$39.645
11 Mart 2022,$38.409
12 Mart 2022,$39.134
13 Mart 2022,$38.683
14 Mart 2022,$38.725
15 Mart 2022,$39.403
16 Mart 2022,$41.240
17 Mart 2022,$40.711
18 Mart 2022,$41.842
19 Mart 2022,$42.255
20 Mart 2022,$41.317
21 Mart 2022,$41.184
22 Mart 2022,$42.601
23 Mart 2022,$42.355
24 Mart 2022,$43.909
25 Mart 2022,$44.607
26 Mart 2022,$44.591
27 Mart 2022,$46.086
28 Mart 2022,$47.953
29 Mart 2022,$47.460
30 Mart 2022,$47.247
31 Mart 2022,$45.759
 1 Nisan 2022,$46.162
 2 Nisan 2022,$46.193
 3 Nisan 2022,$46.386
 4 Nisan 2022,$46.310
 5 Nisan 2022,$45.694
 6 Nisan 2022,$43.891
 7 Nisan 2022,$43.569
 8 Nisan 2022,$42.724
 9 Nisan 2022,$42.444
10 Nisan 2022,$43.128
11 Nisan 2022,$39.855
12 Nisan 2022,$39.516
13 Nisan 2022,$41.235
14 Nisan 2022,$39.892
15 Nisan 2022,$40.400
16 Nisan 2022,$40.317
17 Nisan 2022,$40.275
18 Nisan 2022,$40.674
19 Nisan 2022,$41.295
20 Nisan 2022,$41.424
21 Nisan 2022,$40.629
22 Nisan 2022,$39.615
23 Nisan 2022,$39.784
24 Nisan 2022,$39.509
25 Nisan 2022,$40.156
26 Nisan 2022,$38.097
27 Nisan 2022,$39.094
28 Nisan 2022,$39.913
29 Nisan 2022,$38.550
30 Nisan 2022,$38.318
 1 Mayıs 2022,$38.265
 2 Mayıs 2022,$38.320
 3 Mayıs 2022,$37.632
 4 Mayıs 2022,$39.798
 5 Mayıs 2022,$36.432
 6 Mayıs 2022,$36.057
 7 Mayıs 2022,$35.755
 8 Mayıs 2022,$34.219
 9 Mayıs 2022,$31.095
10 Mayıs 2022,$30.944
11 Mayıs 2022,$28.285
12 Mayıs 2022,$28.550
13 Mayıs 2022,$29.785
14 Mayıs 2022,$29.351
15 Mayıs 2022,$30.997
16 Mayıs 2022,$29.874
17 Mayıs 2022,$30.083
18 Mayıs 2022,$29.197
19 Mayıs 2022,$30.205
20 Mayıs 2022,$29.120
21 Mayıs 2022,$29.375
22 Mayıs 2022,$29.901
23 Mayıs 2022,$29.286
24 Mayıs 2022,$29.426
25 Mayıs 2022,$29.762
26 Mayıs 2022,$29.444
27 Mayıs 2022,$28.733
28 Mayıs 2022,$28.996
29 Mayıs 2022,$29.141
30 Mayıs 2022,$31.249
31 Mayıs 2022,$31.753
 1 Haziran 2022,$29.645
 2 Haziran 2022,$30.233
 3 Haziran 2022,$29.634
 4 Haziran 2022,$29.724
 5 Haziran 2022,$29.926
 6 Haziran 2022,$31.447
 7 Haziran 2022,$31.339
 8 Haziran 2022,$30.180
 9 Haziran 2022,$30.146
10 Haziran 2022,$29.183
11 Haziran 2022,$28.376
12 Haziran 2022,$27.372
13 Haziran 2022,$23.236
14 Haziran 2022,$21.977
15 Haziran 2022,$21.668
16 Haziran 2022,$20.675
17 Haziran 2022,$20.629
18 Haziran 2022,$17.760
19 Haziran 2022,$20.564
20 Haziran 2022,$20.428
21 Haziran 2022,$20.841
22 Haziran 2022,$19.885
23 Haziran 2022,$20.783
24 Haziran 2022,$21.144
25 Haziran 2022,$21.205
26 Haziran 2022,$21.393
27 Haziran 2022,$20.895
28 Haziran 2022,$20.252
29 Haziran 2022,$20.186
30 Haziran 2022,$18.730
 1 Temmuz 2022,$19.407
 2 Temmuz 2022,$19.237
 3 Temmuz 2022,$19.422
 4 Temmuz 2022,$19.743
 5 Temmuz 2022,$20.466
 6 Temmuz 2022,$20.395
 7 Temmuz 2022,$21.601
 8 Temmuz 2022,$21.826
 9 Temmuz 2022,$21.676
10 Temmuz 2022,$20.960
11 Temmuz 2022,$20.385
12 Temmuz 2022,$19.438
13 Temmuz 2022,$19.652
14 Temmuz 2022,$20.667
15 Temmuz 2022,$20.913
16 Temmuz 2022,$21.151
17 Temmuz 2022,$20.927
18 Temmuz 2022,$21.515
19 Temmuz 2022,$23.305
20 Temmuz 2022,$23.299
21 Temmuz 2022,$23.154
22 Temmuz 2022,$22.600
23 Temmuz 2022,$22.314
24 Temmuz 2022,$22.745
25 Temmuz 2022,$22.163
26 Temmuz 2022,$20.971
27 Temmuz 2022,$22.776
28 Temmuz 2022,$24.032
29 Temmuz 2022,$23.957
30 Temmuz 2022,$23.983
31 Temmuz 2022,$23.808
 1 Ağustos 2022,$23.031
 2 Ağustos 2022,$23.022
 3 Ağustos 2022,$23.328
 4 Ağustos 2022,$22.501
 5 Ağustos 2022,$22.970
 6 Ağustos 2022,$23.172
 7 Ağustos 2022,$23.267
 8 Ağustos 2022,$24.078
 9 Ağustos 2022,$23.135
10 Ağustos 2022,$23.873
11 Ağustos 2022,$24.217
12 Ağustos 2022,$24.241
13 Ağustos 2022,$24.505
14 Ağustos 2022,$24.327
15 Ağustos 2022,$24.062
16 Ağustos 2022,$23.974
17 Ağustos 2022,$23.403
18 Ağustos 2022,$23.413
19 Ağustos 2022,$21.276
20 Ağustos 2022,$20.859
21 Ağustos 2022,$21.519
22 Ağustos 2022,$21.107
23 Ağustos 2022,$21.486
24 Ağustos 2022,$21.700
25 Ağustos 2022,$21.644
26 Ağustos 2022,$20.661
27 Ağustos 2022,$19.988
28 Ağustos 2022,$19.989
29 Ağustos 2022,$20.182
30 Ağustos 2022,$19.969
31 Ağustos 2022,$20.209
 1 Eylül 2022,$20.075
 2 Eylül 2022,$19.968
 3 Eylül 2022,$19.738
 4 Eylül 2022,$19.907
 5 Eylül 2022,$19.753
 6 Eylül 2022,$18.954
 7 Eylül 2022,$19.402
 8 Eylül 2022,$19.369
 9 Eylül 2022,$21.284
10 Eylül 2022,$21.411
11 Eylül 2022,$21.637
12 Eylül 2022,$22.408
13 Eylül 2022,$20.244
14 Eylül 2022,$19.957
15 Eylül 2022,$19.841
16 Eylül 2022,$19.727
17 Eylül 2022,$20.078
18 Eylül 2022,$19.718
19 Eylül 2022,$19.515
20 Eylül 2022,$18.964
21 Eylül 2022,$18.894
22 Eylül 2022,$19.246
23 Eylül 2022,$18.850
24 Eylül 2022,$19.144
25 Eylül 2022,$18.910
26 Eylül 2022,$19.119
27 Eylül 2022,$19.059
28 Eylül 2022,$19.567
29 Eylül 2022,$19.500
30 Eylül 2022,$19.424
 1 Ekim 2022,$19.247
 2 Ekim 2022,$19.235
 3 Ekim 2022,$19.593
 4 Ekim 2022,$20.350
 5 Ekim 2022,$20.025
 6 Ekim 2022,$20.045
 7 Ekim 2022,$19.553
 8 Ekim 2022,$19.451
 9 Ekim 2022,$19.486
10 Ekim 2022,$19.242
11 Ekim 2022,$19.018
12 Ekim 2022,$19.161
13 Ekim 2022,$19.384
14 Ekim 2022,$19.185
15 Ekim 2022,$19.100
16 Ekim 2022,$19.334
17 Ekim 2022,$19.532
18 Ekim 2022,$19.372
19 Ekim 2022,$19.199
20 Ekim 2022,$19.026
21 Ekim 2022,$19.179
22 Ekim 2022,$19.217
23 Ekim 2022,$19.497
24 Ekim 2022,$19.375
25 Ekim 2022,$20.196
26 Ekim 2022,$20.756
27 Ekim 2022,$20.409
28 Ekim 2022,$20.644
29 Ekim 2022,$20.862
30 Ekim 2022,$20.691
31 Ekim 2022,$20.410
 1 Kasım 2022,$20.477
 2 Kasım 2022,$20.182
 3 Kasım 2022,$20.240
 4 Kasım 2022,$21.141
 5 Kasım 2022,$21.355
 6 Kasım 2022,$21.204
 7 Kasım 2022,$20.816
 8 Kasım 2022,$18.173
 9 Kasım 2022,$16.222
10 Kasım 2022,$18.090
11 Kasım 2022,$16.652
12 Kasım 2022,$16.798
13 Kasım 2022,$16.460
14 Kasım 2022,$16.266
15 Kasım 2022,$16.824
16 Kasım 2022,$16.564
17 Kasım 2022,$16.676
18 Kasım 2022,$16.619
19 Kasım 2022,$16.616
20 Kasım 2022,$16.512
21 Kasım 2022,$15.800
22 Kasım 2022,$16.116
23 Kasım 2022,$16.577
24 Kasım 2022,$16.552
25 Kasım 2022,$16.516
26 Kasım 2022,$16.493
27 Kasım 2022,$16.551
28 Kasım 2022,$16.253
29 Kasım 2022,$16.488
30 Kasım 2022,$17.086
 1 Aralık 2022,$16.912
 2 Aralık 2022,$17.017
 3 Aralık 2022,$16.934
 4 Aralık 2022,$17.093
 5 Aralık 2022,$16.944
 6 Aralık 2022,$16.992
 7 Aralık 2022,$16.828
 8 Aralık 2022,$17.180
 9 Aralık 2022,$17.107
10 Aralık 2022,$17.173
11 Aralık 2022,$17.111
12 Aralık 2022,$17.126
13 Aralık 2022,$17.754
14 Aralık 2022,$17.783
15 Aralık 2022,$17.412
16 Aralık 2022,$16.874
17 Aralık 2022,$16.703
18 Aralık 2022,$16.759
19 Aralık 2022,$16.605
20 Aralık 2022,$16.861
21 Aralık 2022,$16.777
22 Aralık 2022,$16.782
23 Aralık 2022,$16.806
24 Aralık 2022,$16.839
25 Aralık 2022,$16.766
26 Aralık 2022,$16.840
27 Aralık 2022,$16.661
28 Aralık 2022,$16.589
29 Aralık 2022,$16.593
30 Aralık 2022,$16.553
31 Aralık 2022,$16.560
 1 Ocak 2023,$16.595
 2 Ocak 2023,$16.722
 3 Ocak 2023,$16.657
 4 Ocak 2023,$16.803
 5 Ocak 2023,$16.851
 6 Ocak 2023,$16.890
 7 Ocak 2023,$16.943
 8 Ocak 2023,$16.964
 9 Ocak 2023,$17.205
10 Ocak 2023,$17.473
11 Ocak 2023,$17.556
12 Ocak 2023,$19.054
13 Ocak 2023,$19.462
14 Ocak 2023,$20.881
15 Ocak 2023,$20.909
16 Ocak 2023,$21.283
17 Ocak 2023,$21.373
18 Ocak 2023,$20.714
19 Ocak 2023,$21.099
20 Ocak 2023,$22.287
21 Ocak 2023,$23.143
22 Ocak 2023,$22.447
23 Ocak 2023,$23.007
24 Ocak 2023,$23.021
25 Ocak 2023,$22.932
26 Ocak 2023,$23.125
27 Ocak 2023,$23.109
28 Ocak 2023,$22.982
29 Ocak 2023,$23.707
30 Ocak 2023,$22.682
31 Ocak 2023,$23.103
 1 Şubat 2023,$23.559
 2 Şubat 2023,$23.817
 3 Şubat 2023,$23.334
 4 Şubat 2023,$23.413
 5 Şubat 2023,$22.881
 6 Şubat 2023,$23.006
 7 Şubat 2023,$23.214
 8 Şubat 2023,$22.842
 9 Şubat 2023,$21.999
10 Şubat 2023,$21.725
11 Şubat 2023,$21.676
12 Şubat 2023,$21.972
13 Şubat 2023,$21.671
14 Şubat 2023,$22.248
15 Şubat 2023,$24.141
16 Şubat 2023,$24.563
17 Şubat 2023,$24.800
18 Şubat 2023,$24.596
19 Şubat 2023,$24.510
20 Şubat 2023,$24.808
21 Şubat 2023,$24.472
22 Şubat 2023,$23.780
23 Şubat 2023,$23.940
24 Şubat 2023,$23.231
25 Şubat 2023,$22.915
26 Şubat 2023,$23.647
27 Şubat 2023,$23.324
28 Şubat 2023,$23.292
 1 Mart 2023,$23.417
 2 Mart 2023,$23.463
 3 Mart 2023,$22.319
 4 Mart 2023,$22.244
 5 Mart 2023,$22.410
 6 Mart 2023,$22.359
 7 Mart 2023,$22.051
 8 Mart 2023,$22.087
 9 Mart 2023,$20.139
10 Mart 2023,$19.981
11 Mart 2023,$20.475
12 Mart 2023,$21.415
13 Mart 2023,$24.238
14 Mart 2023,$24.724
15 Mart 2023,$24.413
16 Mart 2023,$24.704
17 Mart 2023,$26.776
18 Mart 2023,$27.390
19 Mart 2023,$27.971
20 Mart 2023,$28.073
21 Mart 2023,$28.139
22 Mart 2023,$27.337
23 Mart 2023,$28.321
24 Mart 2023,$27.622
25 Mart 2023,$27.383
26 Mart 2023,$27.814
27 Mart 2023,$27.054
28 Mart 2023,$27.325
29 Mart 2023,$28.393
30 Mart 2023,$28.166
31 Mart 2023,$28.395
 1 Nisan 2023,$28.470
 2 Nisan 2023,$28.089
 3 Nisan 2023,$27.596
 4 Nisan 2023,$28.257
 5 Nisan 2023,$28.151
 6 Nisan 2023,$27.989
 7 Nisan 2023,$27.888
 8 Nisan 2023,$27.934
 9 Nisan 2023,$28.134
10 Nisan 2023,$29.138
11 Nisan 2023,$30.176
12 Nisan 2023,$29.965
13 Nisan 2023,$30.280
14 Nisan 2023,$30.451
15 Nisan 2023,$30.294
16 Nisan 2023,$30.350
17 Nisan 2023,$29.465
18 Nisan 2023,$30.416
19 Nisan 2023,$29.254
20 Nisan 2023,$28.216
21 Nisan 2023,$27.285
22 Nisan 2023,$27.657
23 Nisan 2023,$27.517
24 Nisan 2023,$27.455
25 Nisan 2023,$27.999
26 Nisan 2023,$28.288
27 Nisan 2023,$29.604
28 Nisan 2023,$29.330
29 Nisan 2023,$29.246
30 Nisan 2023,$29.328
 1 Mayıs 2023,$27.706
 2 Mayıs 2023,$28.688
 3 Mayıs 2023,$28.525
 4 Mayıs 2023,$28.874
 5 Mayıs 2023,$29.513
 6 Mayıs 2023,$28.815
 7 Mayıs 2023,$28.921
 8 Mayıs 2023,$27.556
 9 Mayıs 2023,$27.649
10 Mayıs 2023,$27.855
11 Mayıs 2023,$27.002
12 Mayıs 2023,$26.448
13 Mayıs 2023,$26.909
14 Mayıs 2023,$26.946
15 Mayıs 2023,$27.347
16 Mayıs 2023,$26.954
17 Mayıs 2023,$27.341
18 Mayıs 2023,$26.728
19 Mayıs 2023,$26.837
20 Mayıs 2023,$27.016
21 Mayıs 2023,$26.854
22 Mayıs 2023,$26.907
23 Mayıs 2023,$27.223
24 Mayıs 2023,$26.412
25 Mayıs 2023,$26.492
26 Mayıs 2023,$26.752
27 Mayıs 2023,$26.752
28 Mayıs 2023,$27.560
29 Mayıs 2023,$27.694
30 Mayıs 2023,$27.780
31 Mayıs 2023,$27.112
 1 Haziran 2023,$26.867
 2 Haziran 2023,$27.179
 3 Haziran 2023,$27.077
 4 Haziran 2023,$27.245
 5 Haziran 2023,$25.648
 6 Haziran 2023,$26.979
 7 Haziran 2023,$26.376
 8 Haziran 2023,$26.632
 9 Haziran 2023,$26.454
10 Haziran 2023,$25.772
11 Haziran 2023,$26.144
12 Haziran 2023,$25.901
13 Haziran 2023,$25.866
14 Haziran 2023,$24.910
15 Haziran 2023,$25.481
16 Haziran 2023,$26.382
17 Haziran 2023,$26.533
18 Haziran 2023,$26.471
19 Haziran 2023,$26.718
20 Haziran 2023,$28.146
21 Haziran 2023,$29.947
22 Haziran 2023,$30.161
23 Haziran 2023,$30.917
24 Haziran 2023,$30.519
25 Haziran 2023,$30.376
26 Haziran 2023,$30.160
27 Haziran 2023,$30.657
28 Haziran 2023,$30.094
29 Haziran 2023,$30.404
30 Haziran 2023,$30.394
 1 Temmuz 2023,$30.583
 2 Temmuz 2023,$30.587
 3 Temmuz 2023,$31.134
 4 Temmuz 2023,$30.805
 5 Temmuz 2023,$30.468
 6 Temmuz 2023,$30.312
 7 Temmuz 2023,$30.267
 8 Temmuz 2023,$30.156
 9 Temmuz 2023,$30.200
10 Temmuz 2023,$30.779
11 Temmuz 2023,$30.570
12 Temmuz 2023,$30.346
13 Temmuz 2023,$31.370
14 Temmuz 2023,$30.196
15 Temmuz 2023,$30.318
16 Temmuz 2023,$30.290
17 Temmuz 2023,$29.930
18 Temmuz 2023,$29.778
19 Temmuz 2023,$29.970
20 Temmuz 2023,$29.740
21 Temmuz 2023,$29.884
22 Temmuz 2023,$29.829
23 Temmuz 2023,$30.147
24 Temmuz 2023,$29.150
25 Temmuz 2023,$29.232
26 Temmuz 2023,$29.595
27 Temmuz 2023,$29.143
28 Temmuz 2023,$29.342
29 Temmuz 2023,$29.356
30 Temmuz 2023,$29.266
31 Temmuz 2023,$29.202
 1 Ağustos 2023,$29.210
 2 Ağustos 2023,$29.131
 3 Ağustos 2023,$29.306
 4 Ağustos 2023,$28.938
 5 Ağustos 2023,$29.027
 6 Ağustos 2023,$29.093
 7 Ağustos 2023,$29.163
 8 Ağustos 2023,$29.946
 9 Ağustos 2023,$29.466
10 Ağustos 2023,$29.416
11 Ağustos 2023,$29.384
12 Ağustos 2023,$29.408
13 Ağustos 2023,$29.406
14 Ağustos 2023,$29.368
15 Ağustos 2023,$29.173
16 Ağustos 2023,$28.932
17 Ağustos 2023,$27.616
18 Ağustos 2023,$26.064
19 Ağustos 2023,$26.052
20 Ağustos 2023,$26.224
21 Ağustos 2023,$26.104
22 Ağustos 2023,$25.860
23 Ağustos 2023,$26.588
24 Ağustos 2023,$25.952
25 Ağustos 2023,$26.056
26 Ağustos 2023,$26.022
27 Ağustos 2023,$26.083
28 Ağustos 2023,$25.978
29 Ağustos 2023,$27.588
30 Ağustos 2023,$27.241
31 Ağustos 2023,$26.005
 1 Eylül 2023,$25.765
 2 Eylül 2023,$25.845
 3 Eylül 2023,$26.045
 4 Eylül 2023,$25.836
 5 Eylül 2023,$25.706
 6 Eylül 2023,$25.671
 7 Eylül 2023,$26.009
 8 Eylül 2023,$25.898
 9 Eylül 2023,$25.861
10 Eylül 2023,$25.816
11 Eylül 2023,$25.078
12 Eylül 2023,$26.080
13 Eylül 2023,$26.228
14 Eylül 2023,$26.573
15 Eylül 2023,$26.414
16 Eylül 2023,$26.532
17 Eylül 2023,$26.454
18 Eylül 2023,$26.771
19 Eylül 2023,$27.178
20 Eylül 2023,$27.095
21 Eylül 2023,$26.595
22 Eylül 2023,$26.530
23 Eylül 2023,$26.588
24 Eylül 2023,$26.503
25 Eylül 2023,$26.310
26 Eylül 2023,$26.157
27 Eylül 2023,$26.241
28 Eylül 2023,$27.085
29 Eylül 2023,$26.899
30 Eylül 2023,$27.064
 1 Ekim 2023,$27.110
 2 Ekim 2023,$27.831
 3 Ekim 2023,$27.391
 4 Ekim 2023,$27.659
 5 Ekim 2023,$27.481
 6 Ekim 2023,$27.987
 7 Ekim 2023,$27.927
 8 Ekim 2023,$27.915
 9 Ekim 2023,$27.578
10 Ekim 2023,$27.395
11 Ekim 2023,$26.718
12 Ekim 2023,$26.734
13 Ekim 2023,$26.944
14 Ekim 2023,$26.839
15 Ekim 2023,$27.209
16 Ekim 2023,$28.344
17 Ekim 2023,$28.450
18 Ekim 2023,$28.256
19 Ekim 2023,$28.705
20 Ekim 2023,$29.582
21 Ekim 2023,$30.009
22 Ekim 2023,$29.848
23 Ekim 2023,$31.531
24 Ekim 2023,$33.665
25 Ekim 2023,$34.689
26 Ekim 2023,$34.188
27 Ekim 2023,$33.774
28 Ekim 2023,$34.070
29 Ekim 2023,$34.514
30 Ekim 2023,$34.437
31 Ekim 2023,$34.646
 1 Kasım 2023,$35.302
 2 Kasım 2023,$34.933
 3 Kasım 2023,$34.610
 4 Kasım 2023,$34.769
 5 Kasım 2023,$35.051
 6 Kasım 2023,$35.027
 7 Kasım 2023,$35.624
 8 Kasım 2023,$35.612
 9 Kasım 2023,$36.551
10 Kasım 2023,$37.276
11 Kasım 2023,$37.037
12 Kasım 2023,$37.161
13 Kasım 2023,$36.788
14 Kasım 2023,$35.307
15 Kasım 2023,$37.529
16 Kasım 2023,$35.964
17 Kasım 2023,$36.517
18 Kasım 2023,$36.608
19 Kasım 2023,$36.936
20 Kasım 2023,$37.524
21 Kasım 2023,$36.940
22 Kasım 2023,$37.597
23 Kasım 2023,$37.302
24 Kasım 2023,$37.832
25 Kasım 2023,$37.826
26 Kasım 2023,$37.595
27 Kasım 2023,$36.827
28 Kasım 2023,$38.230
29 Kasım 2023,$37.684
30 Kasım 2023,$37.731
 1 Aralık 2023,$38.783
 2 Aralık 2023,$39.547
 3 Aralık 2023,$39.579
 4 Aralık 2023,$41.793
 5 Aralık 2023,$43.766
 6 Aralık 2023,$43.842
 7 Aralık 2023,$43.223
 8 Aralık 2023,$44.411
 9 Aralık 2023,$44.004
10 Aralık 2023,$43.951
11 Aralık 2023,$40.789
12 Aralık 2023,$41.083
13 Aralık 2023,$42.692
14 Aralık 2023,$42.862
15 Aralık 2023,$42.251
16 Aralık 2023,$42.339
17 Aralık 2023,$42.129
18 Aralık 2023,$41.954
19 Aralık 2023,$42.242
20 Aralık 2023,$43.478
21 Aralık 2023,$43.753
22 Aralık 2023,$43.702
23 Aralık 2023,$43.713
24 Aralık 2023,$43.507
25 Aralık 2023,$43.418
26 Aralık 2023,$42.215
27 Aralık 2023,$43.499
28 Aralık 2023,$42.517
29 Aralık 2023,$42.014
30 Aralık 2023,$42.291
31 Aralık 2023,$42.548
 1 Ocak 2024,$43.665
 2 Ocak 2024,$44.819
 3 Ocak 2024,$42.717
 4 Ocak 2024,$44.141
 5 Ocak 2024,$43.932
 6 Ocak 2024,$43.827
 7 Ocak 2024,$44.147
 8 Ocak 2024,$46.772
 9 Ocak 2024,$46.623
10 Ocak 2024,$46.134
11 Ocak 2024,$46.136
12 Ocak 2024,$43.710
13 Ocak 2024,$42.862
14 Ocak 2024,$42.503
15 Ocak 2024,$42.866
16 Ocak 2024,$43.141
17 Ocak 2024,$42.596
18 Ocak 2024,$40.968
19 Ocak 2024,$41.673
20 Ocak 2024,$41.744
21 Ocak 2024,$41.644
22 Ocak 2024,$40.148
23 Ocak 2024,$39.212
24 Ocak 2024,$39.646
25 Ocak 2024,$39.670
26 Ocak 2024,$41.994
27 Ocak 2024,$42.072
28 Ocak 2024,$41.964
29 Ocak 2024,$43.136
30 Ocak 2024,$43.615
31 Ocak 2024,$42.656
 1 Şubat 2024,$42.997
 2 Şubat 2024,$42.956
 3 Şubat 2024,$43.069
 4 Şubat 2024,$42.860
 5 Şubat 2024,$42.405
 6 Şubat 2024,$43.087
 7 Şubat 2024,$44.085
 8 Şubat 2024,$45.491
 9 Şubat 2024,$47.489
10 Şubat 2024,$47.952
11 Şubat 2024,$48.035
12 Şubat 2024,$50.164
13 Şubat 2024,$49.385
14 Şubat 2024,$51.707
15 Şubat 2024,$51.718
16 Şubat 2024,$51.821
17 Şubat 2024,$51.509
18 Şubat 2024,$51.783
19 Şubat 2024,$51.799
20 Şubat 2024,$52.020
21 Şubat 2024,$50.901
22 Şubat 2024,$51.961
23 Şubat 2024,$51.096
24 Şubat 2024,$51.521
25 Şubat 2024,$51.751
26 Şubat 2024,$54.430
27 Şubat 2024,$56.771
28 Şubat 2024,$60.271
29 Şubat 2024,$62.070
 1 Mart 2024,$62.947
 2 Mart 2024,$61.873
 3 Mart 2024,$62.756
 4 Mart 2024,$67.641
 5 Mart 2024,$62.017
 6 Mart 2024,$67.068
 7 Mart 2024,$67.507
 8 Mart 2024,$69.008
 9 Mart 2024,$68.327
10 Mart 2024,$69.317
11 Mart 2024,$72.072
12 Mart 2024,$71.021
13 Mart 2024,$73.148
14 Mart 2024,$70.750
15 Mart 2024,$67.840
16 Mart 2024,$67.258
17 Mart 2024,$68.270
18 Mart 2024,$67.336
19 Mart 2024,$63.781
20 Mart 2024,$67.071
21 Mart 2024,$65.441
22 Mart 2024,$63.447
23 Mart 2024,$65.010
24 Mart 2024,$66.122
25 Mart 2024,$70.900
26 Mart 2024,$69.800
27 Mart 2024,$68.860
28 Mart 2024,$70.707
29 Mart 2024,$69.607
30 Mart 2024,$69.822
31 Mart 2024,$70.837
 1 Nisan 2024,$69.730
 2 Nisan 2024,$65.675
 3 Nisan 2024,$65.732
 4 Nisan 2024,$67.944
 5 Nisan 2024,$67.665
 6 Nisan 2024,$68.386
 7 Nisan 2024,$69.316
 8 Nisan 2024,$71.695
 9 Nisan 2024,$69.124
10 Nisan 2024,$69.788
11 Nisan 2024,$70.499
12 Nisan 2024,$67.084
13 Nisan 2024,$61.936
14 Nisan 2024,$63.863
15 Nisan 2024,$63.148
16 Nisan 2024,$63.024
17 Nisan 2024,$60.841
18 Nisan 2024,$63.477
19 Nisan 2024,$63.970
20 Nisan 2024,$64.708
21 Nisan 2024,$64.649
22 Nisan 2024,$66.510
23 Nisan 2024,$66.274
24 Nisan 2024,$64.111
25 Nisan 2024,$64.843
26 Nisan 2024,$63.935
27 Nisan 2024,$63.267
28 Nisan 2024,$63.686
29 Nisan 2024,$62.975
30 Nisan 2024,$59.929
 1 Mayıs 2024,$57.416
 2 Mayıs 2024,$58.746
 3 Mayıs 2024,$62.849
 4 Mayıs 2024,$63.890
 5 Mayıs 2024,$63.742
 6 Mayıs 2024,$63.335
 7 Mayıs 2024,$62.980
 8 Mayıs 2024,$61.583
 9 Mayıs 2024,$62.635
10 Mayıs 2024,$60.478
11 Mayıs 2024,$61.008
12 Mayıs 2024,$61.289
13 Mayıs 2024,$63.092
14 Mayıs 2024,$61.576
15 Mayıs 2024,$65.882
16 Mayıs 2024,$65.256
17 Mayıs 2024,$66.928
18 Mayıs 2024,$66.964
19 Mayıs 2024,$66.150
20 Mayıs 2024,$69.442
21 Mayıs 2024,$69.718
22 Mayıs 2024,$69.442
23 Mayıs 2024,$67.861
24 Mayıs 2024,$68.927
25 Mayıs 2024,$69.130
26 Mayıs 2024,$68.721
27 Mayıs 2024,$69.645
28 Mayıs 2024,$68.300
29 Mayıs 2024,$67.460
30 Mayıs 2024,$68.439
31 Mayıs 2024,$67.703
 1 Haziran 2024,$67.797
 2 Haziran 2024,$67.831
 3 Haziran 2024,$69.114
 4 Haziran 2024,$70.424
 5 Haziran 2024,$71.200
 6 Haziran 2024,$70.742
 7 Haziran 2024,$69.308
 8 Haziran 2024,$69.373
 9 Haziran 2024,$69.687
10 Haziran 2024,$69.646
11 Haziran 2024,$67.233
12 Haziran 2024,$68.108
13 Haziran 2024,$66.682
14 Haziran 2024,$65.740
15 Haziran 2024,$66.048
16 Haziran 2024,$66.518
17 Haziran 2024,$66.465
18 Haziran 2024,$65.017
19 Haziran 2024,$64.873
20 Haziran 2024,$65.083
21 Haziran 2024,$64.151
22 Haziran 2024,$64.284
23 Haziran 2024,$63.730
24 Haziran 2024,$59.516
25 Haziran 2024,$61.911
26 Haziran 2024,$60.984
27 Haziran 2024,$61.493
28 Haziran 2024,$60.256
29 Haziran 2024,$61.041
30 Haziran 2024,$61.994
 1 Temmuz 2024,$63.308
 2 Temmuz 2024,$62.030
 3 Temmuz 2024,$59.594
 4 Temmuz 2024,$58.339
 5 Temmuz 2024,$56.344
 6 Temmuz 2024,$57.984
 7 Temmuz 2024,$57.292
 8 Temmuz 2024,$56.254
 9 Temmuz 2024,$57.900
10 Temmuz 2024,$57.357
11 Temmuz 2024,$57.524
12 Temmuz 2024,$57.588
13 Temmuz 2024,$58.598
14 Temmuz 2024,$60.102
15 Temmuz 2024,$63.769
16 Temmuz 2024,$64.626
17 Temmuz 2024,$64.530
18 Temmuz 2024,$63.813
19 Temmuz 2024,$66.932
20 Temmuz 2024,$67.350
21 Temmuz 2024,$67.791
22 Temmuz 2024,$68.116
23 Temmuz 2024,$65.892
24 Temmuz 2024,$66.064
25 Temmuz 2024,$65.148
26 Temmuz 2024,$67.432
27 Temmuz 2024,$67.857
28 Temmuz 2024,$68.008
29 Temmuz 2024,$67.381
30 Temmuz 2024,$66.156
31 Temmuz 2024,$64.622
 1 Ağustos 2024,$64.713
 2 Ağustos 2024,$62.651
 3 Ağustos 2024,$60.358
 4 Ağustos 2024,$59.140
 5 Ağustos 2024,$54.161
 6 Ağustos 2024,$56.546
 7 Ağustos 2024,$54.988
 8 Ağustos 2024,$59.556
 9 Ağustos 2024,$60.734
10 Ağustos 2024,$60.996
11 Ağustos 2024,$58.534
12 Ağustos 2024,$58.847
13 Ağustos 2024,$60.569
14 Ağustos 2024,$59.117
15 Ağustos 2024,$56.373
16 Ağustos 2024,$59.255
17 Ağustos 2024,$59.397
18 Ağustos 2024,$59.815
19 Ağustos 2024,$59.096
20 Ağustos 2024,$59.322
21 Ağustos 2024,$61.183
22 Ağustos 2024,$60.684
23 Ağustos 2024,$63.640
24 Ağustos 2024,$64.146
25 Ağustos 2024,$64.220
26 Ağustos 2024,$63.409
27 Ağustos 2024,$61.865
28 Ağustos 2024,$59.398
29 Ağustos 2024,$59.486
30 Ağustos 2024,$58.974
31 Ağustos 2024,$58.935
 1 Eylül 2024,$58.427
 2 Eylül 2024,$58.973
 3 Eylül 2024,$58.196
 4 Eylül 2024,$58.092
 5 Eylül 2024,$56.113
 6 Eylül 2024,$52.867
 7 Eylül 2024,$54.185
 8 Eylül 2024,$54.384
 9 Eylül 2024,$56.976
10 Eylül 2024,$57.591
11 Eylül 2024,$57.494
12 Eylül 2024,$58.182
13 Eylül 2024,$59.874
14 Eylül 2024,$60.040
15 Eylül 2024,$59.816
16 Eylül 2024,$57.718
17 Eylül 2024,$60.154
18 Eylül 2024,$60.208
19 Eylül 2024,$63.084
20 Eylül 2024,$62.833
21 Eylül 2024,$63.140
22 Eylül 2024,$63.164
23 Eylül 2024,$63.318
24 Eylül 2024,$64.204
25 Eylül 2024,$63.509
26 Eylül 2024,$64.701
27 Eylül 2024,$65.810
28 Eylül 2024,$65.646
29 Eylül 2024,$65.804
30 Eylül 2024,$63.784
 1 Ekim 2024,$60.804
 2 Ekim 2024,$60.960
 3 Ekim 2024,$60.740
 4 Ekim 2024,$62.464
 5 Ekim 2024,$61.722
 6 Ekim 2024,$62.590
 7 Ekim 2024,$62.986
 8 Ekim 2024,$62.388
 9 Ekim 2024,$60.488
10 Ekim 2024,$59.721
11 Ekim 2024,$63.040
12 Ekim 2024,$63.072
13 Ekim 2024,$62.750
14 Ekim 2024,$65.926
15 Ekim 2024,$66.564
16 Ekim 2024,$67.688
17 Ekim 2024,$66.978
18 Ekim 2024,$68.400
19 Ekim 2024,$68.245
20 Ekim 2024,$68.772
21 Ekim 2024,$67.732
22 Ekim 2024,$67.548
23 Ekim 2024,$66.679
24 Ekim 2024,$68.193
25 Ekim 2024,$66.872
26 Ekim 2024,$67.264
27 Ekim 2024,$67.762
28 Ekim 2024,$69.579
29 Ekim 2024,$72.331
30 Ekim 2024,$72.818
31 Ekim 2024,$69.930
 1 Kasım 2024,$69.299
 2 Kasım 2024,$69.518
 3 Kasım 2024,$68.929
 4 Kasım 2024,$67.360
 5 Kasım 2024,$69.460
 6 Kasım 2024,$76.238
 7 Kasım 2024,$76.464
 8 Kasım 2024,$76.702
 9 Kasım 2024,$76.299
10 Kasım 2024,$79.104
11 Kasım 2024,$87.022
12 Kasım 2024,$89.578
13 Kasım 2024,$89.660
14 Kasım 2024,$87.786
15 Kasım 2024,$91.256
16 Kasım 2024,$90.740
17 Kasım 2024,$89.633
18 Kasım 2024,$91.313
19 Kasım 2024,$92.514
20 Kasım 2024,$94.196
21 Kasım 2024,$98.259
22 Kasım 2024,$99.282
23 Kasım 2024,$97.670
24 Kasım 2024,$96.827
25 Kasım 2024,$94.796
26 Kasım 2024,$91.293
27 Kasım 2024,$96.323
28 Kasım 2024,$94.802
29 Kasım 2024,$97.302
30 Kasım 2024,$96.964
 1 Aralık 2024,$97.083
 2 Aralık 2024,$95.712
 3 Aralık 2024,$95.614
 4 Aralık 2024,$98.797
 5 Aralık 2024,$99.208
 6 Aralık 2024,$101.432
 7 Aralık 2024,$100.276
 8 Aralık 2024,$99.804
 9 Aralık 2024,$96.300
10 Aralık 2024,$96.295
11 Aralık 2024,$101.164
12 Aralık 2024,$100.023
13 Aralık 2024,$101.735
14 Aralık 2024,$100.753
15 Aralık 2024,$103.167
16 Aralık 2024,$105.966
17 Aralık 2024,$106.699
18 Aralık 2024,$100.862
19 Aralık 2024,$96.619
20 Aralık 2024,$96.470
21 Aralık 2024,$97.494
22 Aralık 2024,$95.580
23 Aralık 2024,$93.447
24 Aralık 2024,$97.308
25 Aralık 2024,$99.171
26 Aralık 2024,$95.855
27 Aralık 2024,$94.496
28 Aralık 2024,$95.082
29 Aralık 2024,$93.860
30 Aralık 2024,$94.372
31 Aralık 2024,$93.492
 1 Ocak 2025,$94.771
 2 Ocak 2025,$97.378
 3 Ocak 2025,$98.353
 4 Ocak 2025,$98.599
 5 Ocak 2025,$98.276
 6 Ocak 2025,$102.190
 7 Ocak 2025,$96.493
 8 Ocak 2025,$93.948
 9 Ocak 2025,$91.871
10 Ocak 2025,$94.748
11 Ocak 2025,$94.591
12 Ocak 2025,$94.688
13 Ocak 2025,$93.617
14 Ocak 2025,$96.452
15 Ocak 2025,$99.609
16 Ocak 2025,$100.560
17 Ocak 2025,$104.752
18 Ocak 2025,$104.035
19 Ocak 2025,$106.253
20 Ocak 2025,$103.678
21 Ocak 2025,$106.276
22 Ocak 2025,$104.278
23 Ocak 2025,$103.555
24 Ocak 2025,$105.340
25 Ocak 2025,$104.976
26 Ocak 2025,$104.935
27 Ocak 2025,$101.472
28 Ocak 2025,$101.233
29 Ocak 2025,$104.482
30 Ocak 2025,$105.109
31 Ocak 2025,$101.663
 1 Şubat 2025,$101.335
 2 Şubat 2025,$97.807
 3 Şubat 2025,$101.080
 4 Şubat 2025,$98.695
 5 Şubat 2025,$97.403
 6 Şubat 2025,$96.844
 7 Şubat 2025,$95.736
 8 Şubat 2025,$96.456
 9 Şubat 2025,$96.291
10 Şubat 2025,$97.316
11 Şubat 2025,$95.242
12 Şubat 2025,$97.004
13 Şubat 2025,$96.216
14 Şubat 2025,$97.205
15 Şubat 2025,$97.522
16 Şubat 2025,$96.918
17 Şubat 2025,$96.012
18 Şubat 2025,$94.161
19 Şubat 2025,$96.190
20 Şubat 2025,$98.392
21 Şubat 2025,$95.045
22 Şubat 2025,$96.600
23 Şubat 2025,$95.778
24 Şubat 2025,$94.040
25 Şubat 2025,$88.043
26 Şubat 2025,$84.468
27 Şubat 2025,$83.635
28 Şubat 2025,$84.349
 1 Mart 2025,$85.505
 2 Mart 2025,$94.376
 3 Mart 2025,$85.919
 4 Mart 2025,$87.257
 5 Mart 2025,$90.466
 6 Mart 2025,$89.114
 7 Mart 2025,$87.214
 8 Mart 2025,$86.292
 9 Mart 2025,$83.053
10 Mart 2025,$79.338
11 Mart 2025,$82.861
12 Mart 2025,$83.142
13 Mart 2025,$80.351
14 Mart 2025,$84.156
15 Mart 2025,$84.374
16 Mart 2025,$83.108
17 Mart 2025,$83.882
18 Mart 2025,$82.027
19 Mart 2025,$85.346
20 Mart 2025,$84.546
21 Mart 2025,$84.201
22 Mart 2025,$83.980
23 Mart 2025,$85.120
24 Mart 2025,$87.862
25 Mart 2025,$87.826
26 Mart 2025,$87.160
27 Mart 2025,$87.308
28 Mart 2025,$83.810
29 Mart 2025,$82.497
30 Mart 2025,$82.529
31 Mart 2025,$82.444
 1 Nisan 2025,$85.251
 2 Nisan 2025,$85.617
 3 Nisan 2025,$82.298
 4 Nisan 2025,$84.164
 5 Nisan 2025,$83.072
 6 Nisan 2025,$78.844
 7 Nisan 2025,$78.957
 8 Nisan 2025,$77.078
 9 Nisan 2025,$83.174
10 Nisan 2025,$79.868
11 Nisan 2025,$83.884
12 Nisan 2025,$85.497
13 Nisan 2025,$83.471
14 Nisan 2025,$84.936
15 Nisan 2025,$83.994
16 Nisan 2025,$84.268
17 Nisan 2025,$85.124
18 Nisan 2025,$84.487
19 Nisan 2025,$85.230
20 Nisan 2025,$85.076
21 Nisan 2025,$87.284
22 Nisan 2025,$91.112
23 Nisan 2025,$93.680
24 Nisan 2025,$93.440
25 Nisan 2025,$94.887
26 Nisan 2025,$94.122
27 Nisan 2025,$94.261
28 Nisan 2025,$94.486
29 Nisan 2025,$94.839
30 Nisan 2025,$94.596
 1 Mayıs 2025,$96.418
 2 Mayıs 2025,$97.024
 3 Mayıs 2025,$96.323
 4 Mayıs 2025,$95.695
 5 Mayıs 2025,$94.255
 6 Mayıs 2025,$94.674
 7 Mayıs 2025,$96.750
 8 Mayıs 2025,$102.627
 9 Mayıs 2025,$103.190
10 Mayıs 2025,$103.174
11 Mayıs 2025,$104.270
12 Mayıs 2025,$102.714
13 Mayıs 2025,$104.571
14 Mayıs 2025,$103.556
15 Mayıs 2025,$103.444
16 Mayıs 2025,$103.726
17 Mayıs 2025,$103.396
18 Mayıs 2025,$104.134
19 Mayıs 2025,$105.452
20 Mayıs 2025,$106.897
21 Mayıs 2025,$108.167
22 Mayıs 2025,$111.060
23 Mayıs 2025,$108.260
24 Mayıs 2025,$108.864
25 Mayıs 2025,$107.667
26 Mayıs 2025,$109.528
27 Mayıs 2025,$109.565
28 Mayıs 2025,$107.312
29 Mayıs 2025,$106.154
30 Mayıs 2025,$104.541
31 Mayıs 2025,$104.782
 1 Haziran 2025,$104.949
 2 Haziran 2025,$104.859
 3 Haziran 2025,$105.751
 4 Haziran 2025,$104.566
 5 Haziran 2025,$100.463
 6 Haziran 2025,$104.478
 7 Haziran 2025,$105.837
 8 Haziran 2025,$106.148
 9 Haziran 2025,$108.680
10 Haziran 2025,$109.972
11 Haziran 2025,$108.901
12 Haziran 2025,$105.922
13 Haziran 2025,$105.408
14 Haziran 2025,$104.894
15 Haziran 2025,$104.691
16 Haziran 2025,$108.762
17 Haziran 2025,$104.384
18 Haziran 2025,$104.797
19 Haziran 2025,$104.268
20 Haziran 2025,$103.677
21 Haziran 2025,$102.820
22 Haziran 2025,$99.536
23 Haziran 2025,$103.755
24 Haziran 2025,$106.076
25 Haziran 2025,$107.767
26 Haziran 2025,$107.755
27 Haziran 2025,$107.105
28 Haziran 2025,$107.204
29 Haziran 2025,$107.400
30 Haziran 2025,$107.551
 1 Temmuz 2025,$105.941
 2 Temmuz 2025,$109.156
 3 Temmuz 2025,$109.880
 4 Temmuz 2025,$107.730
 5 Temmuz 2025,$108.097
 6 Temmuz 2025,$108.675
 7 Temmuz 2025,$107.887
 8 Temmuz 2025,$108.676
 9 Temmuz 2025,$110.661
10 Temmuz 2025,$113.550
11 Temmuz 2025,$117.659
12 Temmuz 2025,$117.085
13 Temmuz 2025,$119.116
14 Temmuz 2025,$120.327
15 Temmuz 2025,$116.546
16 Temmuz 2025,$119.857
17 Temmuz 2025,$119.182
18 Temmuz 2025,$117.475
19 Temmuz 2025,$117.833
20 Temmuz 2025,$118.088
21 Temmuz 2025,$116.940
22 Temmuz 2025,$119.770
23 Temmuz 2025,$117.931
24 Temmuz 2025,$118.762
25 Temmuz 2025,$117.026
26 Temmuz 2025,$117.989
27 Temmuz 2025,$118.737
28 Temmuz 2025,$118.027
29 Temmuz 2025,$117.382
30 Temmuz 2025,$117.063
31 Temmuz 2025,$116.514
 1 Ağustos 2025,$113.857
 2 Ağustos 2025,$112.660
 3 Ağustos 2025,$114.432
 4 Ağustos 2025,$114.886
 5 Ağustos 2025,$113.633
 6 Ağustos 2025,$115.085
 7 Ağustos 2025,$117.181
 8 Ağustos 2025,$116.870
 9 Ağustos 2025,$116.773
10 Ağustos 2025,$118.386
11 Ağustos 2025,$118.880
12 Ağustos 2025,$120.159
13 Ağustos 2025,$122.973
14 Ağustos 2025,$117.828
15 Ağustos 2025,$117.292
16 Ağustos 2025,$117.640
17 Ağustos 2025,$117.610
18 Ağustos 2025,$116.366
19 Ağustos 2025,$113.549
20 Ağustos 2025,$114.375
21 Ağustos 2025,$112.592
22 Ağustos 2025,$116.993
23 Ağustos 2025,$115.314
24 Ağustos 2025,$112.699
25 Ağustos 2025,$109.684
26 Ağustos 2025,$111.336
27 Ağustos 2025,$112.393
28 Ağustos 2025,$111.920
29 Ağustos 2025,$107.782
30 Ağustos 2025,$108.629
31 Ağustos 2025,$109.106
 1 Eylül 2025,$108.753
 2 Eylül 2025,$111.393
 3 Eylül 2025,$112.186
 4 Eylül 2025,$110.353
 5 Eylül 2025,$111.578
 6 Eylül 2025,$110.152
 7 Eylül 2025,$111.278
 8 Eylül 2025,$112.008
 9 Eylül 2025,$111.499
10 Eylül 2025,$113.617
11 Eylül 2025,$114.420
12 Eylül 2025,$116.140
13 Eylül 2025,$115.919
14 Eylül 2025,$115.802
15 Eylül 2025,$115.299
16 Eylül 2025,$116.866
17 Eylül 2025,$115.582
18 Eylül 2025,$117.550
19 Eylül 2025,$115.286
20 Eylül 2025,$115.775
21 Eylül 2025,$115.361
22 Eylül 2025,$112.860
23 Eylül 2025,$111.977
24 Eylül 2025,$113.589
25 Eylül 2025,$109.095
26 Eylül 2025,$109.310
27 Eylül 2025,$109.390
28 Eylül 2025,$110.839
29 Eylül 2025,$114.250
30 Eylül 2025,$114.615
 1 Ekim 2025,$117.473
 2 Ekim 2025,$120.609
 3 Ekim 2025,$122.490
 4 Ekim 2025,$121.917
 5 Ekim 2025,$122.810
 6 Ekim 2025,$125.233
 7 Ekim 2025,$121.999
 8 Ekim 2025,$123.120
 9 Ekim 2025,$121.095
10 Ekim 2025,$114.251
11 Ekim 2025,$110.314
12 Ekim 2025,$114.990
13 Ekim 2025,$115.527
14 Ekim 2025,$112.932
15 Ekim 2025,$111.118
16 Ekim 2025,$107.652
17 Ekim 2025,$107.034
18 Ekim 2025,$107.060
19 Ekim 2025,$108.869
20 Ekim 2025,$110.994
21 Ekim 2025,$110.905
22 Ekim 2025,$107.642
23 Ekim 2025,$109.535
24 Ekim 2025,$110.823
25 Ekim 2025,$111.505
26 Ekim 2025,$113.423
27 Ekim 2025,$114.421
28 Ekim 2025,$112.837
29 Ekim 2025,$111.458
30 Ekim 2025,$107.547
31 Ekim 2025,$109.438
 1 Kasım 2025,$110.403
 2 Kasım 2025,$110.079
 3 Kasım 2025,$106.376
 4 Kasım 2025,$100.720
 5 Kasım 2025,$103.891
 6 Kasım 2025,$100.881
 7 Kasım 2025,$103.765
 8 Kasım 2025,$102.058
 9 Kasım 2025,$104.607
10 Kasım 2025,$105.936
11 Kasım 2025,$102.808
12 Kasım 2025,$101.528
13 Kasım 2025,$98.176
14 Kasım 2025,$94.225
15 Kasım 2025,$95.208
16 Kasım 2025,$94.252
17 Kasım 2025,$91.939
18 Kasım 2025,$92.822
19 Kasım 2025,$89.570
20 Kasım 2025,$86.405
21 Kasım 2025,$84.582
22 Kasım 2025,$84.448
23 Kasım 2025,$87.499
24 Kasım 2025,$89.142
25 Kasım 2025,$87.394
26 Kasım 2025,$89.928
27 Kasım 2025,$91.436
28 Kasım 2025,$91.150
29 Kasım 2025,$91.000
30 Kasım 2025,$91.339
 1 Aralık 2025,$85.510
 2 Aralık 2025,$90.990
 3 Aralık 2025,$92.925
 4 Aralık 2025,$92.516
 5 Aralık 2025,$89.309
 6 Aralık 2025,$89.549
 7 Aralık 2025,$91.450
 8 Aralık 2025,$90.900
"
              
                Bitcoin
              
            ",$90.670
"
              
                Ethereum
              
            ","$3.128,19"
"
              
                Ripple
              
            ","$2,0857"
"
              
                Litecoin
              
            ","$83,66"
"
              
                Euro Amerikan Doları
              
            ","1,1640"
"
              
                Dolar Endeksi
              
            ","99,0500"
"
              
                Brent Petrol
              
            ","$62,32"
"
              
                TR 2 Yıllık Tahvil Faizi
              
            ","38,09"
"
              
                Döviz Sepeti
              
            ","46,0950"
"
              
                BIST 100
              
            ","11.189,50"
