,Tarih,Yıl,Ay,Alış (Forex),Satış (Forex),Gun,Haftalik_Ortalama,Onceki_Gun_Fiyat
0,2020-12-15,2020,12,9.5184,9.5355,15,9.519342857142858,9.5624
1,2020-12-16,2020,12,9.4908,9.5079,16,9.519271428571429,9.5184
2,2020-12-17,2020,12,9.4817,9.4988,17,9.522085714285714,9.4908
3,2020-12-18,2020,12,9.423,9.44,18,9.513371428571428,9.4817
4,2020-12-21,2020,12,9.3504,9.3672,21,9.492971428571428,9.423
5,2020-12-22,2020,12,9.3347,9.3515,22,9.451628571428571,9.3504
6,2020-12-23,2020,12,9.303,9.3197,23,9.41457142857143,9.3347
7,2020-12-24,2020,12,9.2948,9.3116,24,9.382628571428572,9.303
8,2020-12-25,2020,12,9.2037,9.2203,25,9.341614285714286,9.2948
9,2020-12-28,2020,12,9.137,9.1535,28,9.292371428571428,9.2037
10,2020-12-29,2020,12,9.0697,9.0861,29,9.2419,9.137
11,2020-12-30,2020,12,9.0079,9.0241,30,9.192971428571427,9.0697
12,2020-12-31,2020,12,9.1164,9.1329,31,9.161785714285713,9.0079
13,2021-01-04,2021,1,9.0382,9.0545,4,9.123957142857142,9.1164
14,2021-01-05,2021,1,9.0656,9.082,5,9.091214285714285,9.0382
15,2021-01-06,2021,1,9.0397,9.056,6,9.067785714285714,9.0656
16,2021-01-07,2021,1,8.9342,8.9503,7,9.038814285714285,9.0397
17,2021-01-08,2021,1,8.9968,9.013,8,9.0284,8.9342
18,2021-01-11,2021,1,9.0629,9.0792,11,9.036257142857142,8.9968
19,2021-01-12,2021,1,9.0693,9.0856,12,9.029528571428571,9.0629
20,2021-01-13,2021,1,9.0552,9.0715,13,9.031957142857141,9.0693
21,2021-01-14,2021,1,8.9815,8.9976,14,9.019942857142857,9.0552
22,2021-01-15,2021,1,8.9635,8.9797,15,9.009057142857143,8.9815
23,2021-01-18,2021,1,9.0457,9.062,18,9.024985714285714,8.9635
24,2021-01-19,2021,1,9.0235,9.0397,19,9.0288,9.0457
25,2021-01-20,2021,1,9.0232,9.0394,20,9.023128571428572,9.0235
26,2021-01-21,2021,1,8.9597,8.9759,21,9.00747142857143,9.0232
27,2021-01-22,2021,1,9.0044,9.0206,22,9.000214285714287,8.9597
28,2021-01-25,2021,1,8.9778,8.9939,25,8.999685714285715,9.0044
29,2021-01-26,2021,1,8.955,8.9711,26,8.99847142857143,8.9778
30,2021-01-27,2021,1,8.9276,8.9437,27,8.9816,8.955
31,2021-01-28,2021,1,8.9216,8.9377,28,8.967042857142857,8.9276
32,2021-01-29,2021,1,8.8718,8.8878,29,8.945414285714286,8.9216
33,2021-02-01,2021,2,8.7345,8.7502,1,8.913242857142858,8.8718
34,2021-02-02,2021,2,8.607,8.6225,2,8.856471428571428,8.7345
35,2021-02-03,2021,2,8.5995,8.615,3,8.802428571428573,8.607
36,2021-02-04,2021,2,8.5559,8.5713,4,8.745414285714286,8.5995
37,2021-02-05,2021,2,8.4764,8.4916,5,8.680957142857142,8.5559
38,2021-02-08,2021,2,8.5036,8.5189,8,8.621242857142857,8.4764
39,2021-02-09,2021,2,8.5664,8.5818,9,8.577614285714287,8.5036
40,2021-02-10,2021,2,8.5517,8.5671,10,8.5515,8.5664
41,2021-02-11,2021,2,8.5374,8.5527,11,8.541557142857144,8.5517
42,2021-02-12,2021,2,8.4977,8.513,12,8.527014285714285,8.5374
43,2021-02-15,2021,2,8.4607,8.476,15,8.513414285714287,8.4977
44,2021-02-16,2021,2,8.4026,8.4177,16,8.502871428571428,8.4607
45,2021-02-17,2021,2,8.4558,8.471,17,8.496042857142857,8.4026
46,2021-02-18,2021,2,8.3867,8.4019,18,8.470371428571427,8.4558
47,2021-02-19,2021,2,8.4407,8.456,19,8.454514285714286,8.3867
48,2021-02-22,2021,2,8.475,8.4903,22,8.445599999999999,8.4407
49,2021-02-23,2021,2,8.5418,8.5572,23,8.4519,8.475
50,2021-02-24,2021,2,8.6774,8.693,24,8.482857142857142,8.5418
51,2021-02-25,2021,2,8.7811,8.7969,25,8.536928571428572,8.6774
52,2021-02-26,2021,2,8.942,8.9581,26,8.606385714285715,8.7811
53,2021-03-01,2021,3,8.8059,8.8217,1,8.666271428571429,8.942
54,2021-03-02,2021,3,8.7855,8.8013,2,8.715528571428573,8.8059
55,2021-03-03,2021,3,8.8679,8.8839,3,8.771657142857142,8.7855
56,2021-03-04,2021,3,8.9768,8.993,4,8.8338,8.8679
57,2021-03-05,2021,3,8.9643,8.9804,5,8.874785714285716,8.9768
58,2021-03-08,2021,3,9.0208,9.0371,8,8.909028571428571,8.9643
59,2021-03-09,2021,3,9.0851,9.1015,9,8.929471428571429,9.0208
60,2021-03-10,2021,3,9.0315,9.0477,10,8.961699999999999,9.0851
61,2021-03-11,2021,3,8.8995,8.9155,11,8.977985714285714,9.0315
62,2021-03-12,2021,3,9.0326,9.0489,12,9.001514285714286,8.8995
63,2021-03-15,2021,3,8.9912,9.0073,15,9.003571428571428,9.0326
64,2021-03-16,2021,3,8.954,8.9702,16,9.0021,8.9912
65,2021-03-17,2021,3,8.9242,8.9402,17,8.9883,8.954
66,2021-03-18,2021,3,8.9113,8.9274,18,8.963471428571427,8.9242
67,2021-03-19,2021,3,8.6566,8.6722,19,8.909914285714287,8.9113
68,2021-03-22,2021,3,9.4069,9.4239,22,8.9824,8.6566
69,2021-03-23,2021,3,9.2902,9.307,23,9.0192,9.4069
70,2021-03-24,2021,3,9.4257,9.4427,24,9.081271428571428,9.2902
71,2021-03-25,2021,3,9.3778,9.3947,25,9.141814285714286,9.4257
72,2021-03-26,2021,3,9.415,9.4319,26,9.211928571428572,9.3778
73,2021-03-29,2021,3,9.5618,9.579,29,9.304857142857143,9.415
74,2021-03-30,2021,3,9.7741,9.7917,30,9.4645,9.5618
75,2021-03-31,2021,3,9.7688,9.7864,31,9.5162,9.7741
76,2021-04-01,2021,4,9.5898,9.6071,1,9.559,9.7688
77,2021-04-02,2021,4,9.4646,9.4816,2,9.564557142857144,9.5898
78,2021-04-05,2021,4,9.5622,9.5794,5,9.590900000000001,9.4646
79,2021-04-06,2021,4,9.6191,9.6364,6,9.620057142857144,9.5622
80,2021-04-07,2021,4,9.7075,9.725,7,9.640871428571428,9.6191
81,2021-04-08,2021,4,9.6808,9.6982,8,9.627542857142856,9.7075
82,2021-04-09,2021,4,9.6777,9.6951,9,9.61452857142857,9.6808
83,2021-04-12,2021,4,9.7149,9.7324,12,9.6324,9.6777
84,2021-04-13,2021,4,9.6805,9.6979,13,9.663242857142858,9.7149
85,2021-04-14,2021,4,9.6558,9.6732,14,9.676614285714285,9.6805
86,2021-04-15,2021,4,9.647,9.6644,15,9.6806,9.6558
87,2021-04-16,2021,4,9.6524,9.6698,16,9.67272857142857,9.647
88,2021-04-19,2021,4,9.6802,9.6977,19,9.672642857142858,9.6524
89,2021-04-20,2021,4,9.7718,9.7894,20,9.686085714285714,9.6802
90,2021-04-21,2021,4,9.7816,9.7992,21,9.695614285714285,9.7718
91,2021-04-22,2021,4,9.9576,9.9755,22,9.7352,9.7816
92,2021-04-26,2021,4,10.0735,10.0916,26,9.794871428571428,9.9576
93,2021-04-27,2021,4,9.9371,9.955,27,9.836314285714284,10.0735
94,2021-04-28,2021,4,9.8799,9.8977,28,9.868814285714285,9.9371
95,2021-04-29,2021,4,9.909,9.9269,29,9.901499999999999,9.8799
96,2021-04-30,2021,4,9.9545,9.9724,30,9.9276,9.909
97,2021-05-03,2021,5,9.9885,10.0065,3,9.957157142857142,9.9545
98,2021-05-04,2021,5,9.9837,10.0017,4,9.960885714285714,9.9885
99,2021-05-05,2021,5,10.0109,10.029,5,9.951942857142857,9.9837
100,2021-05-06,2021,5,9.9979,10.0159,6,9.960628571428572,10.0109
101,2021-05-07,2021,5,9.9879,10.0059,7,9.976057142857144,9.9979
102,2021-05-10,2021,5,10.0284,10.0465,10,9.993114285714285,9.9879
103,2021-05-11,2021,5,10.0727,10.0909,11,10.01,10.0284
104,2021-05-17,2021,5,10.1403,10.1586,17,10.031685714285715,10.0727
105,2021-05-18,2021,5,10.1667,10.185,18,10.057828571428571,10.1403
106,2021-05-20,2021,5,10.2043,10.2226,20,10.085457142857143,10.1667
107,2021-05-21,2021,5,10.2072,10.2256,21,10.115357142857144,10.2043
108,2021-05-24,2021,5,10.2278,10.2462,24,10.149628571428574,10.2072
109,2021-05-25,2021,5,10.2861,10.3046,25,10.186442857142856,10.2278
110,2021-05-26,2021,5,10.3227,10.3413,26,10.222157142857142,10.2861
111,2021-05-27,2021,5,10.2849,10.3035,27,10.242814285714287,10.3227
112,2021-05-28,2021,5,10.4147,10.4334,28,10.278242857142857,10.2849
113,2021-05-31,2021,5,10.3629,10.3816,31,10.3009,10.4147
114,2021-06-01,2021,6,10.3998,10.4185,1,10.328414285714286,10.3629
115,2021-06-02,2021,6,10.4895,10.5084,2,10.365799999999998,10.3998
116,2021-06-03,2021,6,10.5091,10.528,3,10.397657142857144,10.4895
117,2021-06-04,2021,6,10.516,10.535,4,10.42527142857143,10.5091
118,2021-06-07,2021,6,10.4825,10.5014,7,10.4535,10.516
119,2021-06-08,2021,6,10.4585,10.4773,8,10.459757142857143,10.4825
120,2021-06-09,2021,6,10.4515,10.4703,9,10.472414285714285,10.4585
121,2021-06-10,2021,6,10.3808,10.3995,10,10.4697,10.4515
122,2021-06-11,2021,6,10.1615,10.1798,11,10.422842857142857,10.3808
123,2021-06-14,2021,6,10.0998,10.118,14,10.36437142857143,10.1615
124,2021-06-15,2021,6,10.3646,10.3833,15,10.342742857142856,10.0998
125,2021-06-16,2021,6,10.3327,10.3513,16,10.321342857142858,10.3646
126,2021-06-17,2021,6,10.3072,10.3258,17,10.299728571428572,10.3327
127,2021-06-18,2021,6,10.3197,10.3383,18,10.2809,10.3072
128,2021-06-21,2021,6,10.4032,10.422,21,10.284099999999999,10.3197
129,2021-06-22,2021,6,10.3722,10.3909,22,10.3142,10.4032
130,2021-06-23,2021,6,10.2828,10.3013,23,10.340342857142858,10.3722
131,2021-06-24,2021,6,10.3356,10.3542,24,10.336200000000002,10.2828
132,2021-06-25,2021,6,10.3646,10.3833,25,10.340757142857143,10.3356
133,2021-06-28,2021,6,10.4077,10.4265,28,10.355114285714285,10.3646
134,2021-06-29,2021,6,10.3645,10.3832,29,10.361514285714284,10.4077
135,2021-06-30,2021,6,10.3249,10.3435,30,10.350328571428573,10.3645
136,2021-07-01,2021,7,10.2889,10.3074,1,10.33842857142857,10.3249
137,2021-07-02,2021,7,10.2657,10.2841,2,10.335985714285714,10.2889
138,2021-07-05,2021,7,10.287,10.3055,5,10.329042857142857,10.2657
139,2021-07-06,2021,7,10.2562,10.2747,6,10.313557142857144,10.287
140,2021-07-07,2021,7,10.2469,10.2653,7,10.290585714285713,10.2562
141,2021-07-08,2021,7,10.2721,10.2906,8,10.277385714285714,10.2469
142,2021-07-09,2021,7,10.2712,10.2897,9,10.269714285714286,10.2721
143,2021-07-12,2021,7,10.2354,10.2538,12,10.26207142857143,10.2712
144,2021-07-13,2021,7,10.1926,10.211,13,10.251628571428572,10.2354
145,2021-07-14,2021,7,10.156,10.1743,14,10.232914285714287,10.1926
146,2021-07-16,2021,7,10.0483,10.0664,16,10.203214285714285,10.156
147,2021-07-26,2021,7,10.105,10.1232,26,10.182942857142857,10.0483
148,2021-07-27,2021,7,10.0896,10.1077,27,10.15687142857143,10.105
149,2021-07-28,2021,7,10.0929,10.1111,28,10.1314,10.0896
150,2021-07-29,2021,7,10.0862,10.1043,29,10.110085714285715,10.0929
151,2021-07-30,2021,7,10.0084,10.0264,30,10.083771428571428,10.0862
152,2021-08-02,2021,8,9.9677,9.9857,2,10.056871428571428,10.0084
153,2021-08-03,2021,8,9.8906,9.9084,3,10.034342857142859,9.9677
154,2021-08-04,2021,8,9.9891,10.0071,4,10.017785714285713,9.8906
155,2021-08-05,2021,8,10.0976,10.1158,5,10.018928571428571,9.9891
156,2021-08-06,2021,8,10.1149,10.1331,6,10.022071428571428,10.0976
157,2021-08-09,2021,8,10.1622,10.1805,9,10.032928571428572,10.1149
158,2021-08-10,2021,8,10.1112,10.1294,10,10.047614285714287,10.1622
159,2021-08-11,2021,8,10.1014,10.1195,11,10.066714285714285,10.1112
160,2021-08-12,2021,8,10.064,10.0821,12,10.091485714285714,10.1014
161,2021-08-13,2021,8,10.0251,10.0431,13,10.096628571428571,10.064
162,2021-08-16,2021,8,9.9762,9.9941,16,10.079285714285714,10.0251
163,2021-08-17,2021,8,9.9022,9.9201,17,10.0489,9.9762
164,2021-08-18,2021,8,9.9174,9.9353,18,10.01392857142857,9.9022
165,2021-08-19,2021,8,9.9491,9.967,19,9.99077142857143,9.9174
166,2021-08-20,2021,8,9.9551,9.973,20,9.969871428571428,9.9491
167,2021-08-23,2021,8,9.9144,9.9323,23,9.9485,9.9551
168,2021-08-24,2021,8,9.8728,9.8906,24,9.926742857142857,9.9144
169,2021-08-25,2021,8,9.8404,9.8581,25,9.907342857142856,9.8728
170,2021-08-26,2021,8,9.8352,9.8529,26,9.89777142857143,9.8404
171,2021-08-27,2021,8,9.8494,9.8671,27,9.888057142857141,9.8352
172,2021-08-31,2021,8,9.8228,9.8405,31,9.870014285714285,9.8494
173,2021-09-01,2021,9,9.791,9.8086,1,9.846571428571428,9.8228
174,2021-09-02,2021,9,9.7911,9.8087,2,9.828957142857144,9.791
175,2021-09-03,2021,9,9.8492,9.8669,3,9.825585714285713,9.7911
176,2021-09-06,2021,9,9.8199,9.8376,6,9.822657142857143,9.8492
177,2021-09-07,2021,9,9.8506,9.8684,7,9.824857142857143,9.8199
178,2021-09-08,2021,9,9.9394,9.9573,8,9.837714285714286,9.8506
179,2021-09-09,2021,9,10.0142,10.0322,9,9.865057142857141,9.9394
180,2021-09-10,2021,9,9.9478,9.9658,10,9.887457142857143,10.0142
181,2021-09-13,2021,9,9.9496,9.9675,13,9.9101,9.9478
182,2021-09-14,2021,9,9.9615,9.9795,14,9.926142857142858,9.9496
183,2021-09-15,2021,9,9.9616,9.9796,15,9.946385714285714,9.9615
184,2021-09-16,2021,9,9.9382,9.9561,16,9.9589,9.9616
185,2021-09-17,2021,9,10.0921,10.1103,17,9.980714285714287,9.9382
186,2021-09-20,2021,9,10.1467,10.165,20,9.999642857142858,10.0921
187,2021-09-21,2021,9,10.1272,10.1454,21,10.025271428571429,10.1467
188,2021-09-22,2021,9,10.1291,10.1473,22,10.050914285714285,10.1272
189,2021-09-23,2021,9,10.1456,10.1639,23,10.077214285714287,10.1291
190,2021-09-24,2021,9,10.3526,10.3712,24,10.133071428571428,10.1456
191,2021-09-27,2021,9,10.3364,10.355,27,10.189957142857143,10.3526
192,2021-09-28,2021,9,10.3486,10.3672,28,10.226600000000001,10.3364
193,2021-09-29,2021,9,10.3135,10.3321,29,10.250428571428571,10.3486
194,2021-09-30,2021,9,10.2933,10.3118,30,10.274157142857144,10.3135
195,2021-10-01,2021,10,10.2484,10.2669,1,10.2912,10.2933
196,2021-10-04,2021,10,10.2822,10.3008,4,10.310714285714285,10.2484
197,2021-10-05,2021,10,10.2583,10.2768,5,10.297242857142857,10.2822
198,2021-10-06,2021,10,10.2876,10.3062,6,10.290271428571428,10.2583
199,2021-10-07,2021,10,10.2469,10.2654,7,10.275742857142857,10.2876
200,2021-10-08,2021,10,10.2832,10.3018,8,10.271414285714286,10.2469
201,2021-10-11,2021,10,10.3398,10.3584,11,10.278057142857142,10.2832
202,2021-10-12,2021,10,10.4026,10.4213,12,10.300085714285714,10.3398
203,2021-10-13,2021,10,10.4268,10.4455,13,10.320742857142857,10.4026
204,2021-10-14,2021,10,10.612,10.6311,14,10.37127142857143,10.4268
205,2021-10-15,2021,10,10.6785,10.6978,15,10.427114285714286,10.612
206,2021-10-18,2021,10,10.7375,10.7568,18,10.497200000000001,10.6785
207,2021-10-19,2021,10,10.8237,10.8432,19,10.574414285714285,10.7375
208,2021-10-20,2021,10,10.8308,10.8503,20,10.644557142857142,10.8237
209,2021-10-21,2021,10,10.8108,10.8303,21,10.702871428571429,10.8308
210,2021-10-22,2021,10,11.1566,11.1767,22,10.807128571428573,10.8108
211,2021-10-25,2021,10,11.3283,11.3487,25,10.909457142857141,11.1566
212,2021-10-26,2021,10,10.9812,11.001,26,10.952699999999998,11.3283
213,2021-10-27,2021,10,10.998,11.0179,27,10.989914285714287,10.9812
214,2021-11-01,2021,11,11.0216,11.0415,1,11.018185714285712,10.998
215,2021-11-02,2021,11,11.0413,11.0612,2,11.048257142857143,11.0216
216,2021-11-03,2021,11,11.1892,11.2094,3,11.102314285714286,11.0413
217,2021-11-04,2021,11,11.199,11.2192,4,11.108371428571429,11.1892
218,2021-11-05,2021,11,11.1995,11.2197,5,11.08997142857143,11.199
219,2021-11-08,2021,11,11.2013,11.2215,8,11.121414285714286,11.1995
220,2021-11-09,2021,11,11.2469,11.2672,9,11.156971428571428,11.2013
221,2021-11-10,2021,11,11.3156,11.336,10,11.19897142857143,11.2469
222,2021-11-11,2021,11,11.3726,11.393,11,11.2463,11.3156
223,2021-11-12,2021,11,11.3448,11.3653,12,11.268528571428572,11.3726
224,2021-11-15,2021,11,11.4282,11.4488,15,11.301271428571429,11.3448
225,2021-11-16,2021,11,11.5606,11.5814,16,11.352857142857143,11.4282
226,2021-11-17,2021,11,11.7627,11.7839,17,11.433057142857141,11.5606
227,2021-11-18,2021,11,12.1224,12.1443,18,11.558128571428572,11.7627
228,2021-11-19,2021,11,12.4815,12.504,19,11.724685714285714,12.1224
229,2021-11-22,2021,11,12.5938,12.6165,22,11.89914285714286,12.4815
230,2021-11-23,2021,11,13.6789,13.7035,23,12.232585714285715,12.5938
231,2021-11-24,2021,11,14.1524,14.1779,24,12.621757142857144,13.6789
232,2021-11-25,2021,11,13.464,13.4883,25,12.893671428571428,14.1524
233,2021-11-26,2021,11,13.5971,13.6216,26,13.15572857142857,13.464
234,2021-11-29,2021,11,14.2793,14.305,29,13.463857142857142,13.5971
235,2021-11-30,2021,11,14.6798,14.7062,30,13.7779,14.2793
236,2021-12-01,2021,12,15.1049,15.1321,1,14.136628571428572,14.6798
237,2021-12-02,2021,12,15.1838,15.2112,2,14.351614285714286,15.1049
238,2021-12-03,2021,12,15.4548,15.4826,3,14.537671428571429,15.1838
239,2021-12-06,2021,12,15.5503,15.5783,6,14.835714285714285,15.4548
240,2021-12-07,2021,12,15.4101,15.4378,7,15.094714285714286,15.5503
241,2021-12-08,2021,12,15.3754,15.4031,8,15.251299999999999,15.4101
242,2021-12-09,2021,12,15.5577,15.5858,9,15.376714285714286,15.3754
243,2021-12-10,2021,12,15.6094,15.6375,10,15.448785714285714,15.5577
244,2021-12-13,2021,12,16.0663,16.0953,13,15.574857142857143,15.6094
245,2021-12-14,2021,12,16.0096,16.0384,14,15.654114285714286,16.0663
246,2021-12-15,2021,12,16.494,16.5237,15,15.788928571428572,16.0096
247,2021-12-16,2021,12,17.1957,17.2267,16,16.044014285714287,16.494
248,2021-12-17,2021,12,18.5044,18.5377,17,16.491014285714282,17.1957
249,2021-12-20,2021,12,19.6788,19.7143,20,17.079742857142858,18.5044
250,2021-12-21,2021,12,14.7024,14.7289,21,16.95017142857143,19.6788
251,2021-12-22,2021,12,14.0483,14.0736,22,16.661885714285713,14.7024
252,2021-12-23,2021,12,12.9683,12.9917,23,16.227414285714286,14.0483
253,2021-12-24,2021,12,13.2926,13.3166,24,15.770071428571427,12.9683
254,2021-12-27,2021,12,12.8903,12.9135,27,15.155014285714286,13.2926
255,2021-12-28,2021,12,13.4,13.4241,28,14.425814285714285,12.8903
256,2021-12-29,2021,12,13.8011,13.8259,29,13.586142857142857,13.4
257,2021-12-30,2021,12,14.6823,14.7088,30,13.583271428571427,13.8011
258,2021-12-31,2021,12,15.0867,15.1139,31,13.731614285714285,14.6823
259,2022-01-03,2022,1,15.2342,15.2616,3,14.055314285714285,15.0867
260,2022-01-04,2022,1,14.8902,14.917,4,14.283542857142859,15.2342
261,2022-01-05,2022,1,15.1137,15.1409,5,14.601171428571428,14.8902
262,2022-01-06,2022,1,15.4105,15.4383,6,14.888385714285715,15.1137
263,2022-01-07,2022,1,15.5501,15.5781,7,15.138242857142856,15.4105
264,2022-01-10,2022,1,15.5443,15.5723,10,15.261385714285714,15.5501
265,2022-01-11,2022,1,15.5689,15.597,11,15.330271428571427,15.5443
266,2022-01-12,2022,1,15.5908,15.6189,12,15.381214285714288,15.5689
267,2022-01-13,2022,1,15.5177,15.5457,13,15.470857142857142,15.5908
268,2022-01-14,2022,1,15.4799,15.5078,14,15.523171428571429,15.5177
269,2022-01-17,2022,1,15.394,15.4217,17,15.520814285714286,15.4799
270,2022-01-18,2022,1,15.395,15.4227,18,15.498657142857143,15.394
271,2022-01-19,2022,1,15.3848,15.4125,19,15.475871428571427,15.395
272,2022-01-20,2022,1,15.2577,15.2852,20,15.431414285714284,15.3848
273,2022-01-21,2022,1,15.1892,15.2166,21,15.374042857142856,15.2577
274,2022-01-24,2022,1,15.1506,15.1779,24,15.321600000000002,15.1892
275,2022-01-25,2022,1,15.2425,15.27,25,15.287685714285715,15.1506
276,2022-01-26,2022,1,15.2404,15.2678,26,15.265742857142856,15.2425
277,2022-01-27,2022,1,15.2159,15.2433,27,15.240157142857143,15.2404
278,2022-01-28,2022,1,15.1536,15.1809,28,15.207128571428571,15.2159
279,2022-01-31,2022,1,14.9676,14.9946,31,15.165685714285715,15.1536
280,2022-02-01,2022,2,15.0503,15.0774,1,15.145842857142858,14.9676
281,2022-02-02,2022,2,15.1653,15.1926,2,15.147942857142855,15.0503
282,2022-02-03,2022,2,15.3002,15.3278,3,15.156185714285714,15.1653
283,2022-02-04,2022,2,15.5162,15.5441,4,15.195585714285714,15.3002
284,2022-02-07,2022,2,15.4812,15.509,7,15.233485714285715,15.5162
285,2022-02-08,2022,2,15.5412,15.5692,8,15.288857142857143,15.4812
286,2022-02-09,2022,2,15.5002,15.5281,9,15.364942857142855,15.5412
287,2022-02-10,2022,2,15.4713,15.4991,10,15.425085714285714,15.5002
288,2022-02-11,2022,2,15.3674,15.3951,11,15.453957142857144,15.4713
289,2022-02-14,2022,2,15.327,15.3546,14,15.457785714285714,15.3674
290,2022-02-15,2022,2,15.4218,15.4496,15,15.4443,15.327
291,2022-02-16,2022,2,15.4927,15.5207,16,15.445942857142857,15.4218
292,2022-02-17,2022,2,15.462,15.4899,17,15.434628571428572,15.4927
293,2022-02-18,2022,2,15.4745,15.5024,18,15.430957142857142,15.462
294,2022-02-21,2022,2,15.4651,15.4929,21,15.430071428571429,15.4745
295,2022-02-22,2022,2,15.5648,15.5928,22,15.458271428571427,15.4651
296,2022-02-23,2022,2,15.6358,15.664,23,15.502385714285714,15.5648
297,2022-02-24,2022,2,15.9627,15.9914,24,15.579657142857142,15.6358
298,2022-02-25,2022,2,15.7097,15.738,25,15.610657142857141,15.9627
299,2022-02-28,2022,2,15.4724,15.5002,28,15.612142857142857,15.7097
300,2022-03-01,2022,3,15.5556,15.5836,1,15.623728571428572,15.4724
301,2022-03-02,2022,3,15.5729,15.601,2,15.639128571428571,15.5556
302,2022-03-03,2022,3,15.6521,15.6803,3,15.651600000000002,15.5729
303,2022-03-04,2022,3,15.6017,15.6298,4,15.646728571428572,15.6521
304,2022-03-07,2022,3,15.5309,15.5589,7,15.585042857142858,15.6017
305,2022-03-08,2022,3,15.7502,15.7786,8,15.590828571428572,15.5309
306,2022-03-09,2022,3,15.9918,16.0207,9,15.66502857142857,15.7502
307,2022-03-10,2022,3,16.2842,16.3135,10,15.769114285714286,15.9918
308,2022-03-11,2022,3,16.3758,16.4053,11,15.883814285714285,16.2842
309,2022-03-14,2022,3,16.1627,16.1918,14,15.956757142857144,16.3758
310,2022-03-15,2022,3,16.217,16.2462,15,16.044657142857144,16.1627
311,2022-03-16,2022,3,16.1254,16.1545,16,16.129585714285714,16.217
312,2022-03-17,2022,3,16.2065,16.2357,17,16.19477142857143,16.1254
313,2022-03-18,2022,3,16.3261,16.3555,18,16.242528571428572,16.2065
314,2022-03-21,2022,3,16.3668,16.3963,21,16.254328571428573,16.3261
315,2022-03-22,2022,3,16.2734,16.3028,22,16.2397,16.3668
316,2022-03-23,2022,3,16.2985,16.3279,23,16.2591,16.2734
317,2022-03-24,2022,3,16.2825,16.3118,24,16.26845714285714,16.2985
318,2022-03-25,2022,3,16.3136,16.343,25,16.295342857142856,16.2825
319,2022-03-28,2022,3,16.262,16.2913,28,16.303271428571428,16.3136
320,2022-03-29,2022,3,16.3117,16.3411,29,16.301214285714284,16.262
321,2022-03-30,2022,3,16.3086,16.338,30,16.2929,16.3117
322,2022-03-31,2022,3,16.2855,16.3148,31,16.29462857142857,16.3086
323,2022-04-01,2022,4,16.2145,16.2437,1,16.28262857142857,16.2855
324,2022-04-04,2022,4,16.1796,16.2087,4,16.26792857142857,16.2145
325,2022-04-05,2022,4,16.1262,16.1552,5,16.241157142857144,16.1796
326,2022-04-06,2022,4,16.0543,16.0833,6,16.211485714285715,16.1262
327,2022-04-07,2022,4,16.0523,16.0812,7,16.17442857142857,16.0543
328,2022-04-08,2022,4,16.0012,16.03,8,16.130514285714288,16.0523
329,2022-04-11,2022,4,16.0497,16.0787,11,16.09682857142857,16.0012
330,2022-04-12,2022,4,15.933,15.9617,12,16.056614285714286,16.0497
331,2022-04-13,2022,4,15.7713,15.7997,13,15.998285714285716,15.933
332,2022-04-14,2022,4,15.9114,15.9401,14,15.967600000000001,15.7713
333,2022-04-15,2022,4,15.8056,15.8341,15,15.93207142857143,15.9114
334,2022-04-18,2022,4,15.7912,15.8196,18,15.89477142857143,15.8056
335,2022-04-19,2022,4,15.801,15.8295,19,15.866171428571429,15.7912
336,2022-04-20,2022,4,15.8633,15.8919,20,15.839542857142858,15.801
337,2022-04-21,2022,4,15.9909,16.0197,21,15.847814285714287,15.8633
338,2022-04-22,2022,4,15.9017,15.9304,22,15.866442857142857,15.9909
339,2022-04-25,2022,4,15.8262,15.8547,25,15.854271428571428,15.9017
340,2022-04-26,2022,4,15.7779,15.8063,26,15.850314285714287,15.8262
341,2022-04-27,2022,4,15.6941,15.7224,27,15.836442857142856,15.7779
342,2022-04-28,2022,4,15.5448,15.5728,28,15.79984285714286,15.6941
343,2022-04-29,2022,4,15.6139,15.642,29,15.764214285714287,15.5448
344,2022-05-05,2022,5,15.7054,15.7337,5,15.723428571428572,15.6139
345,2022-05-06,2022,5,15.7147,15.743,6,15.696714285714284,15.7054
346,2022-05-09,2022,5,15.7587,15.7871,9,15.687071428571429,15.7147
347,2022-05-10,2022,5,16.0374,16.0663,10,15.724142857142855,15.7587
348,2022-05-11,2022,5,16.133,16.1621,11,15.786842857142858,16.0374
349,2022-05-12,2022,5,16.0354,16.0643,12,15.85692857142857,16.133
350,2022-05-13,2022,5,16.0455,16.0744,13,15.918585714285715,16.0354
351,2022-05-16,2022,5,16.2166,16.2458,16,15.991614285714286,16.0455
352,2022-05-17,2022,5,16.5628,16.5926,17,16.112771428571428,16.2166
353,2022-05-18,2022,5,16.7425,16.7727,18,16.253314285714286,16.5628
354,2022-05-20,2022,5,16.8483,16.8786,20,16.369157142857144,16.7425
355,2022-05-23,2022,5,16.8698,16.9002,23,16.474414285714285,16.8483
356,2022-05-24,2022,5,17.2255,17.2565,24,16.64442857142857,16.8698
357,2022-05-25,2022,5,17.366,17.3973,25,16.833071428571426,17.2255
358,2022-05-26,2022,5,17.5101,17.5417,26,17.017857142857142,17.366
359,2022-05-27,2022,5,17.527,17.5585,27,17.1556,17.5101
360,2022-05-30,2022,5,17.6019,17.6336,30,17.27837142857143,17.527
361,2022-05-31,2022,5,17.5702,17.6019,31,17.3815,17.6019
362,2022-06-01,2022,6,17.5916,17.6233,1,17.484614285714287,17.5702
363,2022-06-02,2022,6,17.57,17.6017,2,17.53382857142857,17.5916
364,2022-06-03,2022,6,17.7066,17.7385,3,17.582485714285717,17.57
365,2022-06-06,2022,6,17.7785,17.8105,6,17.62082857142857,17.7066
366,2022-06-07,2022,6,17.8408,17.873,7,17.665657142857143,17.7785
367,2022-06-08,2022,6,18.2931,18.326,8,17.7644,17.8408
368,2022-06-09,2022,6,18.43,18.4633,9,17.887228571428572,18.2931
369,2022-06-10,2022,6,18.0924,18.125,10,17.958771428571428,18.43
370,2022-06-13,2022,6,18.0353,18.0678,13,18.02524285714286,18.0924
371,2022-06-14,2022,6,18.0055,18.0379,14,18.067942857142857,18.0353
372,2022-06-15,2022,6,18.0818,18.1144,15,18.11127142857143,18.0055
373,2022-06-16,2022,6,17.984,18.0164,16,18.13172857142857,18.0818
374,2022-06-17,2022,6,18.173,18.2057,17,18.114571428571427,17.984
375,2022-06-20,2022,6,18.2219,18.2547,20,18.084842857142856,18.173
376,2022-06-21,2022,6,18.2799,18.3128,21,18.11162857142857,18.2219
377,2022-06-22,2022,6,18.2142,18.247,22,18.137185714285714,18.2799
378,2022-06-23,2022,6,18.2455,18.2784,23,18.17147142857143,18.2142
379,2022-06-24,2022,6,18.2753,18.3083,24,18.199114285714284,18.2455
380,2022-06-27,2022,6,17.6057,17.6375,27,18.14507142857143,18.2753
381,2022-06-28,2022,6,17.5858,17.6175,28,18.061185714285717,17.6057
382,2022-06-29,2022,6,17.5221,17.5536,29,17.961214285714284,17.5858
383,2022-06-30,2022,6,17.3701,17.4014,30,17.831242857142858,17.5221
384,2022-07-01,2022,7,17.4703,17.5018,1,17.72497142857143,17.3701
385,2022-07-04,2022,7,17.5322,17.5638,4,17.62307142857143,17.4703
386,2022-07-05,2022,7,17.5036,17.5351,5,17.51282857142857,17.5322
387,2022-07-06,2022,7,17.5783,17.61,6,17.508914285714287,17.5036
388,2022-07-07,2022,7,17.5988,17.6305,7,17.510771428571427,17.5783
389,2022-07-13,2022,7,17.4693,17.5007,13,17.503228571428572,17.5988
390,2022-07-14,2022,7,17.4977,17.5292,14,17.52145714285714,17.4693
391,2022-07-18,2022,7,17.7083,17.7402,18,17.555457142857144,17.4977
392,2022-07-19,2022,7,17.9559,17.9883,19,17.615985714285713,17.7083
393,2022-07-20,2022,7,17.9549,17.9873,20,17.680457142857144,17.9559
394,2022-07-21,2022,7,17.966,17.9984,21,17.735842857142856,17.9549
395,2022-07-22,2022,7,18.0087,18.0412,22,17.7944,17.966
396,2022-07-25,2022,7,18.1927,18.2255,25,17.897742857142855,18.0087
397,2022-07-26,2022,7,18.16,18.1927,26,17.99235714285714,18.1927
398,2022-07-27,2022,7,18.1286,18.1613,27,18.0524,18.16
399,2022-07-28,2022,7,18.2176,18.2504,28,18.089785714285714,18.1286
400,2022-07-29,2022,7,18.2977,18.3307,29,18.13875714285714,18.2176
401,2022-08-01,2022,8,18.3644,18.3975,1,18.195671428571426,18.2977
402,2022-08-02,2022,8,18.3502,18.3833,2,18.24445714285714,18.3644
403,2022-08-03,2022,8,18.2593,18.2922,3,18.253971428571425,18.3502
404,2022-08-04,2022,8,18.2617,18.2946,4,18.2685,18.2593
405,2022-08-05,2022,8,18.3515,18.3845,5,18.30034285714286,18.2617
406,2022-08-08,2022,8,18.285,18.3179,8,18.30997142857143,18.3515
407,2022-08-09,2022,8,18.3329,18.3659,9,18.315,18.285
408,2022-08-10,2022,8,18.3411,18.3742,10,18.31167142857143,18.3329
409,2022-08-11,2022,8,18.5263,18.5597,11,18.336828571428573,18.3411
410,2022-08-12,2022,8,18.4687,18.502,12,18.36674285714286,18.5263
411,2022-08-15,2022,8,18.3238,18.3568,15,18.375614285714285,18.4687
412,2022-08-16,2022,8,18.1958,18.2285,16,18.35337142857143,18.3238
413,2022-08-17,2022,8,18.2487,18.2816,17,18.348185714285712,18.1958
414,2022-08-18,2022,8,18.2694,18.3024,18,18.339114285714285,18.2487
415,2022-08-19,2022,8,18.2093,18.2421,19,18.320285714285713,18.2694
416,2022-08-22,2022,8,18.1184,18.151,22,18.262014285714287,18.2093
417,2022-08-23,2022,8,17.9664,17.9988,23,18.190257142857142,18.1184
418,2022-08-24,2022,8,18.0113,18.0438,24,18.145614285714284,17.9664
419,2022-08-25,2022,8,18.138,18.1707,25,18.137357142857145,18.0113
420,2022-08-26,2022,8,18.1354,18.1681,26,18.12117142857143,18.138
421,2022-08-29,2022,8,18.0933,18.1259,29,18.096014285714286,18.1354
422,2022-08-31,2022,8,18.1574,18.1901,31,18.088600000000003,18.0933
423,2022-09-01,2022,9,18.2226,18.2554,1,18.103485714285714,18.1574
424,2022-09-02,2022,9,18.1797,18.2125,2,18.133957142857145,18.2226
425,2022-09-05,2022,9,18.0545,18.087,5,18.14012857142857,18.1797
426,2022-09-06,2022,9,18.1153,18.1479,6,18.136885714285714,18.0545
427,2022-09-07,2022,9,18.0378,18.0703,7,18.122942857142856,18.1153
428,2022-09-08,2022,9,18.2218,18.2546,8,18.1413,18.0378
429,2022-09-09,2022,9,18.3622,18.3953,9,18.170557142857145,18.2218
430,2022-09-12,2022,9,18.5041,18.5375,12,18.21077142857143,18.3622
431,2022-09-13,2022,9,18.513,18.5463,13,18.258385714285716,18.5041
432,2022-09-14,2022,9,18.2196,18.2525,14,18.281971428571428,18.513
433,2022-09-15,2022,9,18.2095,18.2423,15,18.295428571428573,18.2196
434,2022-09-16,2022,9,18.1954,18.2281,16,18.31794285714286,18.2095
435,2022-09-19,2022,9,18.2271,18.2599,19,18.3187,18.1954
436,2022-09-20,2022,9,18.3014,18.3344,20,18.310014285714285,18.2271
437,2022-09-21,2022,9,18.1312,18.1638,21,18.256742857142857,18.3014
438,2022-09-22,2022,9,18.0785,18.1111,22,18.19467142857143,18.1312
439,2022-09-23,2022,9,17.9431,17.9755,23,18.15517142857143,18.0785
440,2022-09-26,2022,9,17.7909,17.8229,26,18.09537142857143,17.9431
441,2022-09-27,2022,9,17.7719,17.804,27,18.034871428571428,17.7909
442,2022-09-28,2022,9,17.6711,17.7029,28,17.955442857142856,17.7719
443,2022-09-29,2022,9,17.9232,17.9555,29,17.901414285714285,17.6711
444,2022-09-30,2022,9,18.1395,18.1722,30,17.9026,17.9232
445,2022-10-03,2022,10,18.1474,18.1801,3,17.912442857142857,18.1395
446,2022-10-04,2022,10,18.3233,18.3563,4,17.966757142857144,18.1474
447,2022-10-05,2022,10,18.4388,18.472,5,18.059314285714287,18.3233
448,2022-10-06,2022,10,18.3543,18.3873,6,18.142514285714288,18.4388
449,2022-10-07,2022,10,18.1795,18.2123,7,18.215142857142858,18.3543
450,2022-10-10,2022,10,18.0048,18.0372,10,18.2268,18.1795
451,2022-10-11,2022,10,18.0168,18.0493,11,18.20927142857143,18.0048
452,2022-10-12,2022,10,18.0297,18.0622,12,18.19245714285714,18.0168
453,2022-10-13,2022,10,18.0405,18.073,13,18.152057142857142,18.0297
454,2022-10-14,2022,10,18.093,18.1256,14,18.102657142857144,18.0405
455,2022-10-17,2022,10,18.0897,18.1223,17,18.064857142857143,18.093
456,2022-10-18,2022,10,18.2696,18.3025,18,18.07772857142857,18.0897
457,2022-10-19,2022,10,18.2157,18.2485,19,18.107857142857142,18.2696
458,2022-10-20,2022,10,18.186,18.2187,20,18.13202857142857,18.2157
459,2022-10-21,2022,10,18.1246,18.1573,21,18.145585714285712,18.186
460,2022-10-24,2022,10,18.2761,18.309,24,18.179242857142857,18.1246
461,2022-10-25,2022,10,18.3231,18.3561,25,18.212114285714286,18.2761
462,2022-10-26,2022,10,18.6253,18.6589,26,18.28862857142857,18.3231
463,2022-10-27,2022,10,18.6837,18.7174,27,18.347785714285717,18.6253
464,2022-10-31,2022,10,18.4742,18.5075,31,18.38471428571429,18.6837
465,2022-11-01,2022,11,18.468,18.5012,1,18.425,18.4742
466,2022-11-02,2022,11,18.4043,18.4375,2,18.464957142857145,18.468
467,2022-11-03,2022,11,18.1639,18.1966,3,18.448928571428574,18.4043
468,2022-11-04,2022,11,18.185,18.2178,4,18.4292,18.1639
469,2022-11-07,2022,11,18.5226,18.556,7,18.414528571428573,18.185
470,2022-11-08,2022,11,18.5744,18.6079,8,18.398914285714287,18.5226
471,2022-11-09,2022,11,18.685,18.7187,9,18.42902857142857,18.5744
472,2022-11-10,2022,11,18.5418,18.5752,10,18.43957142857143,18.685
473,2022-11-11,2022,11,18.9888,19.023,11,18.523071428571427,18.5418
474,2022-11-14,2022,11,19.1661,19.2006,14,18.66624285714286,18.9888
475,2022-11-15,2022,11,19.3327,19.3675,15,18.830199999999998,19.1661
476,2022-11-16,2022,11,19.3524,19.3873,16,18.948742857142857,19.3327
477,2022-11-17,2022,11,19.2822,19.317,17,19.049857142857142,19.3524
478,2022-11-18,2022,11,19.2842,19.319,18,19.135457142857142,19.2822
479,2022-11-21,2022,11,19.0548,19.0891,21,19.20874285714286,19.2842
480,2022-11-22,2022,11,19.1,19.1345,22,19.22462857142857,19.0548
481,2022-11-23,2022,11,19.2101,19.2447,23,19.230914285714285,19.1
482,2022-11-24,2022,11,19.3736,19.4085,24,19.236757142857147,19.2101
483,2022-11-25,2022,11,19.367,19.4019,25,19.238842857142856,19.3736
484,2022-11-28,2022,11,19.4073,19.4423,28,19.256714285714285,19.367
485,2022-11-29,2022,11,19.3116,19.3464,29,19.260628571428573,19.4073
486,2022-11-30,2022,11,19.2824,19.3172,30,19.293142857142858,19.3116
487,2022-12-01,2022,12,19.4206,19.4556,1,19.338942857142857,19.2824
488,2022-12-02,2022,12,19.6004,19.6357,2,19.3947,19.4206
489,2022-12-05,2022,12,19.6436,19.6789,5,19.433271428571427,19.6004
490,2022-12-06,2022,12,19.5375,19.5727,6,19.457628571428568,19.6436
491,2022-12-07,2022,12,19.5015,19.5366,7,19.471085714285714,19.5375
492,2022-12-08,2022,12,19.5764,19.6117,8,19.508914285714287,19.5015
493,2022-12-09,2022,12,19.6684,19.7039,9,19.56405714285714,19.5764
494,2022-12-12,2022,12,19.6386,19.6739,12,19.595200000000002,19.6684
495,2022-12-13,2022,12,19.6382,19.6736,13,19.600599999999996,19.6386
496,2022-12-14,2022,12,19.8349,19.8706,14,19.627928571428573,19.6382
497,2022-12-15,2022,12,19.7985,19.8341,15,19.665214285714285,19.8349
498,2022-12-16,2022,12,19.8114,19.8471,16,19.709485714285712,19.7985
499,2022-12-19,2022,12,19.7925,19.8282,19,19.740357142857142,19.8114
500,2022-12-20,2022,12,19.8025,19.8382,20,19.759514285714285,19.7925
501,2022-12-21,2022,12,19.7987,19.8344,21,19.782385714285713,19.8025
502,2022-12-22,2022,12,19.8354,19.8711,22,19.810557142857142,19.7987
503,2022-12-23,2022,12,19.8044,19.8401,23,19.8062,19.8354
504,2022-12-26,2022,12,19.8324,19.8681,26,19.81104285714286,19.8044
505,2022-12-27,2022,12,19.9087,19.9446,27,19.82494285714286,19.8324
506,2022-12-28,2022,12,19.8946,19.9304,28,19.83952857142857,19.9087
507,2022-12-29,2022,12,19.8816,19.9175,29,19.85082857142857,19.8946
508,2022-12-30,2022,12,19.9349,19.9708,30,19.87028571428571,19.8816
509,2023-01-02,2023,1,19.9806,20.0166,2,19.89102857142857,19.9349
510,2023-01-03,2023,1,19.7818,19.8175,3,19.8878,19.9806
511,2023-01-04,2023,1,19.8472,19.883,4,19.889914285714287,19.7818
512,2023-01-05,2023,1,19.8886,19.9245,5,19.887042857142855,19.8472
513,2023-01-06,2023,1,19.704,19.7395,6,19.859814285714286,19.8886
514,2023-01-09,2023,1,20.0269,20.063,9,19.880571428571425,19.704
515,2023-01-10,2023,1,20.1386,20.1749,10,19.909671428571432,20.0269
516,2023-01-11,2023,1,20.1528,20.1891,11,19.934271428571428,20.1386
517,2023-01-12,2023,1,20.1858,20.2222,12,19.99198571428571,20.1528
518,2023-01-13,2023,1,20.3386,20.3752,13,20.06218571428571,20.1858
519,2023-01-16,2023,1,20.3163,20.3529,16,20.123285714285714,20.3386
520,2023-01-17,2023,1,20.3157,20.3523,17,20.210671428571427,20.3163
521,2023-01-18,2023,1,20.3329,20.3695,18,20.254385714285714,20.3157
522,2023-01-19,2023,1,20.3054,20.3419,19,20.278214285714284,20.3329
523,2023-01-20,2023,1,20.3419,20.3785,20,20.305228571428568,20.3054
524,2023-01-23,2023,1,20.4768,20.5137,23,20.346799999999998,20.3419
525,2023-01-24,2023,1,20.4142,20.4509,24,20.357599999999998,20.4768
526,2023-01-25,2023,1,20.437,20.4738,25,20.374842857142855,20.4142
527,2023-01-26,2023,1,20.4931,20.5301,26,20.400185714285715,20.437
528,2023-01-27,2023,1,20.4401,20.4769,27,20.4155,20.4931
529,2023-01-30,2023,1,20.4525,20.4894,30,20.436514285714285,20.4401
530,2023-01-31,2023,1,20.3458,20.3824,31,20.437071428571425,20.4525
531,2023-02-01,2023,2,20.4512,20.488,1,20.433414285714285,20.3458
532,2023-02-02,2023,2,20.6661,20.7033,2,20.4694,20.4512
533,2023-02-03,2023,2,20.5163,20.5532,3,20.480728571428568,20.6661
534,2023-02-06,2023,2,20.2662,20.3028,6,20.448314285714282,20.5163
535,2023-02-07,2023,2,20.1606,20.1969,7,20.408385714285714,20.2662
536,2023-02-08,2023,2,20.2127,20.2492,8,20.37412857142857,20.1606
537,2023-02-09,2023,2,20.2313,20.2677,9,20.35777142857143,20.2127
538,2023-02-10,2023,2,20.1664,20.2027,10,20.317085714285717,20.2313
539,2023-02-13,2023,2,20.0922,20.1284,13,20.2351,20.1664
540,2023-02-14,2023,2,20.2332,20.2697,14,20.194657142857142,20.0922
541,2023-02-15,2023,2,20.1746,20.2109,15,20.18157142857143,20.2332
542,2023-02-16,2023,2,20.1579,20.1942,16,20.181185714285714,20.1746
543,2023-02-17,2023,2,20.0376,20.0737,17,20.15617142857143,20.1579
544,2023-02-20,2023,2,20.1432,20.1795,20,20.143585714285713,20.0376
545,2023-02-21,2023,2,20.095,20.1312,21,20.133385714285712,20.1432
546,2023-02-22,2023,2,20.0599,20.096,22,20.128771428571433,20.095
547,2023-02-23,2023,2,19.9977,20.0337,23,20.09512857142857,20.0599
548,2023-02-24,2023,2,19.9653,20.0012,24,20.065228571428573,19.9977
549,2023-02-27,2023,2,19.9061,19.9419,27,20.029257142857144,19.9653
550,2023-02-28,2023,2,20.0042,20.0403,28,20.024485714285714,19.9061
551,2023-03-01,2023,3,20.0845,20.1207,1,20.016099999999998,20.0042
552,2023-03-02,2023,3,20.0545,20.0906,2,20.010314285714287,20.0845
553,2023-03-03,2023,3,20.0195,20.0555,3,20.00454285714286,20.0545
554,2023-03-06,2023,3,20.0857,20.1219,6,20.017114285714285,20.0195
555,2023-03-07,2023,3,20.1549,20.1913,7,20.0442,20.0857
556,2023-03-08,2023,3,19.9323,19.9682,8,20.047942857142857,20.1549
557,2023-03-09,2023,3,19.9895,20.0256,9,20.045842857142855,19.9323
558,2023-03-10,2023,3,20.0511,20.0872,10,20.04107142857143,19.9895
559,2023-03-13,2023,3,20.2645,20.301,13,20.07107142857143,20.0511
560,2023-03-14,2023,3,20.2927,20.3292,14,20.1101,20.2645
561,2023-03-15,2023,3,20.2523,20.2888,15,20.133900000000004,20.2927
562,2023-03-16,2023,3,20.142,20.1783,16,20.132057142857146,20.2523
563,2023-03-17,2023,3,20.2077,20.2441,17,20.171400000000002,20.142
564,2023-03-20,2023,3,20.2753,20.3118,20,20.21222857142857,20.2077
565,2023-03-21,2023,3,20.4094,20.4462,21,20.263414285714287,20.2753
566,2023-03-22,2023,3,20.5019,20.5388,22,20.297328571428572,20.4094
567,2023-03-23,2023,3,20.722,20.7593,23,20.358657142857144,20.5019
568,2023-03-24,2023,3,20.5055,20.5424,24,20.394828571428572,20.722
569,2023-03-27,2023,3,20.5252,20.5622,27,20.44957142857143,20.5055
570,2023-03-28,2023,3,20.6467,20.6839,28,20.512285714285717,20.5252
571,2023-03-29,2023,3,20.7201,20.7575,29,20.57582857142857,20.6467
572,2023-03-30,2023,3,20.8021,20.8396,30,20.63192857142857,20.7201
573,2023-03-31,2023,3,20.845,20.8825,31,20.680942857142856,20.8021
574,2023-04-03,2023,4,20.8074,20.8448,3,20.693142857142856,20.845
575,2023-04-04,2023,4,20.9597,20.9974,4,20.75802857142857,20.8074
576,2023-04-05,2023,4,21.0501,21.088,5,20.833014285714285,20.9597
577,2023-04-06,2023,4,20.9782,21.016,6,20.88037142857143,21.0501
578,2023-04-07,2023,4,20.9964,21.0342,7,20.919842857142857,20.9782
579,2023-04-10,2023,4,20.981,21.0188,10,20.9454,20.9964
580,2023-04-11,2023,4,21.0043,21.0421,11,20.968157142857144,20.981
581,2023-04-12,2023,4,21.0741,21.112,12,21.006257142857145,21.0043
582,2023-04-13,2023,4,21.2512,21.2895,13,21.047900000000002,21.0741
583,2023-04-14,2023,4,21.3873,21.4258,14,21.09607142857143,21.2512
584,2023-04-17,2023,4,21.2519,21.2901,17,21.13517142857143,21.3873
585,2023-04-18,2023,4,21.2554,21.2937,18,21.17217142857143,21.2519
586,2023-04-19,2023,4,21.2121,21.2503,19,21.205185714285715,21.2554
587,2023-04-24,2023,4,21.3204,21.3588,24,21.250342857142858,21.2121
588,2023-04-25,2023,4,21.395,21.4335,25,21.296185714285713,21.3204
589,2023-04-26,2023,4,21.4074,21.446,26,21.3185,21.395
590,2023-04-27,2023,4,21.4403,21.479,27,21.326071428571428,21.4074
591,2023-04-28,2023,4,21.3604,21.3989,28,21.341571428571427,21.4403
592,2023-05-02,2023,5,21.3306,21.369,2,21.35231428571429,21.3604
593,2023-05-03,2023,5,21.4672,21.5059,3,21.38875714285714,21.3306
594,2023-05-04,2023,5,21.5293,21.5681,4,21.4186,21.4672
595,2023-05-05,2023,5,21.4749,21.5136,5,21.430014285714286,21.5293
596,2023-05-08,2023,5,21.5141,21.5528,8,21.445257142857145,21.4749
597,2023-05-09,2023,5,21.4008,21.4394,9,21.43961428571428,21.5141
598,2023-05-10,2023,5,21.3821,21.4207,10,21.442714285714285,21.4008
599,2023-05-11,2023,5,21.3534,21.3919,11,21.445971428571426,21.3821
600,2023-05-12,2023,5,21.3447,21.3831,12,21.42847142857143,21.3534
601,2023-05-15,2023,5,21.3524,21.3909,15,21.4032,21.3447
602,2023-05-16,2023,5,21.4277,21.4663,16,21.396457142857145,21.3524
603,2023-05-17,2023,5,21.3786,21.4171,17,21.377099999999995,21.4277
604,2023-05-18,2023,5,21.3774,21.4159,18,21.373757142857148,21.3786
605,2023-05-22,2023,5,21.4186,21.4572,22,21.37897142857143,21.3774
606,2023-05-23,2023,5,21.3946,21.4332,23,21.384857142857147,21.4186
607,2023-05-24,2023,5,21.3986,21.4372,24,21.39255714285714,21.3946
608,2023-05-25,2023,5,21.3507,21.3891,25,21.39231428571429,21.3986
609,2023-05-26,2023,5,21.4251,21.4637,26,21.391942857142855,21.3507
610,2023-05-29,2023,5,21.4932,21.5319,29,21.408314285714287,21.4251
611,2023-05-30,2023,5,21.7607,21.7999,30,21.46307142857143,21.4932
612,2023-05-31,2023,5,22.0582,22.0979,31,21.554442857142856,21.7607
613,2023-06-01,2023,6,22.1932,22.2332,1,21.66852857142857,22.0582
614,2023-06-02,2023,6,22.4433,22.4837,2,21.81777142857143,22.1932
615,2023-06-05,2023,6,22.6105,22.6513,5,21.997742857142857,22.4433
616,2023-06-06,2023,6,22.9581,22.9995,6,22.216742857142858,22.6105
617,2023-06-07,2023,6,24.6248,24.6692,7,22.664114285714284,22.9581
618,2023-06-08,2023,6,25.0103,25.0553,8,23.128342857142854,24.6248
619,2023-06-09,2023,6,25.2323,25.2777,9,23.58178571428571,25.0103
620,2023-06-12,2023,6,25.4282,25.474,12,24.043928571428573,25.2323
621,2023-06-13,2023,6,25.5302,25.5762,13,24.48491428571429,25.4282
622,2023-06-14,2023,6,25.4842,25.5302,14,24.895442857142857,25.5302
623,2023-06-15,2023,6,25.6004,25.6465,15,25.272914285714286,25.4842
624,2023-06-16,2023,6,25.8807,25.9273,16,25.452328571428573,25.6004
625,2023-06-19,2023,6,25.8186,25.8651,19,25.567800000000002,25.8807
626,2023-06-20,2023,6,25.772,25.8184,20,25.6449,25.8186
627,2023-06-21,2023,6,25.7113,25.7576,21,25.68534285714286,25.772
628,2023-06-22,2023,6,25.9732,26.0199,22,25.748628571428572,25.7113
629,2023-06-23,2023,6,27.4579,27.5073,23,26.030585714285714,25.9732
630,2023-06-26,2023,6,28.154,28.2048,26,26.395385714285712,27.4579
631,2023-07-03,2023,7,28.3448,28.3958,3,26.7474,28.154
632,2023-07-04,2023,7,28.3464,28.3975,4,27.108514285714286,28.3448
633,2023-07-05,2023,7,28.3518,28.4028,5,27.477057142857145,28.3464
634,2023-07-06,2023,7,28.3161,28.3671,6,27.849171428571427,28.3518
635,2023-07-07,2023,7,28.337,28.3881,7,28.186857142857143,28.3161
636,2023-07-10,2023,7,28.5515,28.6029,10,28.343085714285714,28.337
637,2023-07-11,2023,7,28.6913,28.743,11,28.419842857142857,28.5515
638,2023-07-12,2023,7,28.7787,28.8306,12,28.481828571428572,28.6913
639,2023-07-13,2023,7,29.1598,29.2123,13,28.598028571428568,28.7787
640,2023-07-14,2023,7,29.339,29.3919,14,28.739057142857142,29.1598
641,2023-07-17,2023,7,29.4868,29.5399,17,28.906299999999998,29.339
642,2023-07-18,2023,7,30.1791,30.2334,18,29.16945714285714,29.4868
643,2023-07-19,2023,7,30.183,30.2374,19,29.402528571428572,30.1791
644,2023-07-20,2023,7,30.1356,30.1899,20,29.608857142857143,30.183
645,2023-07-21,2023,7,29.929,29.9829,21,29.773185714285713,30.1356
646,2023-07-24,2023,7,29.8646,29.9184,24,29.873871428571427,29.929
647,2023-07-25,2023,7,29.7778,29.8315,25,29.936557142857144,29.8646
648,2023-07-26,2023,7,29.8139,29.8676,26,29.98328571428571,29.7778
649,2023-07-27,2023,7,29.9756,30.0296,27,29.95421428571429,29.8139
650,2023-07-28,2023,7,29.57,29.6233,28,29.866642857142857,29.9756
651,2023-07-31,2023,7,29.6989,29.7524,31,29.804257142857143,29.57
652,2023-08-01,2023,8,29.5733,29.6265,1,29.753442857142858,29.6989
653,2023-08-02,2023,8,29.5887,29.642,2,29.71402857142857,29.5733
654,2023-08-03,2023,8,29.4507,29.5038,3,29.6673,29.5887
655,2023-08-04,2023,8,29.4979,29.5511,4,29.62215714285714,29.4507
656,2023-08-07,2023,8,29.6034,29.6567,7,29.568985714285713,29.4979
657,2023-08-08,2023,8,29.6024,29.6557,8,29.573614285714285,29.6034
658,2023-08-09,2023,8,29.6279,29.6812,9,29.56347142857143,29.6024
659,2023-08-10,2023,8,29.7365,29.79,10,29.586785714285714,29.6279
660,2023-08-11,2023,8,29.6845,29.7379,11,29.60047142857143,29.7365
661,2023-08-14,2023,8,29.5687,29.622,14,29.617328571428573,29.6845
662,2023-08-15,2023,8,29.5353,29.5885,15,29.62267142857143,29.5687
663,2023-08-16,2023,8,29.516,29.5692,16,29.610185714285713,29.5353
664,2023-08-17,2023,8,29.455,29.5081,17,29.58912857142857,29.516
665,2023-08-18,2023,8,29.4092,29.4622,18,29.55788571428571,29.455
666,2023-08-21,2023,8,29.5518,29.605,21,29.5315,29.4092
667,2023-08-22,2023,8,29.6274,29.6808,22,29.523342857142858,29.5518
668,2023-08-23,2023,8,29.4062,29.4592,23,29.50012857142857,29.6274
669,2023-08-24,2023,8,29.4057,29.4586,24,29.48161428571429,29.4062
670,2023-08-25,2023,8,28.4899,28.5412,25,29.33502857142857,29.4057
671,2023-08-28,2023,8,28.6712,28.7228,28,29.22305714285714,28.4899
672,2023-08-29,2023,8,28.7308,28.7825,29,29.12614285714286,28.6712
673,2023-08-31,2023,8,29.0184,29.0706,31,29.049942857142856,28.7308
674,2023-09-01,2023,9,28.9377,28.9899,1,28.951414285714286,29.0184
675,2023-09-04,2023,9,28.866,28.918,4,28.874242857142857,28.9377
676,2023-09-05,2023,9,28.7642,28.816,5,28.782600000000002,28.866
677,2023-09-06,2023,9,28.7368,28.7886,6,28.81787142857143,28.7642
678,2023-09-07,2023,9,28.7117,28.7635,7,28.823657142857144,28.7368
679,2023-09-08,2023,9,28.7034,28.7551,8,28.819742857142852,28.7117
680,2023-09-11,2023,9,28.797,28.8489,11,28.788114285714283,28.7034
681,2023-09-12,2023,9,28.7911,28.8429,12,28.767171428571427,28.797
682,2023-09-13,2023,9,28.8851,28.9372,13,28.769900000000003,28.7911
683,2023-09-14,2023,9,28.8817,28.9337,14,28.786685714285714,28.8851
684,2023-09-15,2023,9,28.7098,28.7616,15,28.782828571428574,28.8817
685,2023-09-18,2023,9,28.7754,28.8273,18,28.79192857142857,28.7098
686,2023-09-19,2023,9,28.864,28.916,19,28.81487142857143,28.7754
687,2023-09-20,2023,9,28.8676,28.9196,20,28.824957142857148,28.864
688,2023-09-21,2023,9,28.7571,28.809,21,28.8201,28.8676
689,2023-09-22,2023,9,28.8483,28.9003,22,28.814842857142853,28.7571
690,2023-09-25,2023,9,28.9027,28.9548,25,28.817842857142857,28.8483
691,2023-09-26,2023,9,28.8183,28.8702,26,28.833342857142856,28.9027
692,2023-09-27,2023,9,28.7853,28.8372,27,28.834757142857143,28.8183
693,2023-09-28,2023,9,28.8083,28.8602,28,28.8268,28.7853
694,2023-09-29,2023,9,29.0305,29.0828,29,28.850071428571425,28.8083
695,2023-10-02,2023,10,28.928,28.9802,2,28.874485714285715,29.0305
696,2023-10-03,2023,10,28.7674,28.8193,3,28.862928571428572,28.928
697,2023-10-04,2023,10,28.8765,28.9285,4,28.85918571428571,28.7674
698,2023-10-05,2023,10,28.9346,28.9867,5,28.8758,28.8765
699,2023-10-06,2023,10,29.0769,29.1293,6,28.917457142857142,28.9346
700,2023-10-09,2023,10,29.127,29.1795,9,28.962985714285715,29.0769
701,2023-10-10,2023,10,29.297,29.3497,10,29.001057142857146,29.127
702,2023-10-11,2023,10,29.3644,29.4173,11,29.0634,29.297
703,2023-10-12,2023,10,29.4343,29.4874,12,29.15867142857143,29.3644
704,2023-10-13,2023,10,29.2306,29.2832,13,29.209257142857144,29.4343
705,2023-10-16,2023,10,29.3261,29.3789,16,29.26518571428571,29.2306
706,2023-10-17,2023,10,29.4057,29.4587,17,29.312157142857142,29.3261
707,2023-10-18,2023,10,29.563,29.6163,18,29.37444285714286,29.4057
708,2023-10-19,2023,10,29.4883,29.5414,19,29.40177142857143,29.563
709,2023-10-20,2023,10,29.6017,29.655,20,29.43567142857143,29.4883
710,2023-10-23,2023,10,29.683,29.7364,23,29.4712,29.6017
711,2023-10-24,2023,10,29.8745,29.9284,24,29.563185714285716,29.683
712,2023-10-25,2023,10,29.7098,29.7633,25,29.618,29.8745
713,2023-10-26,2023,10,29.6253,29.6786,26,29.649371428571424,29.7098
714,2023-10-27,2023,10,29.6896,29.7431,27,29.667457142857142,29.6253
715,2023-10-30,2023,10,29.8143,29.8681,30,29.71402857142857,29.6896
716,2023-10-31,2023,10,30.0552,30.1094,31,29.778814285714283,29.8143
717,2023-11-01,2023,11,29.8539,29.9077,1,29.803228571428573,30.0552
718,2023-11-02,2023,11,30.0503,30.1044,2,29.828342857142854,29.8539
719,2023-11-03,2023,11,30.1554,30.2097,3,29.892,30.0503
720,2023-11-06,2023,11,30.5031,30.558,6,30.017400000000002,30.1554
721,2023-11-07,2023,11,30.3973,30.4521,7,30.1185,30.5031
722,2023-11-08,2023,11,30.3965,30.4513,8,30.201671428571427,30.3973
723,2023-11-09,2023,11,30.463,30.5179,9,30.25992857142857,30.3965
724,2023-11-10,2023,11,30.4047,30.4594,10,30.338614285714282,30.463
725,2023-11-13,2023,11,30.5159,30.5709,13,30.405128571428573,30.4047
726,2023-11-14,2023,11,30.6117,30.6669,14,30.470314285714284,30.5159
727,2023-11-15,2023,11,31.0926,31.1486,15,30.55452857142857,30.6117
728,2023-11-16,2023,11,31.081,31.137,16,30.6522,31.0926
729,2023-11-17,2023,11,31.1086,31.1647,17,30.75392857142857,31.081
730,2023-11-20,2023,11,31.355,31.4115,20,30.881357142857144,31.1086
731,2023-11-21,2023,11,31.4725,31.5292,21,31.0339,31.355
732,2023-11-22,2023,11,31.3523,31.4087,22,31.153385714285715,31.4725
733,2023-11-23,2023,11,31.4156,31.4722,23,31.268228571428573,31.3523
734,2023-11-24,2023,11,31.4311,31.4878,24,31.316585714285715,31.4156
735,2023-11-27,2023,11,31.5995,31.6564,27,31.390657142857144,31.4311
736,2023-11-28,2023,11,31.6139,31.6708,28,31.462842857142853,31.5995
737,2023-11-29,2023,11,31.7037,31.7608,29,31.512657142857144,31.6139
738,2023-11-30,2023,11,31.5154,31.5722,30,31.518785714285716,31.7037
739,2023-12-01,2023,12,31.4437,31.5003,1,31.531842857142856,31.5154
740,2023-12-04,2023,12,31.3515,31.408,4,31.522685714285718,31.4437
741,2023-12-05,2023,12,31.2561,31.3125,5,31.497685714285716,31.3515
742,2023-12-06,2023,12,31.1547,31.2108,6,31.434142857142856,31.2561
743,2023-12-07,2023,12,31.1103,31.1663,7,31.362199999999998,31.1547
744,2023-12-08,2023,12,31.1567,31.2129,8,31.28405714285714,31.1103
745,2023-12-11,2023,12,31.1556,31.2118,11,31.23265714285714,31.1567
746,2023-12-12,2023,12,31.2629,31.3192,12,31.20682857142857,31.1556
747,2023-12-13,2023,12,31.2806,31.337,13,31.196699999999996,31.2629
748,2023-12-14,2023,12,31.6038,31.6607,14,31.246371428571425,31.2806
749,2023-12-15,2023,12,31.8017,31.859,15,31.3388,31.6038
750,2023-12-18,2023,12,31.6644,31.7214,18,31.417957142857144,31.8017
751,2023-12-19,2023,12,31.7461,31.8033,19,31.50215714285714,31.6644
752,2023-12-20,2023,12,31.8497,31.9071,20,31.601314285714288,31.7461
753,2023-12-21,2023,12,31.8579,31.9153,21,31.686314285714285,31.8497
754,2023-12-22,2023,12,32.0726,32.1304,22,31.79945714285714,31.8579
755,2023-12-25,2023,12,32.1766,32.2346,25,31.881285714285717,32.0726
756,2023-12-26,2023,12,32.2421,32.3002,26,31.9442,32.1766
757,2023-12-27,2023,12,32.4186,32.477,27,32.051942857142855,32.2421
758,2023-12-28,2023,12,32.6937,32.7526,28,32.18731428571429,32.4186
759,2023-12-29,2023,12,32.5739,32.6326,29,32.290771428571425,32.6937
760,2024-01-02,2024,1,32.6671,32.726,2,32.406371428571425,32.5739
761,2024-01-03,2024,1,32.5431,32.6017,3,32.47358571428571,32.6671
762,2024-01-04,2024,1,32.569,32.6277,4,32.52964285714285,32.5431
763,2024-01-05,2024,1,32.4987,32.5572,5,32.5663,32.569
764,2024-01-08,2024,1,32.6401,32.6989,8,32.597942857142854,32.4987
765,2024-01-09,2024,1,32.7049,32.7638,9,32.59954285714286,32.6401
766,2024-01-10,2024,1,32.724,32.7829,10,32.620985714285716,32.7049
767,2024-01-11,2024,1,32.88,32.9393,11,32.6514,32.724
768,2024-01-12,2024,1,32.9124,32.9717,12,32.70415714285714,32.88
769,2024-01-15,2024,1,32.9036,32.9629,15,32.75195714285714,32.9124
770,2024-01-16,2024,1,32.751,32.81,16,32.788,32.9036
771,2024-01-17,2024,1,32.6911,32.75,17,32.79528571428572,32.751
772,2024-01-18,2024,1,32.7618,32.8208,18,32.80341428571428,32.6911
773,2024-01-19,2024,1,32.7771,32.8362,19,32.811,32.7618
774,2024-01-22,2024,1,32.881,32.9403,22,32.811142857142855,32.7771
775,2024-01-23,2024,1,32.9087,32.968,23,32.81061428571429,32.881
776,2024-01-24,2024,1,32.8837,32.943,24,32.80777142857143,32.9087
777,2024-01-25,2024,1,32.9166,32.9759,25,32.83142857142857,32.8837
778,2024-01-26,2024,1,32.7904,32.8494,26,32.845614285714284,32.9166
779,2024-01-29,2024,1,32.8013,32.8604,29,32.85125714285714,32.7904
780,2024-01-30,2024,1,32.8144,32.8735,30,32.856585714285714,32.8013
781,2024-01-31,2024,1,32.7884,32.8475,31,32.843357142857144,32.8144
782,2024-02-01,2024,2,32.7217,32.7807,1,32.81664285714286,32.7884
783,2024-02-02,2024,2,33.0537,33.1132,2,32.84092857142857,32.7217
784,2024-02-05,2024,2,32.8052,32.8643,5,32.82501428571429,33.0537
785,2024-02-06,2024,2,32.7691,32.8281,6,32.82197142857143,32.8052
786,2024-02-07,2024,2,32.8771,32.9364,7,32.8328,32.7691
787,2024-02-08,2024,2,32.9071,32.9664,8,32.846042857142855,32.8771
788,2024-02-09,2024,2,32.9634,33.0227,9,32.871042857142854,32.9071
789,2024-02-12,2024,2,33.0244,33.0839,12,32.91428571428572,32.9634
790,2024-02-13,2024,2,33.034,33.0936,13,32.91147142857143,33.0244
791,2024-02-14,2024,2,32.851,32.9102,14,32.918014285714285,33.034
792,2024-02-15,2024,2,32.9473,33.0067,15,32.94347142857142,32.851
793,2024-02-16,2024,2,33.0805,33.1401,16,32.972528571428576,32.9473
794,2024-02-19,2024,2,33.2036,33.2634,19,33.01488571428571,33.0805
795,2024-02-20,2024,2,33.264,33.3239,20,33.05782857142857,33.2036
796,2024-02-21,2024,2,33.3931,33.4533,21,33.110499999999995,33.264
797,2024-02-22,2024,2,33.6051,33.6657,22,33.19208571428572,33.3931
798,2024-02-23,2024,2,33.562,33.6225,23,33.29365714285714,33.6051
799,2024-02-26,2024,2,33.6453,33.706,26,33.39337142857143,33.562
800,2024-02-27,2024,2,33.7284,33.7892,27,33.48592857142857,33.6453
801,2024-02-28,2024,2,33.6543,33.7149,28,33.550314285714286,33.7284
802,2024-02-29,2024,2,33.7686,33.8294,29,33.62239999999999,33.6543
803,2024-03-01,2024,3,33.7797,33.8406,1,33.67762857142857,33.7686
804,2024-03-04,2024,3,34.0791,34.1405,4,33.74534285714286,33.7797
805,2024-03-05,2024,3,34.2228,34.2845,5,33.83974285714286,34.0791
806,2024-03-06,2024,3,34.4186,34.4806,6,33.95021428571429,34.2228
807,2024-03-07,2024,3,34.6296,34.692,7,34.07895714285714,34.4186
808,2024-03-08,2024,3,34.8478,34.9106,8,34.24945714285714,34.6296
809,2024-03-11,2024,3,34.9442,35.0072,11,34.4174,34.8478
810,2024-03-12,2024,3,34.9675,35.0305,12,34.58708571428571,34.9442
811,2024-03-13,2024,3,35.0183,35.0814,13,34.72125714285715,34.9675
812,2024-03-14,2024,3,35.0739,35.1371,14,34.842842857142855,35.0183
813,2024-03-15,2024,3,34.9733,35.0363,15,34.92208571428572,35.0739
814,2024-03-18,2024,3,35.1355,35.1988,18,34.99435714285714,34.9733
815,2024-03-19,2024,3,35.0236,35.0867,19,35.019471428571435,35.1355
816,2024-03-20,2024,3,35.082,35.1452,20,35.03915714285714,35.0236
817,2024-03-21,2024,3,35.2734,35.337,21,35.082857142857144,35.082
818,2024-03-22,2024,3,34.5875,34.6498,22,35.02131428571429,35.2734
819,2024-03-25,2024,3,34.6819,34.7444,25,34.965314285714285,34.5875
820,2024-03-26,2024,3,34.8336,34.8963,26,34.94535714285714,34.6819
821,2024-03-27,2024,3,34.8285,34.8912,27,34.9015,34.8336
822,2024-03-28,2024,3,34.8189,34.8816,28,34.872257142857144,34.8285
823,2024-03-29,2024,3,34.8023,34.865,29,34.8323,34.8189
824,2024-04-01,2024,4,34.8992,34.9621,1,34.778842857142855,34.8023
825,2024-04-02,2024,4,34.5081,34.5703,2,34.7675,34.8992
826,2024-04-03,2024,4,34.4097,34.4717,3,34.728614285714286,34.5081
827,2024-04-04,2024,4,34.5629,34.6252,4,34.68994285714286,34.4097
828,2024-04-05,2024,4,34.5892,34.6515,5,34.65575714285715,34.5629
829,2024-04-08,2024,4,34.659,34.7215,8,34.632914285714286,34.5892
830,2024-04-15,2024,4,34.4475,34.5096,15,34.58222857142857,34.659
831,2024-04-16,2024,4,34.4266,34.4887,16,34.514714285714284,34.4475
832,2024-04-17,2024,4,34.5266,34.5888,17,34.51735714285714,34.4266
833,2024-04-18,2024,4,34.6559,34.7183,18,34.55252857142857,34.5266
834,2024-04-19,2024,4,34.6254,34.6878,19,34.561457142857144,34.6559
835,2024-04-22,2024,4,34.6207,34.683,22,34.565957142857144,34.6254
836,2024-04-24,2024,4,34.7084,34.771,24,34.57301428571429,34.6207
837,2024-04-25,2024,4,34.8231,34.8859,25,34.626671428571434,34.7084
838,2024-04-26,2024,4,34.8255,34.8882,26,34.68365714285714,34.8231
839,2024-04-29,2024,4,34.6487,34.7111,29,34.701100000000004,34.8255
840,2024-04-30,2024,4,34.623,34.6854,30,34.6964,34.6487
841,2024-05-02,2024,5,34.6073,34.6697,2,34.69381428571428,34.623
842,2024-05-03,2024,5,34.6335,34.6959,3,34.69564285714286,34.6073
843,2024-05-06,2024,5,34.6993,34.7618,6,34.69434285714286,34.6335
844,2024-05-07,2024,5,34.6708,34.7333,7,34.67258571428572,34.6993
845,2024-05-08,2024,5,34.6075,34.6698,8,34.641442857142856,34.6708
846,2024-05-09,2024,5,34.5334,34.5957,9,34.62497142857143,34.6075
847,2024-05-10,2024,5,34.66,34.7224,10,34.63025714285714,34.5334
848,2024-05-13,2024,5,34.6591,34.7216,13,34.637657142857144,34.66
849,2024-05-14,2024,5,34.7388,34.8014,14,34.652699999999996,34.6591
850,2024-05-15,2024,5,34.8985,34.9614,15,34.681157142857145,34.7388
851,2024-05-16,2024,5,34.9622,35.0252,16,34.72278571428571,34.8985
852,2024-05-17,2024,5,34.9265,34.9894,17,34.76835714285714,34.9622
853,2024-05-20,2024,5,34.9565,35.0195,20,34.8288,34.9265
854,2024-05-21,2024,5,34.9438,35.0067,21,34.869342857142854,34.9565
855,2024-05-22,2024,5,34.8394,34.9022,22,34.8951,34.9438
856,2024-05-23,2024,5,34.8413,34.904,23,34.90974285714286,34.8394
857,2024-05-24,2024,5,34.8089,34.8717,24,34.896942857142854,34.8413
858,2024-05-27,2024,5,34.882,34.9449,27,34.885485714285714,34.8089
859,2024-05-28,2024,5,34.9383,35.0013,28,34.88717142857143,34.882
860,2024-05-29,2024,5,34.918,34.9809,29,34.88167142857143,34.9383
861,2024-05-30,2024,5,34.8654,34.9282,30,34.87047142857143,34.918
862,2024-05-31,2024,5,34.8283,34.891,31,34.86888571428572,34.8654
863,2024-06-03,2024,6,34.8607,34.9235,3,34.87165714285714,34.8283
864,2024-06-04,2024,6,35.1019,35.1652,4,34.913514285714285,34.8607
865,2024-06-05,2024,6,35.2869,35.3504,5,34.971357142857144,35.1019
866,2024-06-06,2024,6,34.9997,35.0628,6,34.98012857142857,35.2869
867,2024-06-07,2024,6,35.0641,35.1273,7,35.001,34.9997
868,2024-06-10,2024,6,34.8022,34.8649,10,34.99197142857143,35.0641
869,2024-06-11,2024,6,34.7345,34.7971,11,34.97857142857143,34.8022
870,2024-06-12,2024,6,34.7349,34.7975,12,34.9606,34.7345
871,2024-06-13,2024,6,34.8106,34.8734,13,34.91898571428572,34.7349
872,2024-06-14,2024,6,34.7319,34.7944,14,34.8397,34.8106
873,2024-06-20,2024,6,34.929,34.9919,20,34.8296,34.7319
874,2024-06-21,2024,6,35.0464,35.1096,21,34.82707142857143,34.929
875,2024-06-24,2024,6,35.1702,35.2336,24,34.879642857142855,35.0464
876,2024-06-25,2024,6,35.2869,35.3505,25,34.958557142857146,35.1702
877,2024-06-26,2024,6,35.1801,35.2435,26,35.02215714285715,35.2869
878,2024-06-27,2024,6,35.1212,35.1845,27,35.06652857142857,35.1801
879,2024-06-28,2024,6,35.1284,35.1917,28,35.12317142857143,35.1212
880,2024-07-01,2024,7,35.0939,35.1571,1,35.146728571428575,35.1284
881,2024-07-02,2024,7,34.9759,35.0389,2,35.136657142857146,35.0939
882,2024-07-03,2024,7,34.9499,35.0129,3,35.10518571428572,34.9759
883,2024-07-04,2024,7,35.0933,35.1566,4,35.07752857142857,34.9499
884,2024-07-05,2024,7,35.3205,35.3841,5,35.097585714285714,35.0933
885,2024-07-08,2024,7,35.3604,35.4241,8,35.13175714285715,35.3205
886,2024-07-09,2024,7,35.4241,35.488,9,35.174,35.3604
887,2024-07-10,2024,7,35.5812,35.6453,10,35.24361428571429,35.4241
888,2024-07-11,2024,7,35.6229,35.6871,11,35.33604285714286,35.5812
889,2024-07-12,2024,7,35.8082,35.8727,12,35.45865714285714,35.6229
890,2024-07-16,2024,7,35.9882,36.053,16,35.5865,35.8082
891,2024-07-17,2024,7,36.0984,36.1634,17,35.697628571428574,35.9882
892,2024-07-18,2024,7,36.1143,36.1794,18,35.805328571428575,36.0984
893,2024-07-19,2024,7,35.9251,35.9898,19,35.8769,36.1143
894,2024-07-22,2024,7,35.8679,35.9325,22,35.917857142857144,35.9251
895,2024-07-23,2024,7,35.7444,35.8088,23,35.93521428571428,35.8679
896,2024-07-24,2024,7,35.5656,35.6297,24,35.900557142857146,35.7444
897,2024-07-25,2024,7,35.7759,35.8404,25,35.87022857142857,35.5656
898,2024-07-26,2024,7,35.7732,35.8377,26,35.823771428571426,35.7759
899,2024-07-29,2024,7,35.711,35.7754,29,35.766157142857146,35.7732
900,2024-07-30,2024,7,35.7612,35.8256,30,35.74274285714286,35.711
901,2024-07-31,2024,7,35.8145,35.879,31,35.73511428571429,35.7612
902,2024-08-01,2024,8,35.7005,35.7648,1,35.72884285714286,35.8145
903,2024-08-02,2024,8,35.7726,35.8371,2,35.75841428571429,35.7005
904,2024-08-05,2024,8,36.3998,36.4654,5,35.84754285714286,35.7726
905,2024-08-06,2024,8,36.4783,36.544,6,35.94827142857143,36.3998
906,2024-08-07,2024,8,36.5731,36.639,7,36.07142857142857,36.4783
907,2024-08-08,2024,8,36.5702,36.6361,8,36.187,36.5731
908,2024-08-09,2024,8,36.5382,36.604,9,36.29038571428571,36.5702
909,2024-08-12,2024,8,36.5777,36.6436,12,36.4157,36.5382
910,2024-08-13,2024,8,36.5968,36.6627,13,36.53344285714285,36.5777
911,2024-08-14,2024,8,36.886,36.9525,14,36.6029,36.5968
912,2024-08-15,2024,8,36.9715,37.0381,15,36.67335714285714,36.886
913,2024-08-16,2024,8,36.9281,36.9946,16,36.72407142857143,36.9715
914,2024-08-19,2024,8,37.1497,37.2166,19,36.80685714285715,36.9281
915,2024-08-20,2024,8,37.3963,37.4637,20,36.92944285714286,37.1497
916,2024-08-21,2024,8,37.6305,37.6983,21,37.07984285714286,37.3963
917,2024-08-22,2024,8,37.7158,37.7838,22,37.239700000000006,37.6305
918,2024-08-23,2024,8,37.6852,37.7531,23,37.35387142857143,37.7158
919,2024-08-26,2024,8,37.9171,37.9854,26,37.48895714285714,37.6852
920,2024-08-27,2024,8,37.9118,37.9801,27,37.62948571428571,37.9171
921,2024-08-28,2024,8,37.8261,37.8943,28,37.72611428571429,37.9118
922,2024-08-29,2024,8,37.6723,37.7402,29,37.765542857142854,37.8261
923,2024-09-02,2024,9,37.5346,37.6022,2,37.751842857142854,37.6723
924,2024-09-03,2024,9,37.4322,37.4996,3,37.711328571428574,37.5346
925,2024-09-04,2024,9,37.5501,37.6177,4,37.69202857142857,37.4322
926,2024-09-05,2024,9,37.616,37.6837,5,37.64901428571428,37.5501
927,2024-09-06,2024,9,37.6683,37.7362,6,37.61422857142857,37.616
928,2024-09-09,2024,9,37.5419,37.6095,9,37.57362857142857,37.6683
929,2024-09-10,2024,9,37.5231,37.5907,10,37.55231428571428,37.5419
930,2024-09-11,2024,9,37.4837,37.5513,11,37.54504285714285,37.5231
931,2024-09-12,2024,9,37.3343,37.4015,12,37.531057142857144,37.4837
932,2024-09-13,2024,9,37.4964,37.564,13,37.523385714285716,37.3343
933,2024-09-16,2024,9,37.6852,37.7531,16,37.53327142857143,37.4964
934,2024-09-17,2024,9,37.8255,37.8936,17,37.555728571428574,37.6852
935,2024-09-18,2024,9,37.8693,37.9375,18,37.6025,37.8255
936,2024-09-19,2024,9,37.9182,37.9865,19,37.658942857142854,37.8693
937,2024-09-20,2024,9,37.9058,37.974,20,37.71924285714285,37.9182
938,2024-09-23,2024,9,37.8615,37.9298,23,37.79455714285715,37.9058
939,2024-09-24,2024,9,37.9305,37.9988,24,37.85657142857143,37.8615
940,2024-09-25,2024,9,38.1426,38.2113,25,37.92191428571429,37.9305
941,2024-09-26,2024,9,38.0092,38.0777,26,37.94815714285715,38.1426
942,2024-09-27,2024,9,38.018,38.0865,27,37.9694,38.0092
943,2024-09-30,2024,9,38.1714,38.2402,30,38.00557142857143,38.018
944,2024-10-01,2024,10,37.889,37.9573,1,38.00317142857143,38.1714
945,2024-10-02,2024,10,37.808,37.8761,2,37.99552857142857,37.889
946,2024-10-03,2024,10,37.6544,37.7222,3,37.95608571428572,37.808
947,2024-10-04,2024,10,37.6516,37.7195,4,37.88594285714286,37.6544
948,2024-10-07,2024,10,37.4998,37.5673,7,37.81317142857143,37.6516
949,2024-10-08,2024,10,37.5932,37.6609,8,37.75248571428572,37.4998
950,2024-10-09,2024,10,37.4829,37.5505,9,37.65412857142858,37.5932
951,2024-10-10,2024,10,37.3463,37.4136,10,37.5766,37.4829
952,2024-10-11,2024,10,37.373,37.4403,11,37.51445714285715,37.3463
953,2024-10-14,2024,10,37.3644,37.4317,14,37.47302857142857,37.373
954,2024-10-15,2024,10,37.2908,37.358,15,37.421485714285716,37.3644
955,2024-10-16,2024,10,37.1938,37.2608,16,37.37777142857143,37.2908
956,2024-10-17,2024,10,37.0392,37.1059,17,37.29862857142857,37.1938
957,2024-10-18,2024,10,37.0621,37.1289,18,37.23851428571429,37.0392
958,2024-10-21,2024,10,37.0871,37.1539,21,37.20148571428571,37.0621
959,2024-10-22,2024,10,37.0035,37.0702,22,37.148700000000005,37.0871
960,2024-10-23,2024,10,36.8722,36.9386,23,37.078385714285716,37.0035
961,2024-10-24,2024,10,36.9095,36.976,24,37.023914285714284,36.8722
962,2024-10-25,2024,10,36.9993,37.066,25,36.99612857142857,36.9095
963,2024-10-30,2024,10,37.0474,37.1142,30,36.997299999999996,36.9993
964,2024-10-31,2024,10,37.1235,37.1904,31,37.00607142857143,37.0474
965,2024-11-01,2024,11,37.1848,37.2518,1,37.02002857142857,37.1235
966,2024-11-04,2024,11,37.3528,37.4201,4,37.069928571428576,37.1848
967,2024-11-05,2024,11,37.3363,37.4035,5,37.13622857142857,37.3528
968,2024-11-06,2024,11,36.7154,36.7815,6,37.1085,37.3363
969,2024-11-07,2024,11,36.7576,36.8238,7,37.07397142857143,36.7154
970,2024-11-08,2024,11,36.9321,36.9987,8,37.057500000000005,36.7576
971,2024-11-11,2024,11,36.6384,36.7044,11,36.9882,36.9321
972,2024-11-12,2024,11,36.4642,36.5299,12,36.88525714285714,36.6384
973,2024-11-13,2024,11,36.4323,36.4979,13,36.75375714285714,36.4642
974,2024-11-14,2024,11,36.1255,36.1906,14,36.58078571428571,36.4323
975,2024-11-15,2024,11,36.2766,36.3419,15,36.5181,36.1255
976,2024-11-18,2024,11,36.3227,36.3881,18,36.45597142857143,36.2766
977,2024-11-19,2024,11,36.4813,36.5471,19,36.391571428571424,36.3227
978,2024-11-20,2024,11,36.3826,36.4482,20,36.35502857142857,36.4813
979,2024-11-21,2024,11,36.2759,36.3412,21,36.32812857142857,36.3826
980,2024-11-22,2024,11,35.9849,36.0497,22,36.26421428571429,36.2759
981,2024-11-25,2024,11,36.1612,36.2263,25,36.26931428571429,35.9849
982,2024-11-26,2024,11,36.2891,36.3545,26,36.271100000000004,36.1612
983,2024-11-27,2024,11,36.3371,36.4026,27,36.27315714285714,36.2891
984,2024-11-28,2024,11,36.4509,36.5166,28,36.268814285714285,36.3371
985,2024-11-29,2024,11,36.5473,36.6131,29,36.292342857142856,36.4509
986,2024-12-02,2024,12,36.4313,36.497,2,36.314542857142854,36.5473
987,2024-12-03,2024,12,36.4494,36.5151,3,36.3809,36.4313
988,2024-12-04,2024,12,36.439,36.5046,4,36.420585714285714,36.4494
989,2024-12-05,2024,12,36.5136,36.5794,5,36.45265714285714,36.439
990,2024-12-06,2024,12,36.7174,36.7836,6,36.50698571428571,36.5136
991,2024-12-09,2024,12,36.715,36.7811,9,36.544714285714285,36.7174
992,2024-12-10,2024,12,36.6602,36.7262,10,36.56084285714286,36.715
993,2024-12-11,2024,12,36.5548,36.6207,11,36.57848571428571,36.6602
994,2024-12-12,2024,12,36.5873,36.6532,12,36.59818571428571,36.5548
995,2024-12-13,2024,12,36.5216,36.5874,13,36.60998571428571,36.5873
996,2024-12-16,2024,12,36.6498,36.7158,16,36.629442857142855,36.5216
997,2024-12-17,2024,12,36.6424,36.7084,17,36.61872857142857,36.6498
998,2024-12-18,2024,12,36.6959,36.762,18,36.616,36.6424
999,2024-12-19,2024,12,36.4134,36.479,19,36.58074285714286,36.6959
1000,2024-12-20,2024,12,36.4162,36.4818,20,36.560942857142855,36.4134
1001,2024-12-23,2024,12,36.5473,36.6132,23,36.55522857142857,36.4162
1002,2024-12-24,2024,12,36.5693,36.6351,24,36.562042857142856,36.5473
1003,2024-12-25,2024,12,36.6592,36.7252,25,36.563385714285715,36.5693
1004,2024-12-26,2024,12,36.6076,36.6736,26,36.558414285714285,36.6592
1005,2024-12-27,2024,12,36.6134,36.6794,27,36.54662857142857,36.6076
1006,2024-12-30,2024,12,36.7429,36.8091,30,36.593700000000005,36.6134
1007,2024-12-31,2024,12,36.7362,36.8024,31,36.63941428571429,36.7429
1008,2025-01-02,2025,1,36.4804,36.5462,2,36.62985714285714,36.7362
1009,2025-01-03,2025,1,36.2762,36.3416,3,36.587985714285715,36.4804
1010,2025-01-06,2025,1,36.5264,36.5922,6,36.56901428571429,36.2762
1011,2025-01-07,2025,1,36.7501,36.8163,7,36.589371428571425,36.5264
1012,2025-01-08,2025,1,36.459,36.5247,8,36.56731428571429,36.7501
1013,2025-01-09,2025,1,36.3567,36.4222,9,36.512142857142855,36.459
1014,2025-01-10,2025,1,36.3871,36.4527,10,36.462271428571434,36.3567
1015,2025-01-13,2025,1,36.1555,36.2207,13,36.41585714285714,36.3871
1016,2025-01-14,2025,1,36.3401,36.4055,14,36.42498571428571,36.1555
1017,2025-01-15,2025,1,36.5032,36.5689,15,36.42167142857143,36.3401
1018,2025-01-16,2025,1,36.4274,36.493,16,36.375571428571426,36.5032
1019,2025-01-17,2025,1,36.4604,36.5261,17,36.37577142857143,36.4274
1020,2025-01-20,2025,1,36.6347,36.7007,20,36.415485714285715,36.4604
1021,2025-01-21,2025,1,36.832,36.8984,21,36.47904285714286,36.6347
1022,2025-01-22,2025,1,37.1109,37.1778,22,36.61552857142857,36.832
1023,2025-01-23,2025,1,37.0294,37.0961,23,36.714,37.1109
1024,2025-01-24,2025,1,37.3073,37.3745,24,36.828871428571425,37.0294
1025,2025-01-27,2025,1,37.3915,37.4589,27,36.96660000000001,37.3073
1026,2025-01-28,2025,1,37.2335,37.3005,28,37.077042857142864,37.3915
1027,2025-01-29,2025,1,37.1865,37.2534,29,37.15587142857142,37.2335
1028,2025-01-30,2025,1,37.1844,37.2514,30,37.20621428571429,37.1865
1029,2025-01-31,2025,1,37.1461,37.213,31,37.21124285714286,37.1844
1030,2025-02-03,2025,2,36.763,36.8292,3,37.17318571428571,37.1461
1031,2025-02-04,2025,2,37.0822,37.149,4,37.14102857142857,36.763
1032,2025-02-05,2025,2,37.3222,37.3894,5,37.13112857142857,37.0822
1033,2025-02-06,2025,2,37.1584,37.2254,6,37.120400000000004,37.3222
1034,2025-02-07,2025,2,37.2933,37.3605,7,37.13565714285714,37.1584
1035,2025-02-10,2025,2,37.1016,37.1685,10,37.123828571428575,37.2933
1036,2025-02-11,2025,2,37.0881,37.155,11,37.11554285714286,37.1016
1037,2025-02-12,2025,2,37.3666,37.4339,12,37.201771428571426,37.0881
1038,2025-02-13,2025,2,37.5557,37.6234,13,37.269414285714284,37.3666
1039,2025-02-14,2025,2,37.7997,37.8678,14,37.337628571428574,37.5557
1040,2025-02-17,2025,2,37.8966,37.9649,17,37.443085714285715,37.7997
1041,2025-02-18,2025,2,37.8678,37.936,18,37.52515714285715,37.8966
1042,2025-02-19,2025,2,37.812,37.8801,19,37.62664285714286,37.8678
1043,2025-02-20,2025,2,37.8218,37.89,20,37.731457142857145,37.812
1044,2025-02-21,2025,2,38.0381,38.1067,21,37.82738571428571,37.8218
1045,2025-02-24,2025,2,38.1135,38.1822,24,37.90707142857143,38.0381
1046,2025-02-25,2025,2,38.1144,38.183,25,37.95202857142857,38.1135
1047,2025-02-26,2025,2,38.1763,38.2451,26,37.99198571428572,38.1144
1048,2025-02-27,2025,2,38.104,38.1727,27,38.025728571428566,38.1763
1049,2025-02-28,2025,2,37.8234,37.8915,28,38.02735714285715,38.104
1050,2025-03-03,2025,3,37.9507,38.0191,3,38.04577142857143,37.8234
1051,2025-03-04,2025,3,38.2606,38.3295,4,38.077557142857145,37.9507
1052,2025-03-05,2025,3,38.8476,38.9176,5,38.18242857142857,38.2606
1053,2025-03-06,2025,3,39.2821,39.3528,6,38.34924285714286,38.8476
1054,2025-03-07,2025,3,39.387,39.458,7,38.5222,39.2821
1055,2025-03-10,2025,3,39.5144,39.5856,10,38.72368571428571,39.387
1056,2025-03-11,2025,3,39.7755,39.8471,11,39.00255714285714,39.5144
1057,2025-03-12,2025,3,39.8506,39.9224,12,39.27397142857143,39.7755
1058,2025-03-13,2025,3,39.7179,39.7895,13,39.48215714285714,39.8506
1059,2025-03-14,2025,3,39.6843,39.7558,14,39.601685714285715,39.7179
1060,2025-03-17,2025,3,39.8766,39.9484,17,39.68661428571428,39.6843
1061,2025-03-18,2025,3,40.0133,40.0854,18,39.77608571428571,39.8766
1062,2025-03-19,2025,3,41.4214,41.496,19,40.04851428571429,40.0133
1063,2025-03-20,2025,3,41.1915,41.2657,20,40.250800000000005,41.4214
1064,2025-03-21,2025,3,41.0195,41.0934,21,40.41778571428572,41.1915
1065,2025-03-24,2025,3,41.04,41.1139,24,40.606657142857145,41.0195
1066,2025-03-25,2025,3,40.9489,41.0227,25,40.78731428571428,41.04
1067,2025-03-26,2025,3,40.9326,41.0064,26,40.93817142857143,40.9489
1068,2025-03-27,2025,3,40.874,40.9476,27,41.06112857142857,40.9326
1069,2025-03-28,2025,3,40.7019,40.7753,28,40.95834285714285,40.874
1070,2025-04-02,2025,4,40.8746,40.9482,2,40.91307142857143,40.7019
1071,2025-04-03,2025,4,41.74,41.8152,3,41.016000000000005,40.8746
1072,2025-04-04,2025,4,41.7115,41.7867,4,41.11192857142857,41.74
1073,2025-04-07,2025,4,41.6552,41.7303,7,41.212828571428574,41.7115
1074,2025-04-08,2025,4,41.4822,41.5569,8,41.29134285714286,41.6552
1075,2025-04-09,2025,4,41.871,41.9465,9,41.43377142857143,41.4822
1076,2025-04-10,2025,4,41.8133,41.8886,10,41.59254285714286,41.871
1077,2025-04-11,2025,4,43.0405,43.1181,11,41.90195714285715,41.8133
1078,2025-04-14,2025,4,43.2496,43.3275,14,42.11761428571429,43.0405
1079,2025-04-15,2025,4,43.101,43.1786,15,42.316114285714285,43.2496
1080,2025-04-16,2025,4,43.2457,43.3237,16,42.54332857142857,43.101
1081,2025-04-17,2025,4,43.2644,43.3424,17,42.79792857142858,43.2457
1082,2025-04-18,2025,4,43.2143,43.2922,18,42.98982857142857,43.2644
1083,2025-04-21,2025,4,43.9857,44.065,21,43.30017142857143,43.2143
1084,2025-04-22,2025,4,43.8343,43.9133,22,43.41357142857142,43.9857
1085,2025-04-24,2025,4,43.485,43.5633,24,43.4472,43.8343
1086,2025-04-25,2025,4,43.4132,43.4914,25,43.491800000000005,43.485
1087,2025-04-28,2025,4,43.5309,43.6093,28,43.53254285714286,43.4132
1088,2025-04-29,2025,4,43.6858,43.7645,29,43.59274285714286,43.5309
1089,2025-04-30,2025,4,43.6361,43.7147,30,43.653000000000006,43.6858
1090,2025-05-02,2025,5,43.496,43.5744,2,43.58304285714286,43.6361
1091,2025-05-05,2025,5,43.6421,43.7207,5,43.55558571428571,43.496
1092,2025-05-06,2025,5,43.6354,43.714,6,43.577071428571436,43.6421
1093,2025-05-07,2025,5,43.809,43.8879,7,43.63361428571428,43.6354
1094,2025-05-08,2025,5,43.5242,43.6027,8,43.63265714285715,43.809
1095,2025-05-09,2025,5,43.3914,43.4696,9,43.590599999999995,43.5242
1096,2025-05-12,2025,5,43.0404,43.1179,12,43.5055,43.3914
1097,2025-05-13,2025,5,43.0087,43.0862,13,43.43588571428571,43.0404
1098,2025-05-14,2025,5,43.4288,43.507,14,43.405414285714286,43.0087
1099,2025-05-15,2025,5,43.2847,43.3626,15,43.35531428571428,43.4288
1100,2025-05-16,2025,5,43.2309,43.3087,16,43.27272857142857,43.2847
1101,2025-05-20,2025,5,43.6422,43.7208,20,43.289585714285714,43.2309
1102,2025-05-21,2025,5,43.9134,43.9925,21,43.364157142857145,43.6422
1103,2025-05-22,2025,5,43.8666,43.9456,22,43.48218571428571,43.9134
1104,2025-05-23,2025,5,44.0028,44.082,23,43.62420000000001,43.8666
1105,2025-05-26,2025,5,44.2855,44.3653,26,43.74658571428571,44.0028
1106,2025-05-27,2025,5,44.1526,44.2322,27,43.87057142857143,44.2855
1107,2025-05-28,2025,5,44.1399,44.2194,28,44.00042857142857,44.1526
1108,2025-05-29,2025,5,43.9996,44.0789,29,44.05148571428571,44.1399
1109,2025-05-30,2025,5,44.2706,44.3503,30,44.102514285714285,43.9996
1110,2025-06-02,2025,6,44.6554,44.7358,2,44.215199999999996,44.2706
1111,2025-06-03,2025,6,44.5878,44.6681,3,44.29877142857142,44.6554
1112,2025-06-04,2025,6,44.4673,44.5474,4,44.32474285714286,44.5878
1113,2025-06-10,2025,6,44.6599,44.7404,10,44.39721428571429,44.4673
1114,2025-06-11,2025,6,44.7047,44.7853,11,44.4779,44.6599
1115,2025-06-12,2025,6,45.3249,45.4066,12,44.66722857142857,44.7047
1116,2025-06-13,2025,6,45.2384,45.3199,13,44.80548571428572,45.3249
1117,2025-06-16,2025,6,45.5225,45.6046,16,44.92935714285715,45.2384
1118,2025-06-17,2025,6,45.4312,45.513,17,45.049842857142856,45.5225
1119,2025-06-18,2025,6,45.357,45.4387,18,45.17694285714286,45.4312
1120,2025-06-19,2025,6,45.2939,45.3755,19,45.267514285714284,45.357
1121,2025-06-20,2025,6,45.5548,45.6369,20,45.38895714285714,45.2939
1122,2025-06-23,2025,6,45.526,45.608,23,45.41768571428571,45.5548
1123,2025-06-24,2025,6,45.8819,45.9646,24,45.509614285714285,45.526
1124,2025-06-25,2025,6,45.9946,46.0775,25,45.57705714285714,45.8819
1125,2025-06-26,2025,6,46.4941,46.5778,26,45.7289,45.9946
1126,2025-06-27,2025,6,46.5526,46.6364,27,45.8997,46.4941
1127,2025-06-30,2025,6,46.6074,46.6913,30,46.08734285714286,46.5526
1128,2025-07-01,2025,7,46.9375,47.0221,1,46.28487142857143,46.6074
1129,2025-07-02,2025,7,46.7606,46.8448,2,46.46124285714286,46.9375
1130,2025-07-03,2025,7,46.8004,46.8847,3,46.59245714285714,46.7606
1131,2025-07-04,2025,7,46.7222,46.8064,4,46.6964,46.8004
1132,2025-07-07,2025,7,46.8302,46.9146,7,46.744414285714285,46.7222
1133,2025-07-08,2025,7,46.8836,46.9681,8,46.7917,46.8302
1134,2025-07-09,2025,7,46.7923,46.8766,9,46.81811428571429,46.8836
1135,2025-07-10,2025,7,46.8833,46.9678,10,46.81037142857143,46.7923
1136,2025-07-11,2025,7,46.7575,46.8417,11,46.80992857142858,46.8833
1137,2025-07-14,2025,7,46.8415,46.9259,14,46.8158,46.7575
1138,2025-07-16,2025,7,46.6624,46.7464,16,46.80725714285715,46.8415
1139,2025-07-17,2025,7,46.5844,46.6683,17,46.77214285714286,46.6624
1140,2025-07-18,2025,7,46.7999,46.8842,18,46.76018571428572,46.5844
1141,2025-07-21,2025,7,46.9527,47.0373,21,46.7831,46.7999
1142,2025-07-22,2025,7,47.1822,47.2672,22,46.8258,46.9527
1143,2025-07-23,2025,7,47.3692,47.4545,23,46.91318571428571,47.1822
1144,2025-07-24,2025,7,47.4843,47.5698,24,47.00501428571429,47.3692
1145,2025-07-25,2025,7,47.4217,47.5072,25,47.113485714285716,47.4843
1146,2025-07-28,2025,7,47.2531,47.3382,28,47.20901428571428,47.4217
1147,2025-07-29,2025,7,46.8015,46.8858,29,47.209242857142854,47.2531
1148,2025-07-30,2025,7,46.7684,46.8526,30,47.18291428571428,46.8015
1149,2025-07-31,2025,7,46.374,46.4576,31,47.067457142857144,46.7684
1150,2025-08-01,2025,8,46.2407,46.324,1,46.90624285714286,46.374
1151,2025-08-04,2025,8,46.9544,47.039,4,46.83054285714286,46.2407
1152,2025-08-05,2025,8,46.8689,46.9533,5,46.751571428571424,46.9544
1153,2025-08-06,2025,8,47.0414,47.1262,6,46.721328571428565,46.8689
1154,2025-08-07,2025,8,47.3672,47.4525,7,46.80214285714286,47.0414
1155,2025-08-08,2025,8,47.2245,47.3096,8,46.8673,47.3672
1156,2025-08-11,2025,8,47.326,47.4113,11,47.0033,47.2245
1157,2025-08-12,2025,8,47.1846,47.2696,12,47.13814285714285,47.326
1158,2025-08-13,2025,8,47.6222,47.708,13,47.233542857142865,47.1846
1159,2025-08-14,2025,8,47.5612,47.6468,14,47.33244285714285,47.6222
1160,2025-08-15,2025,8,47.5864,47.6721,15,47.41030000000001,47.5612
1161,2025-08-18,2025,8,47.6755,47.7614,18,47.454342857142855,47.5864
1162,2025-08-19,2025,8,47.6745,47.7604,19,47.51862857142857,47.6755
1163,2025-08-20,2025,8,47.5457,47.6314,20,47.55001428571428,47.6745
1164,2025-08-21,2025,8,47.5904,47.6762,21,47.60798571428571,47.5457
1165,2025-08-22,2025,8,47.3729,47.4582,22,47.57237142857143,47.5904
1166,2025-08-25,2025,8,47.8773,47.9636,25,47.61752857142857,47.3729
1167,2025-08-26,2025,8,47.6318,47.7176,26,47.62401428571429,47.8773
1168,2025-08-27,2025,8,47.4965,47.5821,27,47.59844285714285,47.6318
1169,2025-08-28,2025,8,47.7444,47.8304,28,47.608428571428576,47.4965
1170,2025-08-29,2025,8,47.7841,47.8702,29,47.64248571428571,47.7444
1171,2025-09-01,2025,9,48.1101,48.1967,1,47.716728571428575,47.7841
1172,2025-09-02,2025,9,47.8603,47.9465,2,47.78635714285714,48.1101
1173,2025-09-03,2025,9,47.8487,47.9349,3,47.782271428571434,47.8603
1174,2025-09-04,2025,9,47.8704,47.9567,4,47.81635714285714,47.8487
1175,2025-09-05,2025,9,48.0133,48.0998,5,47.890185714285714,47.8704
1176,2025-09-08,2025,9,48.2995,48.3865,8,47.96948571428572,48.0133
1177,2025-09-09,2025,9,48.4281,48.5154,9,48.061485714285716,48.2995
1178,2025-09-10,2025,9,48.2165,48.3034,10,48.07668571428571,48.4281
1179,2025-09-11,2025,9,48.1672,48.2539,11,48.12052857142857,48.2165
1180,2025-09-15,2025,9,48.444,48.5313,15,48.205571428571425,48.1672
1181,2025-09-16,2025,9,48.6615,48.7491,16,48.31858571428571,48.444
1182,2025-09-17,2025,9,48.8181,48.906,17,48.43355714285714,48.6615
1183,2025-09-18,2025,9,48.7706,48.8584,18,48.500857142857136,48.8181
1184,2025-09-19,2025,9,48.4889,48.5762,19,48.509542857142854,48.7706
1185,2025-09-22,2025,9,48.582,48.6695,22,48.56175714285714,48.4889
1186,2025-09-23,2025,9,48.7644,48.8523,23,48.64707142857143,48.582
1187,2025-09-24,2025,9,48.6935,48.7812,24,48.68271428571428,48.7644
1188,2025-09-25,2025,9,48.607,48.6946,25,48.674928571428566,48.6935
1189,2025-09-26,2025,9,48.3509,48.438,26,48.60818571428572,48.607
1190,2025-09-29,2025,9,48.6479,48.7355,29,48.59065714285715,48.3509
1191,2025-09-30,2025,9,48.7512,48.839,30,48.628128571428576,48.6479
1192,2025-10-01,2025,10,48.7508,48.8386,1,48.65224285714286,48.7512
1193,2025-10-02,2025,10,48.7985,48.8864,2,48.657114285714286,48.7508
1194,2025-10-03,2025,10,48.7205,48.8083,3,48.66097142857142,48.7985
1195,2025-10-06,2025,10,48.58,48.6676,6,48.657114285714286,48.7205
1196,2025-10-07,2025,10,48.5809,48.6684,7,48.689971428571425,48.58
1197,2025-10-08,2025,10,48.3879,48.4751,8,48.65282857142857,48.5809
1198,2025-10-09,2025,10,48.3704,48.4575,9,48.59842857142856,48.3879
1199,2025-10-10,2025,10,48.1872,48.274,10,48.517914285714276,48.3704
1200,2025-10-13,2025,10,48.3565,48.4436,13,48.45477142857142,48.1872
1201,2025-10-14,2025,10,48.2476,48.3345,14,48.387214285714286,48.3565
1202,2025-10-15,2025,10,48.5717,48.6592,15,48.38602857142856,48.2476
1203,2025-10-16,2025,10,48.6885,48.7762,16,48.4014,48.5717
1204,2025-10-17,2025,10,48.8859,48.9739,17,48.472542857142855,48.6885
1205,2025-10-20,2025,10,48.8255,48.9135,20,48.537557142857146,48.8859
1206,2025-10-21,2025,10,48.6813,48.769,21,48.60814285714286,48.8255
1207,2025-10-22,2025,10,48.5808,48.6683,22,48.64018571428572,48.6813
1208,2025-10-23,2025,10,48.5803,48.6678,23,48.68771428571428,48.5808
1209,2025-10-24,2025,10,48.5943,48.6819,24,48.690942857142865,48.5803
1210,2025-10-27,2025,10,48.7086,48.7964,27,48.69381428571428,48.5943
1211,2025-10-30,2025,10,48.6582,48.7458,30,48.66128571428572,48.7086
1212,2025-10-31,2025,10,48.462,48.5493,31,48.60935714285715,48.6582
1213,2025-11-03,2025,11,48.3661,48.4532,3,48.56432857142857,48.462
1214,2025-11-04,2025,11,48.3464,48.4335,4,48.53084285714285,48.3661
1215,2025-11-05,2025,11,48.288,48.375,5,48.489085714285714,48.3464
1216,2025-11-06,2025,11,48.4068,48.494,6,48.46229999999999,48.288
1217,2025-11-07,2025,11,48.5281,48.6155,7,48.43651428571429,48.4068
1218,2025-11-10,2025,11,48.7023,48.7901,10,48.44281428571429,48.5281
1219,2025-11-11,2025,11,48.74,48.8278,11,48.482528571428574,48.7023
1220,2025-11-12,2025,11,48.8135,48.9014,12,48.54644285714286,48.74
1221,2025-11-13,2025,11,48.9643,49.0525,13,48.63471428571428,48.8135
1222,2025-11-14,2025,11,49.0216,49.1099,14,48.739514285714286,48.9643
1223,2025-11-17,2025,11,49.0316,49.1199,17,48.82877142857143,49.0216
1224,2025-11-18,2025,11,48.9795,49.0678,18,48.89325714285714,49.0316
1225,2025-11-19,2025,11,48.9495,49.0377,19,48.92857142857143,48.9795
1226,2025-11-20,2025,11,48.7238,48.8116,20,48.92625714285714,48.9495
1227,2025-11-21,2025,11,48.7472,48.835,21,48.916785714285716,48.7238
1228,2025-11-24,2025,11,48.8473,48.9353,24,48.90007142857143,48.7472
1229,2025-11-25,2025,11,48.8415,48.9295,25,48.87434285714286,48.8473
1230,2025-11-26,2025,11,49.0355,49.1239,26,48.874900000000004,48.8415
1231,2025-11-27,2025,11,49.0878,49.1763,27,48.89037142857143,49.0355
1232,2025-11-28,2025,11,49.0114,49.0997,28,48.89921428571428,49.0878
1233,2025-12-01,2025,12,49.2708,49.3595,1,48.977357142857144,49.0114
1234,2025-12-02,2025,12,49.1783,49.2669,2,49.03894285714286,49.2708
1235,2025-12-03,2025,12,49.3609,49.4499,3,49.112314285714284,49.1783
1236,2025-12-04,2025,12,49.4583,49.5474,4,49.200428571428574,49.3609
1237,2025-12-05,2025,12,49.3699,49.4588,5,49.248200000000004,49.4583
