,Tarih,Acilis,Kapanis,Yil,Ay,Gun,HaftaninGunu,Dunku_Kapanis
1,2020-12-08,468.0,470.31,2020,12,8,1,468.03
2,2020-12-09,467.58,462.15,2020,12,9,2,470.31
3,2020-12-10,462.52,465.7,2020,12,10,3,462.15
4,2020-12-11,465.67,463.62,2020,12,11,4,465.7
5,2020-12-12,465.63,463.62,2020,12,12,5,463.62
6,2020-12-14,464.2,461.52,2020,12,14,0,463.62
7,2020-12-15,461.7,467.22,2020,12,15,1,461.52
8,2020-12-16,467.22,467.63,2020,12,16,2,467.22
9,2020-12-17,467.82,466.69,2020,12,17,3,467.63
10,2020-12-18,466.85,463.26,2020,12,18,4,466.69
11,2020-12-19,466.85,461.81,2020,12,19,5,463.26
12,2020-12-21,463.09,460.9,2020,12,21,0,461.81
13,2020-12-22,460.9,458.32,2020,12,22,1,460.9
14,2020-12-23,458.16,460.06,2020,12,23,2,458.32
15,2020-12-24,459.97,458.41,2020,12,24,3,460.06
16,2020-12-25,456.99,458.44,2020,12,25,4,458.41
17,2020-12-28,459.25,448.13,2020,12,28,0,458.44
18,2020-12-29,448.17,446.8,2020,12,29,1,448.13
19,2020-12-30,446.8,449.54,2020,12,30,2,446.8
20,2020-12-31,449.48,454.36,2020,12,31,3,449.54
21,2021-01-01,454.37,452.92,2021,1,1,4,454.36
22,2021-01-04,455.69,463.79,2021,1,4,0,452.92
23,2021-01-05,463.9,462.98,2021,1,5,1,463.79
24,2021-01-06,463.05,450.65,2021,1,6,2,462.98
25,2021-01-07,450.75,452.05,2021,1,7,3,450.65
26,2021-01-08,452.25,438.05,2021,1,8,4,452.05
27,2021-01-09,452.23,438.05,2021,1,9,5,438.05
28,2021-01-11,437.71,443.93,2021,1,11,0,438.05
29,2021-01-12,444.05,444.83,2021,1,12,1,443.93
30,2021-01-13,444.96,439.96,2021,1,13,2,444.83
31,2021-01-14,440.04,437.19,2021,1,14,3,439.96
32,2021-01-15,437.33,437.79,2021,1,15,4,437.19
33,2021-01-16,437.38,437.79,2021,1,16,5,437.79
34,2021-01-18,438.17,441.47,2021,1,18,0,437.79
35,2021-01-19,441.89,441.82,2021,1,19,1,441.47
36,2021-01-20,441.79,446.08,2021,1,20,2,441.82
37,2021-01-21,446.06,442.71,2021,1,21,3,446.08
38,2021-01-22,442.87,441.78,2021,1,22,4,442.71
39,2021-01-23,442.87,441.78,2021,1,23,5,441.78
40,2021-01-25,442.35,442.12,2021,1,25,0,441.78
41,2021-01-26,442.0,437.17,2021,1,26,1,442.12
42,2021-01-27,437.14,438.79,2021,1,27,2,437.17
43,2021-01-28,438.8,434.3,2021,1,28,3,438.79
44,2021-01-29,434.29,433.5,2021,1,29,4,434.3
45,2021-01-30,434.29,433.5,2021,1,30,5,433.5
46,2021-02-01,435.86,429.53,2021,2,1,0,433.5
47,2021-02-02,429.67,424.97,2021,2,2,1,429.53
48,2021-02-03,424.94,422.1,2021,2,3,2,424.97
49,2021-02-04,422.02,411.49,2021,2,4,3,422.1
50,2021-02-05,411.67,411.1,2021,2,5,4,411.49
51,2021-02-06,411.65,411.1,2021,2,6,5,411.1
52,2021-02-08,411.76,416.44,2021,2,8,0,411.1
53,2021-02-09,416.47,417.37,2021,2,9,1,416.44
54,2021-02-10,417.28,418.17,2021,2,10,2,417.37
55,2021-02-11,418.23,412.58,2021,2,11,3,418.17
56,2021-02-12,412.49,412.01,2021,2,12,4,412.58
57,2021-02-13,412.52,412.01,2021,2,13,5,412.01
58,2021-02-15,412.47,406.98,2021,2,15,0,412.01
59,2021-02-16,407.18,403.64,2021,2,16,1,406.98
60,2021-02-17,403.71,397.46,2021,2,17,2,403.64
61,2021-02-18,397.44,397.42,2021,2,18,3,397.46
62,2021-02-19,397.5,399.99,2021,2,19,4,397.42
63,2021-02-20,397.5,400.0,2021,2,20,5,399.99
64,2021-02-22,400.14,408.24,2021,2,22,0,400.0
65,2021-02-23,408.11,412.41,2021,2,23,1,408.24
66,2021-02-24,412.41,415.55,2021,2,24,2,412.41
67,2021-02-25,415.64,418.42,2021,2,25,3,415.55
68,2021-02-26,418.58,412.18,2021,2,26,4,418.42
69,2021-02-27,418.54,412.22,2021,2,27,5,412.18
70,2021-03-01,412.99,404.38,2021,3,1,0,412.22
71,2021-03-02,404.3,410.11,2021,3,2,1,404.38
72,2021-03-03,410.29,410.44,2021,3,3,2,410.11
73,2021-03-04,410.53,409.33,2021,3,4,3,410.44
74,2021-03-05,410.56,411.24,2021,3,5,4,409.33
75,2021-03-06,410.56,411.24,2021,3,6,5,411.24
76,2021-03-08,411.95,418.5,2021,3,8,0,411.24
77,2021-03-09,419.33,420.07,2021,3,9,1,418.5
78,2021-03-10,420.37,416.35,2021,3,10,2,420.07
79,2021-03-11,416.43,414.33,2021,3,11,3,416.35
80,2021-03-12,414.3,419.29,2021,3,12,4,414.33
81,2021-03-13,414.3,419.29,2021,3,13,5,419.29
82,2021-03-15,418.77,419.41,2021,3,15,0,419.29
83,2021-03-16,419.52,416.71,2021,3,16,1,419.41
84,2021-03-17,417.28,420.49,2021,3,17,2,416.71
85,2021-03-18,420.39,408.77,2021,3,18,3,420.49
86,2021-03-19,408.92,404.72,2021,3,19,4,408.77
87,2021-03-20,408.92,404.72,2021,3,20,5,404.72
88,2021-03-22,458.75,435.45,2021,3,22,0,404.72
89,2021-03-23,436.1,441.46,2021,3,23,1,435.45
90,2021-03-24,438.46,442.58,2021,3,24,2,441.46
91,2021-03-25,441.68,440.87,2021,3,25,3,442.58
92,2021-03-26,440.89,452.43,2021,3,26,4,440.87
93,2021-03-27,440.89,452.43,2021,3,27,5,452.43
94,2021-03-29,449.32,451.21,2021,3,29,0,452.43
95,2021-03-30,451.37,451.36,2021,3,30,1,451.21
96,2021-03-31,451.68,452.37,2021,3,31,2,451.36
97,2021-04-01,453.13,450.8,2021,4,1,3,452.37
98,2021-04-02,450.63,454.45,2021,4,2,4,450.8
99,2021-04-05,454.6,450.2,2021,4,5,0,454.45
100,2021-04-06,451.54,455.74,2021,4,6,1,450.2
101,2021-04-07,456.53,455.14,2021,4,7,2,455.74
102,2021-04-08,456.12,459.08,2021,4,8,3,455.14
103,2021-04-09,459.63,457.29,2021,4,9,4,459.08
104,2021-04-10,459.15,457.31,2021,4,10,5,457.29
105,2021-04-12,457.21,453.73,2021,4,12,0,457.31
106,2021-04-13,454.0,454.83,2021,4,13,1,453.73
107,2021-04-14,454.99,450.23,2021,4,14,2,454.83
108,2021-04-15,450.51,454.14,2021,4,15,3,450.23
109,2021-04-16,454.14,460.52,2021,4,16,4,454.14
110,2021-04-17,454.14,460.43,2021,4,17,5,460.52
111,2021-04-19,461.21,460.66,2021,4,19,0,460.43
112,2021-04-20,461.05,463.45,2021,4,20,1,460.66
113,2021-04-21,463.59,471.67,2021,4,21,2,463.45
114,2021-04-22,471.54,476.65,2021,4,22,3,471.67
115,2021-04-23,476.62,478.77,2021,4,23,4,476.65
116,2021-04-26,480.87,473.65,2021,4,26,0,478.77
117,2021-04-27,474.36,468.66,2021,4,27,1,473.65
118,2021-04-28,468.53,468.96,2021,4,28,2,468.66
119,2021-04-29,469.54,467.26,2021,4,29,3,468.96
120,2021-04-30,467.89,471.27,2021,4,30,4,467.26
121,2021-05-01,467.89,471.21,2021,5,1,5,471.27
122,2021-05-03,470.97,475.35,2021,5,3,0,471.21
123,2021-05-04,475.48,475.96,2021,5,4,1,475.35
124,2021-05-05,476.13,477.56,2021,5,5,2,475.96
125,2021-05-06,478.1,482.86,2021,5,6,3,477.56
126,2021-05-07,483.24,484.8,2021,5,7,4,482.86
127,2021-05-08,482.59,484.8,2021,5,8,5,484.8
128,2021-05-10,484.78,488.36,2021,5,10,0,484.8
129,2021-05-11,488.3,488.96,2021,5,11,1,488.36
130,2021-05-12,489.13,491.39,2021,5,12,2,488.96
131,2021-05-13,492.1,499.29,2021,5,13,3,491.39
132,2021-05-14,499.51,501.11,2021,5,14,4,499.29
133,2021-05-17,500.7,498.92,2021,5,17,0,501.11
134,2021-05-18,499.02,502.13,2021,5,18,1,498.92
135,2021-05-19,502.21,505.66,2021,5,19,2,502.13
136,2021-05-20,506.03,505.78,2021,5,20,3,505.66
137,2021-05-21,505.73,509.09,2021,5,21,4,505.78
138,2021-05-24,509.55,507.28,2021,5,24,0,509.09
139,2021-05-25,507.06,516.64,2021,5,25,1,507.28
140,2021-05-26,516.38,515.65,2021,5,26,2,516.64
141,2021-05-27,515.66,518.16,2021,5,27,3,515.65
142,2021-05-28,518.38,524.23,2021,5,28,4,518.16
143,2021-05-31,524.91,520.49,2021,5,31,0,524.23
144,2021-06-01,520.8,520.52,2021,6,1,1,520.49
145,2021-06-02,529.75,527.17,2021,6,2,2,520.52
146,2021-06-03,527.32,523.41,2021,6,3,3,527.17
147,2021-06-04,523.63,526.95,2021,6,4,4,523.41
148,2021-06-07,526.69,525.91,2021,6,7,0,526.95
149,2021-06-08,526.63,523.7,2021,6,8,1,525.91
150,2021-06-09,523.68,521.57,2021,6,9,2,523.7
151,2021-06-10,521.63,514.32,2021,6,10,3,521.57
152,2021-06-11,514.53,506.72,2021,6,11,4,514.32
153,2021-06-14,506.27,508.14,2021,6,14,0,506.72
154,2021-06-15,508.16,511.43,2021,6,15,1,508.14
155,2021-06-16,511.42,501.9,2021,6,16,2,511.43
156,2021-06-17,502.17,497.11,2021,6,17,3,501.9
157,2021-06-18,497.08,495.64,2021,6,18,4,497.11
158,2021-06-21,496.5,502.76,2021,6,21,0,495.64
159,2021-06-22,503.52,494.67,2021,6,22,1,502.76
160,2021-06-23,494.64,494.17,2021,6,23,2,494.67
161,2021-06-24,494.13,497.03,2021,6,24,3,494.17
162,2021-06-25,497.05,502.0,2021,6,25,4,497.03
163,2021-06-26,497.05,502.03,2021,6,26,5,502.0
164,2021-06-28,501.73,496.5,2021,6,28,0,502.03
165,2021-06-29,497.04,494.45,2021,6,29,1,496.5
166,2021-06-30,494.27,495.42,2021,6,30,2,494.45
167,2021-07-01,495.11,494.49,2021,7,1,3,495.42
168,2021-07-02,494.26,498.76,2021,7,2,4,494.49
169,2021-07-05,498.27,499.06,2021,7,5,0,498.76
170,2021-07-06,499.31,502.04,2021,7,6,1,499.06
171,2021-07-07,502.1,503.57,2021,7,7,2,502.04
172,2021-07-08,503.73,503.87,2021,7,8,3,503.57
173,2021-07-09,503.78,503.37,2021,7,9,4,503.87
174,2021-07-10,503.78,503.43,2021,7,10,5,503.37
175,2021-07-12,503.48,501.44,2021,7,12,0,503.43
176,2021-07-13,501.45,500.99,2021,7,13,1,501.44
177,2021-07-14,500.91,504.34,2021,7,14,2,500.99
178,2021-07-15,504.92,503.64,2021,7,15,3,504.34
179,2021-07-16,503.75,496.25,2021,7,16,4,503.64
180,2021-07-17,503.75,496.26,2021,7,17,5,496.25
181,2021-07-19,498.64,500.34,2021,7,19,0,496.26
182,2021-07-20,500.67,498.49,2021,7,20,1,500.34
183,2021-07-21,499.04,496.29,2021,7,21,2,498.49
184,2021-07-22,496.49,497.47,2021,7,22,3,496.29
185,2021-07-23,497.74,495.46,2021,7,23,4,497.47
186,2021-07-24,497.74,495.48,2021,7,24,5,495.46
187,2021-07-26,495.33,494.12,2021,7,26,0,495.48
188,2021-07-27,494.37,495.03,2021,7,27,1,494.12
189,2021-07-28,494.85,496.57,2021,7,28,2,495.03
190,2021-07-29,496.75,496.77,2021,7,29,3,496.57
191,2021-07-30,497.21,492.54,2021,7,30,4,496.77
192,2021-08-02,492.8,486.67,2021,8,2,0,492.54
193,2021-08-03,486.64,489.1,2021,8,3,1,486.67
194,2021-08-04,489.22,493.6,2021,8,4,2,489.1
195,2021-08-05,493.67,494.37,2021,8,5,3,493.6
196,2021-08-06,494.71,488.29,2021,8,6,4,494.37
197,2021-08-07,494.71,488.27,2021,8,7,5,488.29
198,2021-08-09,488.45,479.91,2021,8,9,0,488.27
199,2021-08-10,480.15,477.9,2021,8,10,1,479.91
200,2021-08-11,477.85,485.78,2021,8,11,2,477.9
201,2021-08-12,485.83,481.5,2021,8,12,3,485.78
202,2021-08-13,482.36,487.1,2021,8,13,4,481.5
203,2021-08-14,482.36,487.34,2021,8,14,5,487.1
204,2021-08-16,487.35,485.73,2021,8,16,0,487.34
205,2021-08-17,485.87,484.01,2021,8,17,1,485.73
206,2021-08-18,484.0,485.82,2021,8,18,2,484.01
207,2021-08-19,486.34,486.08,2021,8,19,3,485.82
208,2021-08-20,486.97,485.73,2021,8,20,4,486.08
209,2021-08-21,486.97,485.86,2021,8,21,5,485.73
210,2021-08-23,486.11,488.79,2021,8,23,0,485.86
211,2021-08-24,488.82,486.64,2021,8,24,1,488.79
212,2021-08-25,485.99,482.0,2021,8,25,2,486.64
213,2021-08-26,481.89,483.57,2021,8,26,3,482.0
214,2021-08-27,483.3,487.73,2021,8,27,4,483.57
215,2021-08-28,483.3,487.63,2021,8,28,5,487.73
216,2021-08-30,487.56,487.31,2021,8,30,0,487.63
217,2021-08-31,487.41,484.49,2021,8,31,1,487.31
218,2021-09-01,484.28,483.12,2021,9,1,2,484.49
219,2021-09-02,483.36,481.36,2021,9,2,3,483.12
220,2021-09-03,481.65,488.61,2021,9,3,4,481.36
221,2021-09-04,481.65,487.97,2021,9,4,5,488.61
222,2021-09-06,488.14,485.2,2021,9,6,0,487.97
223,2021-09-07,485.24,481.59,2021,9,7,1,485.2
224,2021-09-08,481.67,486.66,2021,9,8,2,481.59
225,2021-09-09,487.15,486.79,2021,9,9,3,486.66
226,2021-09-10,486.85,485.92,2021,9,10,4,486.79
227,2021-09-11,486.85,486.0,2021,9,11,5,485.92
228,2021-09-13,487.1,485.83,2021,9,13,0,486.0
229,2021-09-14,486.08,489.32,2021,9,14,1,485.83
230,2021-09-15,489.34,486.04,2021,9,15,2,489.32
231,2021-09-16,485.97,480.47,2021,9,16,3,486.04
232,2021-09-17,480.55,487.78,2021,9,17,4,480.47
233,2021-09-20,487.81,491.33,2021,9,20,0,487.78
234,2021-09-21,491.45,492.26,2021,9,21,1,491.33
235,2021-09-22,492.1,491.88,2021,9,22,2,492.26
236,2021-09-23,491.55,490.8,2021,9,23,3,491.88
237,2021-09-24,491.32,499.21,2021,9,24,4,490.8
238,2021-09-25,491.32,498.96,2021,9,25,5,499.21
239,2021-09-27,498.46,496.16,2021,9,27,0,498.96
240,2021-09-28,496.4,494.31,2021,9,28,1,496.16
241,2021-09-29,494.31,494.53,2021,9,29,2,494.31
242,2021-09-30,494.44,501.76,2021,9,30,3,494.53
243,2021-10-01,501.66,500.9,2021,10,1,4,501.76
244,2021-10-02,501.66,501.36,2021,10,2,5,500.9
245,2021-10-04,501.34,503.44,2021,10,4,0,501.36
246,2021-10-05,503.67,501.8,2021,10,5,1,503.44
247,2021-10-06,502.02,502.71,2021,10,6,2,501.8
248,2021-10-07,503.22,500.84,2021,10,7,3,502.71
249,2021-10-08,501.07,505.79,2021,10,8,4,500.84
250,2021-10-09,501.07,505.75,2021,10,9,5,505.79
251,2021-10-11,506.69,507.67,2021,10,11,0,505.75
252,2021-10-12,507.64,511.39,2021,10,12,1,507.67
253,2021-10-13,511.72,523.61,2021,10,13,2,511.39
254,2021-10-14,523.48,530.25,2021,10,14,3,523.61
255,2021-10-15,529.69,525.98,2021,10,15,4,530.25
256,2021-10-16,529.69,526.27,2021,10,16,5,525.98
257,2021-10-18,526.27,529.42,2021,10,18,0,526.27
258,2021-10-19,529.92,528.53,2021,10,19,1,529.42
259,2021-10-20,528.69,527.43,2021,10,20,2,528.53
260,2021-10-21,527.82,544.96,2021,10,21,3,527.43
261,2021-10-22,544.72,553.43,2021,10,22,4,544.96
262,2021-10-23,544.72,553.41,2021,10,23,5,553.43
263,2021-10-25,553.38,557.13,2021,10,25,0,553.41
264,2021-10-26,556.91,549.3,2021,10,26,1,557.13
265,2021-10-27,550.45,547.89,2021,10,27,2,549.3
266,2021-10-28,548.89,551.0,2021,10,28,3,547.89
267,2021-10-29,550.98,549.85,2021,10,29,4,551.0
268,2021-10-30,550.98,549.84,2021,10,30,5,549.85
269,2021-11-01,550.61,549.81,2021,11,1,0,549.84
270,2021-11-02,549.98,551.97,2021,11,2,1,549.81
271,2021-11-03,551.93,548.49,2021,11,3,2,551.97
272,2021-11-04,548.58,557.55,2021,11,4,3,548.49
273,2021-11-05,558.19,565.34,2021,11,5,4,557.55
274,2021-11-06,558.19,565.8,2021,11,6,5,565.34
275,2021-11-08,566.81,567.5,2021,11,8,0,565.8
276,2021-11-09,567.84,573.31,2021,11,9,1,567.5
277,2021-11-10,573.48,586.29,2021,11,10,2,573.31
278,2021-11-11,586.35,593.21,2021,11,11,3,586.29
279,2021-11-12,593.26,600.05,2021,11,12,4,593.21
280,2021-11-15,599.57,602.87,2021,11,15,0,600.05
281,2021-11-16,602.88,613.8,2021,11,16,1,602.87
282,2021-11-17,613.83,637.96,2021,11,17,2,613.8
283,2021-11-18,637.0,660.51,2021,11,18,3,637.96
284,2021-11-19,660.44,668.03,2021,11,19,4,660.51
285,2021-11-22,660.58,662.05,2021,11,22,0,668.03
286,2021-11-23,662.3,737.61,2021,11,23,1,662.05
287,2021-11-24,738.32,683.43,2021,11,24,2,737.61
288,2021-11-25,684.14,689.46,2021,11,25,3,683.43
289,2021-11-26,690.81,712.54,2021,11,26,4,689.46
290,2021-11-29,712.3,735.16,2021,11,29,0,712.54
291,2021-11-30,735.11,779.47,2021,11,30,1,735.16
292,2021-12-01,779.39,761.14,2021,12,1,2,779.47
293,2021-12-02,761.06,777.51,2021,12,2,3,761.14
294,2021-12-03,779.31,786.01,2021,12,3,4,777.51
295,2021-12-04,779.31,787.15,2021,12,4,5,786.01
296,2021-12-06,784.78,788.74,2021,12,6,0,787.15
297,2021-12-07,789.51,774.16,2021,12,7,1,788.74
298,2021-12-08,774.27,784.56,2021,12,8,2,774.16
299,2021-12-09,785.75,786.37,2021,12,9,3,784.56
300,2021-12-10,786.98,795.66,2021,12,10,4,786.37
301,2021-12-11,786.98,795.81,2021,12,11,5,795.66
302,2021-12-13,795.83,794.67,2021,12,13,0,795.81
303,2021-12-14,794.36,819.83,2021,12,14,1,794.67
304,2021-12-15,819.51,846.15,2021,12,15,2,819.83
305,2021-12-16,846.34,907.23,2021,12,16,3,846.15
306,2021-12-17,907.33,952.63,2021,12,17,4,907.23
307,2021-12-18,907.33,953.14,2021,12,18,5,952.63
308,2021-12-20,960.18,772.66,2021,12,20,0,953.14
309,2021-12-21,770.76,716.53,2021,12,21,1,772.66
310,2021-12-22,722.36,707.71,2021,12,22,2,716.53
311,2021-12-23,702.92,656.58,2021,12,23,3,707.71
312,2021-12-24,656.59,689.42,2021,12,24,4,656.58
313,2021-12-27,633.42,673.24,2021,12,27,0,689.42
314,2021-12-28,674.07,686.62,2021,12,28,1,673.24
315,2021-12-29,686.63,734.83,2021,12,29,2,686.62
316,2021-12-30,735.2,769.43,2021,12,30,3,734.83
317,2021-12-31,769.75,781.24,2021,12,31,4,769.43
318,2022-01-01,769.75,781.23,2022,1,1,5,781.24
319,2022-01-03,787.91,756.3,2022,1,3,0,781.23
320,2022-01-04,757.78,783.44,2022,1,4,1,756.3
321,2022-01-05,782.8,793.96,2022,1,5,2,783.44
322,2022-01-06,795.16,795.54,2022,1,6,3,793.96
323,2022-01-07,795.51,796.92,2022,1,7,4,795.54
324,2022-01-08,795.51,797.27,2022,1,8,5,796.92
325,2022-01-10,800.37,800.7,2022,1,10,0,797.27
326,2022-01-11,800.1,809.14,2022,1,11,1,800.7
327,2022-01-12,808.77,776.83,2022,1,12,2,809.14
328,2022-01-13,776.23,794.81,2022,1,13,3,776.83
329,2022-01-14,796.46,789.27,2022,1,14,4,794.81
330,2022-01-15,796.46,789.58,2022,1,15,5,789.27
331,2022-01-17,790.11,785.97,2022,1,17,0,789.58
332,2022-01-18,786.06,789.31,2022,1,18,1,785.97
333,2022-01-19,788.71,795.76,2022,1,19,2,789.31
334,2022-01-20,795.44,789.76,2022,1,20,3,795.76
335,2022-01-21,790.16,792.0,2022,1,21,4,789.76
336,2022-01-22,790.16,793.27,2022,1,22,5,792.0
337,2022-01-24,792.61,799.86,2022,1,24,0,793.27
338,2022-01-25,799.78,801.1,2022,1,25,1,799.86
339,2022-01-26,800.65,794.2,2022,1,26,2,801.1
340,2022-01-27,794.55,787.45,2022,1,27,3,794.2
341,2022-01-28,788.07,777.06,2022,1,28,4,787.45
342,2022-01-29,788.07,777.45,2022,1,29,5,777.06
343,2022-01-31,778.08,771.08,2022,1,31,0,777.45
344,2022-02-01,770.79,774.43,2022,2,1,1,771.08
345,2022-02-02,775.0,782.87,2022,2,2,2,774.43
346,2022-02-03,782.76,787.82,2022,2,3,3,782.87
347,2022-02-04,787.68,788.33,2022,2,4,4,787.82
348,2022-02-05,787.68,788.36,2022,2,5,5,788.33
349,2022-02-07,788.14,796.23,2022,2,7,0,788.36
350,2022-02-08,796.03,796.69,2022,2,8,1,796.23
351,2022-02-09,796.22,798.09,2022,2,9,2,796.69
352,2022-02-10,798.16,793.62,2022,2,10,3,798.09
353,2022-02-11,793.04,808.43,2022,2,11,4,793.62
354,2022-02-12,793.04,808.6,2022,2,12,5,808.43
355,2022-02-14,807.42,818.2,2022,2,14,0,808.6
356,2022-02-15,818.1,810.18,2022,2,15,1,818.2
357,2022-02-16,818.48,818.6,2022,2,16,2,810.18
358,2022-02-17,829.21,829.39,2022,2,17,3,818.6
359,2022-02-18,829.21,832.57,2022,2,18,4,829.39
360,2022-02-19,829.21,832.47,2022,2,19,5,832.57
361,2022-02-20,829.21,832.47,2022,2,20,6,832.47
362,2022-02-21,837.18,837.71,2022,2,21,0,832.47
363,2022-02-22,843.58,844.13,2022,2,22,1,837.71
364,2022-02-23,848.36,848.47,2022,2,23,2,844.13
365,2022-02-24,855.3,855.64,2022,2,24,3,848.47
366,2022-02-25,855.3,838.67,2022,2,25,4,855.64
367,2022-02-26,855.3,838.71,2022,2,26,5,838.67
368,2022-02-27,0.0,838.71,2022,2,27,6,838.71
369,2022-02-28,850.35,850.22,2022,2,28,0,838.71
370,2022-03-01,868.96,869.22,2022,3,1,1,850.22
371,2022-03-02,872.72,871.98,2022,3,2,2,869.22
372,2022-03-03,879.77,879.49,2022,3,3,3,871.98
373,2022-03-04,879.77,899.4,2022,3,4,4,879.49
374,2022-03-05,879.77,899.24,2022,3,5,5,899.4
375,2022-03-06,0.0,899.24,2022,3,6,6,899.24
376,2022-03-07,922.21,922.97,2022,3,7,0,899.24
377,2022-03-08,953.93,953.61,2022,3,8,1,922.97
378,2022-03-09,938.91,937.83,2022,3,9,2,953.61
379,2022-03-10,952.03,953.71,2022,3,10,3,937.83
380,2022-03-11,952.03,941.33,2022,3,11,4,953.71
381,2022-03-12,0.0,941.33,2022,3,12,5,941.33
382,2022-03-13,0.0,941.33,2022,3,13,6,941.33
383,2022-03-14,928.24,927.29,2022,3,14,0,941.33
384,2022-03-15,906.12,906.85,2022,3,15,1,927.29
385,2022-03-16,905.23,906.99,2022,3,16,2,906.85
386,2022-03-17,917.25,918.52,2022,3,17,3,906.99
387,2022-03-18,917.25,913.93,2022,3,18,4,918.52
388,2022-03-19,0.0,913.93,2022,3,19,5,913.93
389,2022-03-20,0.0,913.93,2022,3,20,6,913.93
390,2022-03-21,923.03,923.04,2022,3,21,0,913.93
391,2022-03-22,916.15,915.97,2022,3,22,1,923.04
392,2022-03-23,927.87,926.8,2022,3,23,2,915.97
393,2022-03-24,932.66,933.17,2022,3,24,3,926.8
394,2022-03-25,932.66,933.9,2022,3,25,4,933.17
395,2022-03-26,0.0,933.9,2022,3,26,5,933.9
396,2022-03-27,0.0,933.9,2022,3,27,6,933.9
397,2022-03-28,915.9,916.06,2022,3,28,0,933.9
398,2022-03-29,899.11,899.48,2022,3,29,1,916.06
399,2022-03-30,911.0,910.7,2022,3,30,2,899.48
400,2022-03-31,913.7,914.02,2022,3,31,3,910.7
401,2022-04-01,913.7,909.14,2022,4,1,4,914.02
402,2022-04-02,0.0,909.14,2022,4,2,5,909.14
403,2022-04-03,0.0,909.14,2022,4,3,6,909.14
404,2022-04-04,912.37,912.2,2022,4,4,0,909.14
405,2022-04-05,910.93,910.19,2022,4,5,1,912.2
406,2022-04-06,910.76,910.36,2022,4,6,2,910.19
407,2022-04-07,915.33,915.63,2022,4,7,3,910.36
408,2022-04-08,915.33,923.44,2022,4,8,4,915.63
409,2022-04-09,0.0,923.44,2022,4,9,5,923.44
410,2022-04-10,0.0,923.44,2022,4,10,6,923.44
411,2022-04-11,921.18,921.15,2022,4,11,0,923.44
412,2022-04-12,922.15,923.3,2022,4,12,1,921.15
413,2022-04-13,928.3,928.22,2022,4,13,2,923.3
414,2022-04-14,927.03,926.85,2022,4,14,3,928.22
415,2022-04-15,927.03,929.18,2022,4,15,4,926.85
416,2022-04-16,0.0,929.18,2022,4,16,5,929.18
417,2022-04-17,0.0,929.18,2022,4,17,6,929.18
418,2022-04-18,931.36,931.4,2022,4,18,0,929.18
419,2022-04-19,918.9,918.66,2022,4,19,1,931.4
420,2022-04-20,923.38,923.58,2022,4,20,2,918.66
421,2022-04-21,922.55,922.56,2022,4,21,3,923.58
422,2022-04-22,922.55,915.67,2022,4,22,4,922.56
423,2022-04-23,0.0,915.67,2022,4,23,5,915.67
424,2022-04-24,0.0,915.67,2022,4,24,6,915.67
425,2022-04-25,901.79,901.21,2022,4,25,0,915.67
426,2022-04-26,906.36,906.79,2022,4,26,1,901.21
427,2022-04-27,897.75,898.06,2022,4,27,2,906.79
428,2022-04-28,900.46,901.02,2022,4,28,3,898.06
429,2022-04-29,900.46,905.75,2022,4,29,4,901.02
430,2022-04-30,0.0,905.75,2022,4,30,5,905.75
431,2022-05-01,0.0,905.75,2022,5,1,6,905.75
432,2022-05-02,891.19,891.33,2022,5,2,0,905.75
433,2022-05-03,889.95,888.96,2022,5,3,1,891.33
434,2022-05-04,890.03,891.32,2022,5,4,2,888.96
435,2022-05-05,897.24,897.01,2022,5,5,3,891.32
436,2022-05-06,897.24,905.21,2022,5,6,4,897.01
437,2022-05-07,897.24,905.21,2022,5,7,5,905.21
438,2022-05-08,897.24,905.21,2022,5,8,6,905.21
439,2022-05-09,899.28,899.43,2022,5,9,0,905.21
440,2022-05-10,902.5,901.27,2022,5,10,1,899.43
441,2022-05-11,911.86,911.4,2022,5,11,2,901.27
442,2022-05-12,899.62,899.52,2022,5,12,3,911.4
443,2022-05-13,899.62,901.95,2022,5,13,4,899.52
444,2022-05-14,899.62,901.82,2022,5,14,5,901.95
445,2022-05-15,0.0,901.82,2022,5,15,6,901.82
446,2022-05-16,902.35,912.12,2022,5,16,0,901.82
447,2022-05-17,928.43,928.25,2022,5,17,1,912.12
448,2022-05-18,930.67,930.17,2022,5,18,2,928.25
449,2022-05-19,940.6,940.6,2022,5,19,3,930.17
450,2022-05-20,940.6,944.01,2022,5,20,4,940.6
451,2022-05-21,940.6,942.56,2022,5,21,5,944.01
452,2022-05-22,940.6,942.56,2022,5,22,6,942.56
453,2022-05-23,948.82,949.49,2022,5,23,0,942.56
454,2022-05-24,966.23,965.67,2022,5,24,1,949.49
455,2022-05-25,974.88,975.14,2022,5,25,2,965.67
456,2022-05-26,972.64,972.28,2022,5,26,3,975.14
457,2022-05-27,972.64,965.07,2022,5,27,4,972.28
458,2022-05-28,972.64,965.28,2022,5,28,5,965.07
459,2022-05-29,0.0,965.28,2022,5,29,6,965.28
460,2022-05-30,977.94,977.57,2022,5,30,0,965.28
461,2022-05-31,969.42,969.2,2022,5,31,1,977.57
462,2022-06-01,973.26,973.35,2022,6,1,2,969.2
463,2022-06-02,989.01,989.05,2022,6,2,3,973.35
464,2022-06-03,989.01,977.28,2022,6,3,4,989.05
465,2022-06-04,989.01,977.2,2022,6,4,5,977.28
466,2022-06-06,980.79,981.43,2022,6,6,0,977.2
467,2022-06-07,997.88,997.97,2022,6,7,1,981.43
468,2022-06-08,1021.04,1021.09,2022,6,8,2,997.97
469,2022-06-09,1019.81,1017.93,2022,6,9,3,1021.09
470,2022-06-10,1019.81,1030.7,2022,6,10,4,1017.93
471,2022-06-11,1019.81,1029.96,2022,6,11,5,1030.7
472,2022-06-12,0.0,1029.96,2022,6,12,6,1029.96
473,2022-06-13,1009.57,1008.99,2022,6,13,0,1029.96
474,2022-06-14,1004.0,1003.64,2022,6,14,1,1008.99
475,2022-06-15,1015.88,1016.5,2022,6,15,2,1003.64
476,2022-06-16,1032.99,1032.88,2022,6,16,3,1016.5
477,2022-06-17,1032.99,1023.92,2022,6,17,4,1032.88
478,2022-06-18,1032.99,1024.88,2022,6,18,5,1023.92
479,2022-06-19,1032.99,1024.88,2022,6,19,6,1024.88
480,2022-06-20,1024.65,1024.09,2022,6,20,0,1024.88
481,2022-06-21,1021.33,1021.8,2022,6,21,1,1024.09
482,2022-06-22,1023.67,1024.59,2022,6,22,2,1021.8
483,2022-06-23,1015.83,1016.79,2022,6,23,3,1024.59
484,2022-06-24,1015.83,992.34,2022,6,24,4,1016.79
485,2022-06-25,1015.83,992.1,2022,6,25,5,992.34
486,2022-06-26,0.0,992.1,2022,6,26,6,992.1
487,2022-06-27,968.08,970.11,2022,6,27,0,992.1
488,2022-06-28,975.6,975.47,2022,6,28,1,970.11
489,2022-06-29,972.92,972.94,2022,6,29,2,975.47
490,2022-06-30,969.92,969.97,2022,6,30,3,972.94
491,2022-07-01,969.92,974.65,2022,7,1,4,969.97
492,2022-07-02,969.92,976.05,2022,7,2,5,974.65
493,2022-07-03,0.0,976.05,2022,7,3,6,976.05
494,2022-07-04,977.79,978.05,2022,7,4,0,976.05
495,2022-07-05,962.54,964.12,2022,7,5,1,978.05
496,2022-07-06,962.76,963.24,2022,7,6,2,964.12
497,2022-07-07,965.24,966.29,2022,7,7,3,963.24
498,2022-07-08,965.24,968.72,2022,7,8,4,966.29
499,2022-07-09,965.24,967.98,2022,7,9,5,968.72
500,2022-07-10,965.24,967.98,2022,7,10,6,967.98
501,2022-07-11,967.99,967.65,2022,7,11,0,967.98
502,2022-07-12,960.08,959.65,2022,7,12,1,967.65
503,2022-07-13,970.97,971.26,2022,7,13,2,959.65
504,2022-07-14,958.84,958.76,2022,7,14,3,971.26
505,2022-07-15,958.84,955.58,2022,7,15,4,958.76
506,2022-07-16,958.84,955.87,2022,7,16,5,955.58
507,2022-07-17,958.84,955.87,2022,7,17,6,955.87
508,2022-07-18,959.6,958.6,2022,7,18,0,955.87
509,2022-07-19,965.71,965.88,2022,7,19,1,958.6
510,2022-07-20,960.23,960.47,2022,7,20,2,965.88
511,2022-07-21,979.09,979.04,2022,7,21,3,960.47
512,2022-07-22,979.09,985.23,2022,7,22,4,979.04
513,2022-07-23,979.09,984.99,2022,7,23,5,985.23
514,2022-07-24,0.0,984.99,2022,7,24,6,984.99
515,2022-07-25,983.33,984.19,2022,7,25,0,984.99
516,2022-07-26,985.87,985.67,2022,7,26,1,984.19
517,2022-07-27,997.32,997.35,2022,7,27,2,985.67
518,2022-07-28,1012.91,1011.59,2022,7,28,3,997.35
519,2022-07-29,1012.91,1017.21,2022,7,29,4,1011.59
520,2022-07-30,1012.91,1017.6,2022,7,30,5,1017.21
521,2022-07-31,0.0,1017.6,2022,7,31,6,1017.6
522,2022-08-01,1019.85,1019.37,2022,8,1,0,1017.6
523,2022-08-02,1016.22,1015.94,2022,8,2,1,1019.37
524,2022-08-03,1017.95,1017.82,2022,8,3,2,1015.94
525,2022-08-04,1031.05,1032.38,2022,8,4,3,1017.82
526,2022-08-05,1031.05,1022.52,2022,8,5,4,1032.38
527,2022-08-06,1031.05,1022.97,2022,8,6,5,1022.52
528,2022-08-08,1031.25,1031.6,2022,8,8,0,1022.97
529,2022-08-09,1033.56,1034.13,2022,8,9,1,1031.6
530,2022-08-10,1030.26,1029.78,2022,8,10,2,1034.13
531,2022-08-11,1032.51,1032.97,2022,8,11,3,1029.78
532,2022-08-12,1032.51,1039.36,2022,8,12,4,1032.97
533,2022-08-13,1032.51,1039.38,2022,8,13,5,1039.36
534,2022-08-14,1032.51,1039.38,2022,8,14,6,1039.38
535,2022-08-15,1027.96,1027.95,2022,8,15,0,1039.38
536,2022-08-16,1022.93,1023.76,2022,8,16,1,1027.95
537,2022-08-17,1017.02,1016.9,2022,8,17,2,1023.76
538,2022-08-18,1021.48,1021.55,2022,8,18,3,1016.9
539,2022-08-19,1021.48,1016.25,2022,8,19,4,1021.55
540,2022-08-20,1021.48,1016.26,2022,8,20,5,1016.25
541,2022-08-21,1021.48,1016.26,2022,8,21,6,1016.26
542,2022-08-22,1007.6,1008.64,2022,8,22,0,1016.26
543,2022-08-23,1017.78,1017.64,2022,8,23,1,1008.64
544,2022-08-24,1021.61,1021.51,2022,8,24,2,1017.64
545,2022-08-25,1027.15,1027.2,2022,8,25,3,1021.51
546,2022-08-26,1027.15,1015.86,2022,8,26,4,1027.2
547,2022-08-27,1027.15,1015.9,2022,8,27,5,1015.86
548,2022-08-28,1027.15,1015.9,2022,8,28,6,1015.9
549,2022-08-29,1015.84,1016.07,2022,8,29,0,1015.9
550,2022-08-30,1007.09,1008.29,2022,8,30,1,1016.07
551,2022-08-31,1000.77,1000.64,2022,8,31,2,1008.29
552,2022-09-01,992.79,993.58,2022,9,1,3,1000.64
553,2022-09-02,992.79,1002.7,2022,9,2,4,993.58
554,2022-09-03,992.79,1002.68,2022,9,3,5,1002.7
555,2022-09-04,0.0,1002.68,2022,9,4,6,1002.68
556,2022-09-05,1001.82,1001.83,2022,9,5,0,1002.68
557,2022-09-06,997.4,997.5,2022,9,6,1,1001.83
558,2022-09-07,1007.11,1006.96,2022,9,7,2,997.5
559,2022-09-08,1001.52,1001.87,2022,9,8,3,1006.96
560,2022-09-09,1001.52,1007.13,2022,9,9,4,1001.87
561,2022-09-10,1001.52,1007.11,2022,9,10,5,1007.13
562,2022-09-11,1001.52,1007.11,2022,9,11,6,1007.11
563,2022-09-12,1010.94,1010.97,2022,9,12,0,1007.11
564,2022-09-13,998.99,998.85,2022,9,13,1,1010.97
565,2022-09-14,995.49,995.59,2022,9,14,2,998.85
566,2022-09-15,977.9,977.7,2022,9,15,3,995.59
567,2022-09-16,977.9,983.58,2022,9,16,4,977.7
568,2022-09-17,977.9,983.47,2022,9,17,5,983.58
569,2022-09-18,977.9,983.47,2022,9,18,6,983.47
570,2022-09-19,984.61,984.96,2022,9,19,0,983.47
571,2022-09-20,979.99,980.12,2022,9,20,1,984.96
572,2022-09-21,986.55,986.66,2022,9,21,2,980.12
573,2022-09-22,983.84,984.57,2022,9,22,3,986.66
574,2022-09-23,983.84,973.12,2022,9,23,4,984.57
575,2022-09-24,983.84,973.15,2022,9,24,5,973.12
576,2022-09-25,983.84,973.15,2022,9,25,6,973.15
577,2022-09-26,962.99,963.36,2022,9,26,0,973.15
578,2022-09-27,965.91,965.92,2022,9,27,1,963.36
579,2022-09-28,987.51,988.09,2022,9,28,2,965.92
580,2022-09-29,987.9,987.73,2022,9,29,3,988.09
581,2022-09-30,987.9,987.97,2022,9,30,4,987.73
582,2022-10-01,987.9,988.22,2022,10,1,5,987.97
583,2022-10-02,987.9,988.22,2022,10,2,6,988.22
584,2022-10-03,1013.88,1013.88,2022,10,3,0,988.22
585,2022-10-04,1030.44,1031.6,2022,10,4,1,1013.88
586,2022-10-05,1025.35,1025.53,2022,10,5,2,1031.6
587,2022-10-06,1023.08,1022.98,2022,10,6,3,1025.53
588,2022-10-07,1023.08,1012.86,2022,10,7,4,1022.98
589,2022-10-08,1023.08,1014.53,2022,10,8,5,1012.86
590,2022-10-09,1023.08,1014.53,2022,10,9,6,1014.53
591,2022-10-10,996.64,996.64,2022,10,10,0,1014.53
592,2022-10-11,995.94,995.86,2022,10,11,1,996.64
593,2022-10-12,998.84,998.52,2022,10,12,2,995.86
594,2022-10-13,994.39,994.31,2022,10,13,3,998.52
595,2022-10-14,994.39,981.8,2022,10,14,4,994.31
596,2022-10-15,994.39,981.97,2022,10,15,5,981.8
597,2022-10-16,0.0,981.97,2022,10,16,6,981.97
598,2022-10-17,986.4,986.05,2022,10,17,0,981.97
599,2022-10-18,987.38,987.37,2022,10,18,1,986.05
600,2022-10-19,973.2,973.31,2022,10,19,2,987.37
601,2022-10-20,973.28,973.13,2022,10,20,3,973.31
602,2022-10-21,973.28,991.19,2022,10,21,4,973.13
603,2022-10-22,973.28,990.47,2022,10,22,5,991.19
604,2022-10-23,973.28,990.47,2022,10,23,6,990.47
605,2022-10-24,986.3,986.75,2022,10,24,0,990.47
606,2022-10-25,988.34,988.79,2022,10,25,1,986.75
607,2022-10-26,995.37,995.65,2022,10,26,2,988.79
608,2022-10-27,994.34,994.54,2022,10,27,3,995.65
609,2022-10-28,994.34,983.18,2022,10,28,4,994.54
610,2022-10-29,994.34,982.72,2022,10,29,5,983.18
611,2022-10-30,994.34,982.72,2022,10,30,6,982.72
612,2022-10-31,976.94,977.19,2022,10,31,0,982.72
613,2022-11-01,984.63,983.86,2022,11,1,1,977.19
614,2022-11-02,979.46,979.63,2022,11,2,2,983.86
615,2022-11-03,975.37,975.58,2022,11,3,3,979.63
616,2022-11-04,975.37,1003.61,2022,11,4,4,975.58
617,2022-11-05,975.37,1004.0,2022,11,5,5,1003.61
618,2022-11-06,0.0,1004.0,2022,11,6,6,1004.0
619,2022-11-07,995.39,994.39,2022,11,7,0,1004.0
620,2022-11-08,1020.11,1019.84,2022,11,8,1,994.39
621,2022-11-09,1018.02,1018.79,2022,11,9,2,1019.84
622,2022-11-10,1043.49,1043.72,2022,11,10,3,1018.79
623,2022-11-11,1043.49,1054.39,2022,11,11,4,1043.72
624,2022-11-12,1043.49,1054.17,2022,11,12,5,1054.39
625,2022-11-13,0.0,1054.17,2022,11,13,6,1054.17
626,2022-11-14,1060.01,1059.96,2022,11,14,0,1054.17
627,2022-11-15,1063.49,1063.45,2022,11,15,1,1059.96
628,2022-11-16,1060.05,1060.51,2022,11,16,2,1063.45
629,2022-11-17,1053.02,1053.12,2022,11,17,3,1060.51
630,2022-11-18,1053.02,1046.8,2022,11,18,4,1053.12
631,2022-11-19,1053.02,1046.41,2022,11,19,5,1046.8
632,2022-11-20,1053.02,1046.41,2022,11,20,6,1046.41
633,2022-11-21,1040.74,1041.28,2022,11,21,0,1046.41
634,2022-11-22,1041.37,1041.47,2022,11,22,1,1041.28
635,2022-11-23,1047.88,1047.98,2022,11,23,2,1041.47
636,2022-11-24,1047.88,1051.76,2022,11,24,3,1047.98
637,2022-11-25,1051.88,1051.56,2022,11,25,4,1051.76
638,2022-11-26,1051.88,1051.84,2022,11,26,5,1051.56
639,2022-11-27,0.0,1051.84,2022,11,27,6,1051.84
640,2022-11-28,1042.2,1042.1,2022,11,28,0,1051.84
641,2022-11-29,1047.86,1047.81,2022,11,29,1,1042.1
642,2022-11-30,1060.36,1060.35,2022,11,30,2,1047.81
643,2022-12-01,1080.36,1080.56,2022,12,1,3,1060.35
644,2022-12-02,1080.36,1076.97,2022,12,2,4,1080.56
645,2022-12-03,1080.36,1077.07,2022,12,3,5,1076.97
646,2022-12-04,1080.36,1077.07,2022,12,4,6,1077.07
647,2022-12-05,1058.8,1059.03,2022,12,5,0,1077.07
648,2022-12-06,1061.42,1061.53,2022,12,6,1,1059.03
649,2022-12-07,1070.76,1070.85,2022,12,7,2,1061.53
650,2022-12-08,1072.11,1072.13,2022,12,8,3,1070.85
651,2022-12-09,1072.11,1076.13,2022,12,9,4,1072.13
652,2022-12-10,1072.11,1075.92,2022,12,10,5,1076.13
653,2022-12-11,1072.11,1075.92,2022,12,11,6,1075.92
654,2022-12-12,1066.8,1066.74,2022,12,12,0,1075.92
655,2022-12-13,1085.19,1085.18,2022,12,13,1,1066.74
656,2022-12-14,1081.9,1081.66,2022,12,14,2,1085.18
657,2022-12-15,1065.08,1065.42,2022,12,15,3,1081.66
658,2022-12-16,1065.08,1074.92,2022,12,16,4,1065.42
659,2022-12-17,1065.08,1074.86,2022,12,17,5,1074.92
660,2022-12-19,1071.5,1071.72,2022,12,19,0,1074.86
661,2022-12-20,1090.16,1090.46,2022,12,20,1,1071.72
662,2022-12-21,1088.6,1088.96,2022,12,21,2,1090.46
663,2022-12-22,1075.03,1074.96,2022,12,22,3,1088.96
664,2022-12-23,1075.03,1079.03,2022,12,23,4,1074.96
665,2022-12-24,1075.03,1079.77,2022,12,24,5,1079.03
666,2022-12-25,0.0,1079.77,2022,12,25,6,1079.77
667,2022-12-26,1080.25,1079.44,2022,12,26,0,1079.77
668,2022-12-27,1088.6,1088.69,2022,12,27,1,1079.44
669,2022-12-28,1085.81,1085.73,2022,12,28,2,1088.69
670,2022-12-29,1091.55,1091.72,2022,12,29,3,1085.73
671,2022-12-30,1091.55,1096.73,2022,12,30,4,1091.72
672,2022-12-31,1091.55,1096.59,2022,12,31,5,1096.73
673,2023-01-01,1091.55,1096.58,2023,1,1,6,1096.59
674,2023-01-02,1096.63,1097.63,2023,1,2,0,1096.58
675,2023-01-03,1105.97,1106.2,2023,1,3,1,1097.63
676,2023-01-04,1117.91,1117.98,2023,1,4,2,1106.2
677,2023-01-05,1106.06,1105.97,2023,1,5,3,1117.98
678,2023-01-06,1106.06,1123.45,2023,1,6,4,1105.97
679,2023-01-07,1106.06,1122.87,2023,1,7,5,1123.45
680,2023-01-09,1129.02,1129.19,2023,1,9,0,1122.87
681,2023-01-10,1133.79,1133.87,2023,1,10,1,1129.19
682,2023-01-11,1132.71,1132.87,2023,1,11,2,1133.87
683,2023-01-12,1146.37,1146.68,2023,1,12,3,1132.87
684,2023-01-13,1146.37,1160.15,2023,1,13,4,1146.68
685,2023-01-14,1146.37,1160.11,2023,1,14,5,1160.15
686,2023-01-15,1146.37,1159.98,2023,1,15,6,1160.11
687,2023-01-16,1158.25,1158.25,2023,1,16,0,1159.98
688,2023-01-17,1152.15,1152.06,2023,1,17,1,1158.25
689,2023-01-18,1150.84,1150.85,2023,1,18,2,1152.06
690,2023-01-19,1168.2,1167.86,2023,1,19,3,1150.85
691,2023-01-20,1168.2,1165.18,2023,1,20,4,1167.86
692,2023-01-21,1168.2,1165.45,2023,1,21,5,1165.18
693,2023-01-22,1168.2,1165.45,2023,1,22,6,1165.45
694,2023-01-23,1167.84,1167.9,2023,1,23,0,1165.45
695,2023-01-24,1171.18,1171.08,2023,1,24,1,1167.9
696,2023-01-25,1175.9,1176.49,2023,1,25,2,1171.08
697,2023-01-26,1166.49,1166.61,2023,1,26,3,1176.49
698,2023-01-27,1166.49,1164.73,2023,1,27,4,1166.61
699,2023-01-28,1166.49,1164.91,2023,1,28,5,1164.73
700,2023-01-29,1166.49,1164.91,2023,1,29,6,1164.91
701,2023-01-30,1161.47,1161.42,2023,1,30,0,1164.91
702,2023-01-31,1165.78,1166.42,2023,1,31,1,1161.42
703,2023-02-01,1180.8,1181.02,2023,2,1,2,1166.42
704,2023-02-02,1155.96,1156.49,2023,2,2,3,1181.02
705,2023-02-03,1155.96,1128.5,2023,2,3,4,1156.49
706,2023-02-04,1155.96,1128.47,2023,2,4,5,1128.5
707,2023-02-05,1155.96,1128.47,2023,2,5,6,1128.47
708,2023-02-06,1131.56,1131.56,2023,2,6,0,1128.47
709,2023-02-07,1131.96,1132.22,2023,2,7,1,1131.56
710,2023-02-08,1135.23,1135.27,2023,2,8,2,1132.22
711,2023-02-09,1126.28,1126.51,2023,2,9,3,1135.27
712,2023-02-10,1126.28,1129.0,2023,2,10,4,1126.51
713,2023-02-11,1126.28,1128.82,2023,2,11,5,1129.0
714,2023-02-12,0.0,1128.82,2023,2,12,6,1128.82
715,2023-02-13,1123.45,1123.57,2023,2,13,0,1128.82
716,2023-02-14,1123.69,1124.03,2023,2,14,1,1123.57
717,2023-02-15,1113.94,1113.78,2023,2,15,2,1124.03
718,2023-02-16,1113.08,1113.51,2023,2,16,3,1113.78
719,2023-02-17,1113.08,1116.85,2023,2,17,4,1113.51
720,2023-02-18,1113.08,1117.06,2023,2,18,5,1116.85
721,2023-02-19,1113.08,1117.06,2023,2,19,6,1117.06
722,2023-02-20,1117.0,1117.02,2023,2,20,0,1117.06
723,2023-02-21,1113.24,1113.13,2023,2,21,1,1117.02
724,2023-02-22,1106.92,1107.32,2023,2,22,2,1113.13
725,2023-02-23,1106.66,1106.53,2023,2,23,3,1107.32
726,2023-02-24,1106.66,1099.29,2023,2,24,4,1106.53
727,2023-02-25,1106.66,1099.08,2023,2,25,5,1099.29
728,2023-02-26,1106.66,1099.08,2023,2,26,6,1099.08
729,2023-02-27,1103.58,1103.73,2023,2,27,0,1099.08
730,2023-02-28,1109.37,1109.06,2023,2,28,1,1103.73
731,2023-03-01,1115.52,1115.63,2023,3,1,2,1109.06
732,2023-03-02,1115.78,1115.55,2023,3,2,3,1115.63
733,2023-03-03,1115.78,1126.73,2023,3,3,4,1115.55
734,2023-03-04,1115.78,1126.84,2023,3,4,5,1126.73
735,2023-03-05,1115.78,1126.84,2023,3,5,6,1126.84
736,2023-03-06,1121.88,1121.89,2023,3,6,0,1126.84
737,2023-03-07,1103.72,1103.44,2023,3,7,1,1121.89
738,2023-03-08,1104.9,1104.06,2023,3,8,2,1103.44
739,2023-03-09,1115.81,1115.73,2023,3,9,3,1104.06
740,2023-03-10,1115.81,1140.29,2023,3,10,4,1115.73
741,2023-03-11,1115.81,1140.37,2023,3,11,5,1140.29
742,2023-03-13,1166.45,1167.04,2023,3,13,0,1140.37
743,2023-03-14,1161.77,1161.66,2023,3,14,1,1167.04
744,2023-03-15,1171.37,1171.63,2023,3,15,2,1161.66
745,2023-03-16,1172.71,1172.41,2023,3,16,3,1171.63
746,2023-03-17,1172.71,1215.97,2023,3,17,4,1172.41
747,2023-03-18,1172.71,1216.37,2023,3,18,5,1215.97
748,2023-03-20,1209.55,1209.08,2023,3,20,0,1216.37
749,2023-03-21,1187.45,1186.72,2023,3,21,1,1209.08
750,2023-03-22,1205.51,1206.09,2023,3,22,2,1186.72
751,2023-03-23,1220.09,1219.88,2023,3,23,3,1206.09
752,2023-03-24,1220.09,1212.61,2023,3,24,4,1219.88
753,2023-03-27,1200.79,1201.05,2023,3,27,0,1212.61
754,2023-03-28,1213.34,1213.15,2023,3,28,1,1201.05
755,2023-03-29,1208.68,1208.21,2023,3,29,2,1213.15
756,2023-03-30,1220.49,1220.16,2023,3,30,3,1208.21
757,2023-03-31,1220.49,1214.37,2023,3,31,4,1220.16
758,2023-04-03,1224.74,1224.03,2023,4,3,0,1214.37
759,2023-04-04,1249.13,1248.75,2023,4,4,1,1224.03
760,2023-04-05,1250.55,1250.23,2023,4,5,2,1248.75
761,2023-04-06,1242.31,1242.55,2023,4,6,3,1250.23
762,2023-04-07,1242.31,1242.24,2023,4,7,4,1242.55
763,2023-04-10,1234.01,1233.79,2023,4,10,0,1242.24
764,2023-04-11,1243.35,1242.63,2023,4,11,1,1233.79
765,2023-04-12,1251.39,1251.23,2023,4,12,2,1242.63
766,2023-04-13,1268.31,1267.29,2023,4,13,3,1251.23
767,2023-04-14,1268.31,1246.95,2023,4,14,4,1267.29
768,2023-04-17,1243.66,1243.76,2023,4,17,0,1246.95
769,2023-04-18,1250.59,1250.1,2023,4,18,1,1243.76
770,2023-04-19,1244.16,1243.99,2023,4,19,2,1250.1
771,2023-04-20,1250.79,1249.67,2023,4,20,3,1243.99
772,2023-04-21,1250.79,1237.73,2023,4,21,4,1249.67
773,2023-04-24,1240.75,1240.83,2023,4,24,0,1237.73
774,2023-04-25,1247.35,1247.53,2023,4,25,1,1240.83
775,2023-04-26,1242.28,1241.86,2023,4,26,2,1247.53
776,2023-04-27,1242.53,1242.05,2023,4,27,3,1241.86
777,2023-04-28,1242.53,1244.69,2023,4,28,4,1242.05
778,2023-05-01,1240.16,1239.09,2023,5,1,0,1244.69
779,2023-05-02,1262.15,1262.02,2023,5,2,1,1239.09
780,2023-05-03,1275.6,1276.71,2023,5,3,2,1262.02
781,2023-05-04,1284.84,1284.81,2023,5,4,3,1276.71
782,2023-05-05,1284.84,1266.25,2023,5,5,4,1284.81
783,2023-05-08,1267.52,1267.28,2023,5,8,0,1266.25
784,2023-05-09,1276.73,1276.27,2023,5,9,1,1267.28
785,2023-05-10,1275.07,1275.51,2023,5,10,2,1276.27
786,2023-05-11,1266.67,1265.75,2023,5,11,3,1275.51
787,2023-05-12,1266.67,1265.12,2023,5,12,4,1265.75
788,2023-05-15,1274.51,1274.4,2023,5,15,0,1265.12
789,2023-05-16,1261.43,1261.38,2023,5,16,1,1274.4
790,2023-05-17,1259.27,1259.0,2023,5,17,2,1261.38
791,2023-05-18,1245.88,1245.81,2023,5,18,3,1259.0
792,2023-05-19,1245.88,1260.46,2023,5,19,4,1245.81
793,2023-05-22,1256.33,1256.9,2023,5,22,0,1260.46
794,2023-05-23,1260.32,1260.59,2023,5,23,1,1256.9
795,2023-05-24,1252.33,1251.84,2023,5,24,2,1260.59
796,2023-05-25,1244.35,1243.92,2023,5,25,3,1251.84
797,2023-05-26,1244.35,1249.93,2023,5,26,4,1243.92
798,2023-05-29,1256.5,1255.08,2023,5,29,0,1249.93
799,2023-05-30,1287.82,1291.25,2023,5,30,1,1255.08
800,2023-05-31,1310.79,1311.53,2023,5,31,2,1291.25
801,2023-06-01,1323.38,1322.86,2023,6,1,3,1311.53
802,2023-06-02,1323.38,1313.16,2023,6,2,4,1322.86
803,2023-06-05,1342.01,1340.94,2023,6,5,0,1313.16
804,2023-06-06,1361.18,1361.73,2023,6,6,1,1340.94
805,2023-06-07,1450.27,1450.71,2023,6,7,2,1361.73
806,2023-06-08,1461.78,1461.04,2023,6,8,3,1450.71
807,2023-06-09,1461.78,1474.46,2023,6,9,4,1461.04
808,2023-06-12,1487.33,1486.47,2023,6,12,0,1474.46
809,2023-06-13,1476.65,1476.91,2023,6,13,1,1486.47
810,2023-06-14,1470.04,1471.55,2023,6,14,2,1476.91
811,2023-06-15,1489.56,1488.72,2023,6,15,3,1471.55
812,2023-06-16,1489.56,1486.42,2023,6,16,4,1488.72
813,2023-06-19,1480.93,1478.44,2023,6,19,0,1486.42
814,2023-06-20,1467.29,1466.87,2023,6,20,1,1478.44
815,2023-06-21,1464.4,1464.35,2023,6,21,2,1466.87
816,2023-06-22,1531.1,1530.67,2023,6,22,3,1464.35
817,2023-06-23,1531.1,1559.53,2023,6,23,4,1530.67
818,2023-06-26,1603.82,1601.81,2023,6,26,0,1559.53
819,2023-06-27,1599.88,1598.51,2023,6,27,1,1601.81
820,2023-06-28,1596.27,1596.71,2023,6,28,2,1598.51
821,2023-06-29,1597.72,1596.48,2023,6,29,3,1596.71
822,2023-06-30,1597.72,1597.99,2023,6,30,4,1596.48
823,2023-07-03,1601.1,1601.7,2023,7,3,0,1597.99
824,2023-07-04,1608.11,1608.21,2023,7,4,1,1601.7
825,2023-07-05,1605.87,1605.33,2023,7,5,2,1608.21
826,2023-07-06,1605.87,1598.18,2023,7,6,3,1605.33
827,2023-07-07,1602.61,1612.21,2023,7,7,4,1598.18
828,2023-07-10,1615.39,1615.62,2023,7,10,0,1612.21
829,2023-07-11,1622.3,1621.08,2023,7,11,1,1615.62
830,2023-07-12,1643.93,1644.31,2023,7,12,2,1621.08
831,2023-07-13,1641.67,1640.9,2023,7,13,3,1644.31
832,2023-07-14,1641.67,1642.76,2023,7,14,4,1640.9
833,2023-07-17,1655.67,1655.82,2023,7,17,0,1642.76
834,2023-07-18,1712.46,1712.68,2023,7,18,1,1655.82
835,2023-07-19,1701.28,1703.25,2023,7,19,2,1712.68
836,2023-07-20,1694.53,1694.66,2023,7,20,3,1703.25
837,2023-07-21,1694.53,1701.33,2023,7,21,4,1694.66
838,2023-07-24,1695.93,1694.05,2023,7,24,0,1701.33
839,2023-07-25,1700.34,1700.08,2023,7,25,1,1694.05
840,2023-07-26,1706.52,1706.45,2023,7,26,2,1700.08
841,2023-07-27,1684.46,1683.88,2023,7,27,3,1706.45
842,2023-07-28,1684.46,1693.14,2023,7,28,4,1683.88
843,2023-07-31,1700.91,1700.4,2023,7,31,0,1693.14
844,2023-08-01,1684.19,1683.85,2023,8,1,1,1700.4
845,2023-08-02,1677.22,1674.36,2023,8,2,2,1683.85
846,2023-08-03,1676.52,1676.29,2023,8,3,3,1674.36
847,2023-08-04,1676.52,1681.49,2023,8,4,4,1676.29
848,2023-08-07,1680.12,1676.8,2023,8,7,0,1681.49
849,2023-08-08,1669.21,1670.23,2023,8,8,1,1676.8
850,2023-08-09,1662.34,1661.44,2023,8,9,2,1670.23
851,2023-08-10,1660.36,1659.95,2023,8,10,3,1661.44
852,2023-08-11,1660.36,1659.56,2023,8,11,4,1659.95
853,2023-08-14,1657.35,1656.13,2023,8,14,0,1659.56
854,2023-08-15,1653.95,1654.59,2023,8,15,1,1656.13
855,2023-08-16,1646.69,1644.9,2023,8,16,2,1654.59
856,2023-08-17,1644.93,1645.1,2023,8,17,3,1644.9
857,2023-08-18,1644.93,1644.53,2023,8,18,4,1645.1
858,2023-08-21,1653.59,1653.72,2023,8,21,0,1644.53
859,2023-08-22,1657.86,1658.57,2023,8,22,1,1653.72
860,2023-08-23,1674.57,1674.49,2023,8,23,2,1658.57
861,2023-08-24,1585.85,1588.35,2023,8,24,3,1674.49
862,2023-08-25,1585.85,1633.82,2023,8,25,4,1588.35
863,2023-08-28,1635.62,1633.9,2023,8,28,0,1633.82
864,2023-08-29,1652.82,1652.03,2023,8,29,1,1633.9
865,2023-08-30,1666.49,1666.41,2023,8,30,2,1652.03
866,2023-08-31,1664.0,1664.9,2023,8,31,3,1666.41
867,2023-09-01,1664.0,1665.01,2023,9,1,4,1664.9
868,2023-09-04,1668.13,1667.77,2023,9,4,0,1665.01
869,2023-09-05,1657.28,1657.42,2023,9,5,1,1667.77
870,2023-09-06,1652.54,1652.5,2023,9,6,2,1657.42
871,2023-09-07,1654.87,1655.04,2023,9,7,3,1652.5
872,2023-09-08,1654.87,1655.92,2023,9,8,4,1655.04
873,2023-09-11,1660.98,1660.76,2023,9,11,0,1655.92
874,2023-09-12,1653.08,1651.3,2023,9,12,1,1660.76
875,2023-09-13,1653.06,1651.97,2023,9,13,2,1651.3
876,2023-09-14,1654.18,1655.4,2023,9,14,3,1651.97
877,2023-09-15,1654.18,1669.39,2023,9,15,4,1655.4
878,2023-09-18,1679.69,1679.88,2023,9,18,0,1669.39
879,2023-09-19,1677.77,1677.44,2023,9,19,1,1679.88
880,2023-09-20,1676.79,1675.53,2023,9,20,2,1677.44
881,2023-09-21,1675.84,1673.18,2023,9,21,3,1675.53
882,2023-09-22,1675.84,1680.29,2023,9,22,4,1673.18
883,2023-09-25,1676.31,1676.06,2023,9,25,0,1680.29
884,2023-09-26,1663.37,1663.77,2023,9,26,1,1676.06
885,2023-09-27,1621.36,1622.24,2023,9,27,2,1663.77
886,2023-09-28,1642.22,1637.86,2023,9,28,3,1622.24
887,2023-09-29,1642.22,1627.65,2023,9,29,4,1637.86
888,2023-10-02,1614.39,1612.4,2023,10,2,0,1627.65
889,2023-10-03,1609.49,1610.61,2023,10,3,1,1612.4
890,2023-10-04,1614.46,1612.19,2023,10,4,2,1610.61
891,2023-10-05,1611.69,1612.64,2023,10,5,3,1612.19
892,2023-10-06,1611.69,1625.44,2023,10,6,4,1612.64
893,2023-10-09,1656.56,1657.34,2023,10,9,0,1625.44
894,2023-10-10,1658.45,1657.77,2023,10,10,1,1657.34
895,2023-10-11,1670.46,1667.74,2023,10,11,2,1657.77
896,2023-10-12,1666.37,1666.21,2023,10,12,3,1667.74
897,2023-10-13,1666.37,1725.74,2023,10,13,4,1666.21
898,2023-10-16,1716.86,1717.18,2023,10,16,0,1725.74
899,2023-10-17,1728.57,1728.07,2023,10,17,1,1717.18
900,2023-10-18,1752.26,1751.44,2023,10,18,2,1728.07
901,2023-10-19,1776.0,1773.31,2023,10,19,3,1751.44
902,2023-10-20,1776.0,1780.41,2023,10,20,4,1773.31
903,2023-10-23,1781.04,1781.65,2023,10,23,0,1780.41
904,2023-10-24,1781.14,1779.28,2023,10,24,1,1781.65
905,2023-10-25,1789.93,1788.0,2023,10,25,2,1779.28
906,2023-10-26,1797.14,1795.52,2023,10,26,3,1788.0
907,2023-10-27,1797.14,1817.19,2023,10,27,4,1795.52
908,2023-10-30,1814.02,1811.22,2023,10,30,0,1817.19
909,2023-10-31,1805.73,1805.11,2023,10,31,1,1811.22
910,2023-11-01,1804.73,1804.97,2023,11,1,2,1805.11
911,2023-11-02,1809.37,1808.43,2023,11,2,3,1804.97
912,2023-11-03,1809.37,1818.47,2023,11,3,4,1808.43
913,2023-11-06,1808.54,1808.13,2023,11,6,0,1818.47
914,2023-11-07,1803.7,1803.58,2023,11,7,1,1808.13
915,2023-11-08,1783.47,1783.34,2023,11,8,2,1803.58
916,2023-11-09,1791.24,1791.2,2023,11,9,3,1783.34
917,2023-11-10,1791.24,1777.26,2023,11,10,4,1791.2
918,2023-11-13,1789.51,1789.67,2023,11,13,0,1777.26
919,2023-11-14,1807.92,1807.95,2023,11,14,1,1789.67
920,2023-11-15,1806.56,1806.82,2023,11,15,2,1807.95
921,2023-11-16,1825.85,1825.22,2023,11,16,3,1806.82
922,2023-11-17,1825.85,1826.46,2023,11,17,4,1825.22
923,2023-11-20,1826.89,1827.67,2023,11,20,0,1826.46
924,2023-11-21,1849.5,1849.76,2023,11,21,1,1827.67
925,2023-11-22,1845.79,1845.9,2023,11,22,2,1849.76
926,2023-11-23,1844.6,1847.45,2023,11,23,3,1845.9
927,2023-11-24,1844.6,1858.22,2023,11,24,4,1847.45
928,2023-11-27,1871.03,1872.25,2023,11,27,0,1858.22
929,2023-11-28,1897.28,1897.27,2023,11,28,1,1872.25
930,2023-11-29,1900.97,1901.95,2023,11,29,2,1897.27
931,2023-11-30,1889.5,1890.43,2023,11,30,3,1901.95
932,2023-12-01,1889.5,1924.11,2023,12,1,4,1890.43
933,2023-12-04,1884.61,1884.21,2023,12,4,0,1924.11
934,2023-12-05,1874.47,1875.1,2023,12,5,1,1884.21
935,2023-12-06,1883.9,1883.63,2023,12,6,2,1875.1
936,2023-12-07,1886.92,1886.85,2023,12,7,3,1883.63
937,2023-12-08,1886.92,1866.62,2023,12,8,4,1886.85
938,2023-12-11,1846.56,1846.69,2023,12,11,0,1866.62
939,2023-12-12,1845.52,1845.62,2023,12,12,1,1846.69
940,2023-12-13,1883.97,1885.6,2023,12,13,2,1845.62
941,2023-12-14,1895.89,1896.36,2023,12,14,3,1885.6
942,2023-12-15,1895.89,1880.55,2023,12,15,4,1896.36
943,2023-12-18,1893.59,1893.56,2023,12,18,0,1880.55
944,2023-12-19,1908.54,1908.44,2023,12,19,1,1893.56
945,2023-12-20,1908.54,1901.12,2023,12,20,2,1908.44
946,2023-12-21,1915.98,1915.88,2023,12,21,3,1901.12
947,2023-12-22,1915.98,1928.59,2023,12,22,4,1915.88
948,2023-12-25,1925.49,1924.45,2023,12,25,0,1928.59
949,2023-12-26,1937.46,1946.94,2023,12,26,1,1924.45
950,2023-12-27,1964.03,1963.66,2023,12,27,2,1946.94
951,2023-12-28,1955.57,1955.34,2023,12,28,3,1963.66
952,2023-12-29,1955.57,1961.76,2023,12,29,4,1955.34
953,2024-01-01,1957.61,1957.61,2024,1,1,0,1961.76
954,2024-01-02,1967.76,1967.7,2024,1,2,1,1957.61
955,2024-01-03,1954.09,1953.47,2024,1,3,2,1967.7
956,2024-01-04,1954.84,1954.97,2024,1,4,3,1953.47
957,2024-01-05,1954.84,1961.02,2024,1,5,4,1954.97
958,2024-01-08,1947.29,1947.23,2024,1,8,0,1961.02
959,2024-01-09,1951.94,1951.78,2024,1,9,1,1947.23
960,2024-01-10,1948.53,1949.24,2024,1,10,2,1951.78
961,2024-01-11,1955.33,1955.15,2024,1,11,3,1949.24
962,2024-01-12,1955.33,1981.47,2024,1,12,4,1955.15
963,2024-01-15,1988.52,1989.24,2024,1,15,0,1981.47
964,2024-01-16,1963.31,1963.03,2024,1,16,1,1989.24
965,2024-01-17,1943.46,1943.41,2024,1,17,2,1963.03
966,2024-01-18,1959.81,1959.61,2024,1,18,3,1943.41
967,2024-01-19,1959.81,1969.85,2024,1,19,4,1959.61
968,2024-01-22,1965.72,1965.97,2024,1,22,0,1969.85
969,2024-01-23,1970.54,1970.84,2024,1,23,1,1965.97
970,2024-01-24,1955.67,1956.02,2024,1,24,2,1970.84
971,2024-01-25,1963.51,1964.8,2024,1,25,3,1956.02
972,2024-01-26,1963.51,1953.68,2024,1,26,4,1964.8
973,2024-01-29,1982.74,1983.13,2024,1,29,0,1953.68
974,2024-01-30,1986.72,1986.86,2024,1,30,1,1983.13
975,2024-01-31,1984.12,1984.64,2024,1,31,2,1986.86
976,2024-02-01,2004.55,2004.86,2024,2,1,3,1984.64
977,2024-02-02,2004.55,1996.2,2024,2,2,4,2004.86
978,2024-02-05,1989.72,1989.27,2024,2,5,0,1996.2
979,2024-02-06,1999.89,1999.84,2024,2,6,1,1989.27
980,2024-02-07,2001.64,2000.85,2024,2,7,2,1999.84
981,2024-02-08,1999.65,1999.58,2024,2,8,3,2000.85
982,2024-02-09,1999.65,1997.32,2024,2,9,4,1999.58
983,2024-02-12,1995.02,1994.75,2024,2,12,0,1997.32
984,2024-02-13,1967.38,1967.22,2024,2,13,1,1994.75
985,2024-02-14,1967.92,1968.23,2024,2,14,2,1967.22
986,2024-02-15,1979.84,1980.11,2024,2,15,3,1968.23
987,2024-02-16,1979.84,1995.21,2024,2,16,4,1980.11
988,2024-02-19,2000.24,1999.03,2024,2,19,0,1995.21
989,2024-02-20,2012.04,2011.95,2024,2,20,1,1999.03
990,2024-02-21,2018.22,2018.12,2024,2,21,2,2011.95
991,2024-02-22,2016.97,2017.05,2024,2,22,3,2018.12
992,2024-02-23,2016.97,2032.57,2024,2,23,4,2017.05
993,2024-02-26,2032.36,2032.31,2024,2,26,0,2032.57
994,2024-02-27,2033.1,2032.9,2024,2,27,1,2032.31
995,2024-02-28,2040.55,2040.37,2024,2,28,2,2032.9
996,2024-02-29,2052.93,2052.61,2024,2,29,3,2040.37
997,2024-03-01,2052.93,2100.98,2024,3,1,4,2052.61
998,2024-03-04,2148.8,2148.76,2024,3,4,0,2100.98
999,2024-03-05,2163.13,2162.95,2024,3,5,1,2148.76
1000,2024-03-06,2192.46,2193.05,2024,3,6,2,2162.95
1001,2024-03-07,2207.03,2208.41,2024,3,7,3,2193.05
1002,2024-03-08,2207.03,2234.01,2024,3,8,4,2208.41
1003,2024-03-11,2246.98,2247.63,2024,3,11,0,2234.01
1004,2024-03-12,2225.57,2225.08,2024,3,12,1,2247.63
1005,2024-03-13,2241.56,2240.11,2024,3,13,2,2225.08
1006,2024-03-14,2234.63,2234.1,2024,3,14,3,2240.11
1007,2024-03-15,2234.63,2227.09,2024,3,15,4,2234.1
1008,2024-03-18,2243.42,2244.08,2024,3,18,0,2227.09
1009,2024-03-19,2244.83,2244.77,2024,3,19,1,2244.08
1010,2024-03-20,2272.86,2275.8,2024,3,20,2,2244.77
1011,2024-03-21,2242.97,2246.73,2024,3,21,3,2275.8
1012,2024-03-22,2242.97,2225.8,2024,3,22,4,2246.73
1013,2024-03-25,2244.37,2243.37,2024,3,25,0,2225.8
1014,2024-03-26,2253.75,2254.28,2024,3,26,1,2243.37
1015,2024-03-27,2276.91,2277.16,2024,3,27,2,2254.28
1016,2024-03-28,2320.34,2321.16,2024,3,28,3,2277.16
1017,2024-03-29,2320.34,2327.74,2024,3,29,4,2321.16
1018,2024-04-01,2335.93,2333.49,2024,4,1,0,2327.74
1019,2024-04-02,2350.85,2349.79,2024,4,2,1,2333.49
1020,2024-04-03,2363.41,2363.49,2024,4,3,2,2349.79
1021,2024-04-04,2350.15,2349.66,2024,4,4,3,2363.49
1022,2024-04-05,2350.15,2398.41,2024,4,5,4,2349.66
1023,2024-04-08,2407.51,2406.75,2024,4,8,0,2398.41
1024,2024-04-09,2438.99,2437.55,2024,4,9,1,2406.75
1025,2024-04-10,2438.99,2423.45,2024,4,10,2,2437.55
1026,2024-04-11,2459.76,2462.28,2024,4,11,3,2423.45
1027,2024-04-12,2459.76,2438.65,2024,4,12,4,2462.28
1028,2024-04-15,2483.55,2483.89,2024,4,15,0,2438.65
1029,2024-04-16,2483.55,2490.88,2024,4,16,1,2483.89
1030,2024-04-17,2482.04,2459.86,2024,4,17,2,2490.88
1031,2024-04-18,0.0,2486.97,2024,4,18,3,2459.86
1032,2024-04-19,2487.37,2499.53,2024,4,19,4,2486.97
1033,2024-04-22,2498.01,2431.34,2024,4,22,0,2499.53
1034,2024-04-23,2432.82,2430.12,2024,4,23,1,2431.34
1035,2024-04-24,2430.16,2423.18,2024,4,24,2,2430.12
1036,2024-04-25,2422.06,2436.05,2024,4,25,3,2423.18
1037,2024-04-26,2437.81,2438.67,2024,4,26,4,2436.05
1038,2024-04-29,2438.67,2436.11,2024,4,29,0,2438.67
1039,2024-04-30,2440.14,2380.73,2024,4,30,1,2436.11
1040,2024-05-01,2380.82,2422.72,2024,5,1,2,2380.73
1041,2024-05-02,2422.67,2396.95,2024,5,2,3,2422.72
1042,2024-05-03,2397.04,2393.53,2024,5,3,4,2396.95
1043,2024-05-06,2393.69,2409.28,2024,5,6,0,2393.53
1044,2024-05-07,2408.75,2398.76,2024,5,7,1,2409.28
1045,2024-05-08,2399.77,2393.22,2024,5,8,2,2398.76
1046,2024-05-09,2389.34,2432.58,2024,5,9,3,2393.22
1047,2024-05-10,2435.15,2444.47,2024,5,10,4,2432.58
1048,2024-05-13,2446.49,2424.95,2024,5,13,0,2444.47
1049,2024-05-14,2424.71,2446.3,2024,5,14,1,2424.95
1050,2024-05-15,2446.33,2467.75,2024,5,15,2,2446.3
1051,2024-05-16,2467.55,2466.23,2024,5,16,3,2467.75
1052,2024-05-17,2465.85,2500.7,2024,5,17,4,2466.23
1053,2024-05-20,2503.28,2510.4,2024,5,20,0,2500.7
1054,2024-05-21,2508.02,2504.32,2024,5,21,1,2510.4
1055,2024-05-22,2500.98,2460.92,2024,5,22,2,2504.32
1056,2024-05-23,2462.22,2409.9,2024,5,23,3,2460.92
1057,2024-05-24,0.0,2418.47,2024,5,24,4,2409.9
1058,2024-05-27,2418.51,2429.4,2024,5,27,0,2418.47
1059,2024-05-28,2429.28,2446.85,2024,5,28,1,2429.4
1060,2024-05-29,2445.02,2421.52,2024,5,29,2,2446.85
1061,2024-05-30,2423.13,2426.89,2024,5,30,3,2421.52
1062,2024-05-31,2424.72,2412.19,2024,5,31,4,2426.89
1063,2024-06-03,2412.41,2431.83,2024,6,3,0,2412.19
1064,2024-06-04,2431.02,2434.11,2024,6,4,1,2431.83
1065,2024-06-05,2437.06,2439.89,2024,6,5,2,2434.11
1066,2024-06-06,2441.77,2461.73,2024,6,6,3,2439.89
1067,2024-06-07,2459.27,2382.47,2024,6,7,4,2461.73
1068,2024-06-10,2382.55,2401.58,2024,6,10,0,2382.47
1069,2024-06-11,2402.75,2409.29,2024,6,11,1,2401.58
1070,2024-06-12,2409.93,2415.18,2024,6,12,2,2409.29
1071,2024-06-13,2413.72,2391.04,2024,6,13,3,2415.18
1072,2024-06-14,2393.73,2457.99,2024,6,14,4,2391.04
1073,2024-06-17,2457.95,2446.91,2024,6,17,0,2457.99
1074,2024-06-18,2445.27,2435.38,2024,6,18,1,2446.91
1075,2024-06-19,2435.24,2432.59,2024,6,19,2,2435.38
1076,2024-06-20,2433.46,2489.87,2024,6,20,3,2432.59
1077,2024-06-21,2489.54,2450.67,2024,6,21,4,2489.87
1078,2024-06-24,2451.2,2469.41,2024,6,24,0,2450.67
1079,2024-06-25,2470.4,2456.49,2024,6,25,1,2469.41
1080,2024-06-26,2456.27,2424.45,2024,6,26,2,2456.49
1081,2024-06-27,2424.99,2457.3,2024,6,27,3,2424.45
1082,2024-06-28,2456.34,2450.33,2024,6,28,4,2457.3
1083,2024-07-01,2453.29,2447.73,2024,7,1,0,2450.33
1084,2024-07-02,2447.2,2436.52,2024,7,2,1,2447.73
1085,2024-07-03,2435.67,2464.7,2024,7,3,2,2436.52
1086,2024-07-04,2465.42,2466.0,2024,7,4,3,2464.7
1087,2024-07-05,2467.09,2511.53,2024,7,5,4,2466.0
1088,2024-07-08,2511.16,2478.27,2024,7,8,0,2511.53
1089,2024-07-09,2478.32,2496.74,2024,7,9,1,2478.27
1090,2024-07-10,2496.65,2500.43,2024,7,10,2,2496.74
1091,2024-07-11,2503.71,2549.49,2024,7,11,3,2500.43
1092,2024-07-12,2549.52,2561.47,2024,7,12,4,2549.49
1093,2024-07-15,2561.63,2568.41,2024,7,15,0,2561.47
1094,2024-07-16,2568.98,2621.63,2024,7,16,1,2568.41
1095,2024-07-17,2623.89,2614.32,2024,7,17,2,2621.63
1096,2024-07-18,2613.49,2599.51,2024,7,18,3,2614.32
1097,2024-07-19,2600.17,2551.0,2024,7,19,4,2599.51
1098,2024-07-22,2551.08,2534.69,2024,7,22,0,2551.0
1099,2024-07-23,2535.75,2544.38,2024,7,23,1,2534.69
1100,2024-07-24,2545.03,2528.54,2024,7,24,2,2544.38
1101,2024-07-25,2527.28,2508.4,2024,7,25,3,2528.54
1102,2024-07-26,2505.68,2529.05,2024,7,26,4,2508.4
1103,2024-07-29,2529.23,2535.9,2024,7,29,0,2529.05
1104,2024-07-30,2535.81,2563.67,2024,7,30,1,2535.9
1105,2024-07-31,2565.44,2608.47,2024,7,31,2,2563.67
1106,2024-08-01,2609.33,2602.92,2024,8,1,3,2608.47
1107,2024-08-02,2603.01,2608.81,2024,8,2,4,2602.92
1108,2024-08-05,2609.95,2584.44,2024,8,5,0,2608.81
1109,2024-08-06,2585.0,2580.96,2024,8,6,1,2584.44
1110,2024-08-07,2582.14,2562.24,2024,8,7,2,2580.96
1111,2024-08-08,2561.83,2613.68,2024,8,8,3,2562.24
1112,2024-08-09,2610.89,2618.26,2024,8,9,4,2613.68
1113,2024-08-12,2618.31,2670.35,2024,8,12,0,2618.26
1114,2024-08-13,2669.87,2657.99,2024,8,13,1,2670.35
1115,2024-08-14,2658.13,2643.14,2024,8,14,2,2657.99
1116,2024-08-15,2643.72,2654.97,2024,8,15,3,2643.14
1117,2024-08-16,2656.89,2716.54,2024,8,16,4,2654.97
1118,2024-08-19,2717.21,2717.0,2024,8,19,0,2716.54
1119,2024-08-20,2717.65,2736.87,2024,8,20,1,2717.0
1120,2024-08-21,2738.36,2734.81,2024,8,21,2,2736.87
1121,2024-08-22,2736.17,2707.49,2024,8,22,3,2734.81
1122,2024-08-23,2707.5,2745.1,2024,8,23,4,2707.49
1123,2024-08-26,2745.01,2751.16,2024,8,26,0,2745.1
1124,2024-08-27,2752.18,2760.32,2024,8,27,1,2751.16
1125,2024-08-28,2759.84,2741.18,2024,8,28,2,2760.32
1126,2024-08-29,2743.02,2762.26,2024,8,29,3,2741.18
1127,2024-08-30,0.0,2742.2,2024,8,30,4,2762.26
1128,2024-09-02,2742.35,2722.65,2024,9,2,0,2742.2
1129,2024-09-03,2721.85,2724.31,2024,9,3,1,2722.65
1130,2024-09-04,2725.1,2727.1,2024,9,4,2,2724.31
1131,2024-09-05,2728.63,2745.84,2024,9,5,3,2727.1
1132,2024-09-06,2746.75,2728.39,2024,9,6,4,2745.84
1133,2024-09-09,2729.02,2743.55,2024,9,9,0,2728.39
1134,2024-09-10,2743.95,2753.83,2024,9,10,1,2743.55
1135,2024-09-11,2751.55,2742.46,2024,9,11,2,2753.83
1136,2024-09-12,2743.61,2787.24,2024,9,12,3,2742.46
1137,2024-09-13,2787.98,2809.65,2024,9,13,4,2787.24
1138,2024-09-16,2807.39,2825.14,2024,9,16,0,2809.65
1139,2024-09-17,2823.08,2815.88,2024,9,17,1,2825.14
1140,2024-09-18,2815.83,2803.37,2024,9,18,2,2815.88
1141,2024-09-19,2803.62,2827.9,2024,9,19,3,2803.37
1142,2024-09-20,2829.29,2875.03,2024,9,20,4,2827.9
1143,2024-09-23,2876.48,2885.4,2024,9,23,0,2875.03
1144,2024-09-24,2884.18,2914.59,2024,9,24,1,2885.4
1145,2024-09-25,2915.32,2915.49,2024,9,25,2,2914.59
1146,2024-09-26,2915.9,2933.4,2024,9,26,3,2915.49
1147,2024-09-27,2934.45,2920.22,2024,9,27,4,2933.4
1148,2024-09-30,2920.31,2894.38,2024,9,30,0,2920.22
1149,2024-10-01,0.0,2929.5,2024,10,1,1,2894.38
1150,2024-10-02,2929.58,2920.56,2024,10,2,2,2929.5
1151,2024-10-03,2923.83,2915.85,2024,10,3,3,2920.56
1152,2024-10-04,2913.08,2921.56,2024,10,4,4,2915.85
1153,2024-10-07,2921.59,2909.62,2024,10,7,0,2921.56
1154,2024-10-08,2910.29,2888.43,2024,10,8,1,2909.62
1155,2024-10-09,2887.06,2868.9,2024,10,9,2,2888.43
1156,2024-10-10,2869.47,2890.89,2024,10,10,3,2868.9
1157,2024-10-11,2888.21,2928.22,2024,10,11,4,2890.89
1158,2024-10-14,2928.26,2917.45,2024,10,14,0,2928.22
1159,2024-10-15,2918.18,2927.63,2024,10,15,1,2917.45
1160,2024-10-16,2927.09,2936.9,2024,10,16,2,2927.63
1161,2024-10-17,2937.45,2954.53,2024,10,17,3,2936.9
1162,2024-10-18,0.0,2995.42,2024,10,18,4,2954.53
1163,2024-10-21,2983.36,2992.21,2024,10,21,0,2995.42
1164,2024-10-22,2992.76,3028.05,2024,10,22,1,2992.21
1165,2024-10-23,3028.04,2992.79,2024,10,23,2,3028.05
1166,2024-10-24,2992.32,3011.29,2024,10,24,3,2992.79
1167,2024-10-25,3011.17,3029.35,2024,10,25,4,3011.29
1168,2024-10-28,3029.28,3023.93,2024,10,28,0,3029.35
1169,2024-10-29,3024.0,3057.43,2024,10,29,1,3023.93
1170,2024-10-30,3056.85,3070.04,2024,10,30,2,3057.43
1171,2024-10-31,0.0,3021.36,2024,10,31,3,3070.04
1172,2024-11-01,3020.75,3018.55,2024,11,1,4,3021.36
1173,2024-11-04,3020.13,3022.81,2024,11,4,0,3018.55
1174,2024-11-05,3023.04,3023.54,2024,11,5,1,3022.81
1175,2024-11-06,3021.18,2924.46,2024,11,6,2,3023.54
1176,2024-11-07,2924.44,2976.07,2024,11,7,3,2924.46
1177,2024-11-08,2976.48,2968.42,2024,11,8,4,2976.07
1178,2024-11-11,2967.15,2893.61,2024,11,11,0,2968.42
1179,2024-11-12,2894.45,2871.86,2024,11,12,1,2893.61
1180,2024-11-13,2873.09,2842.93,2024,11,13,2,2871.86
1181,2024-11-14,2843.33,2834.34,2024,11,14,3,2842.93
1182,2024-11-15,2834.18,2837.0,2024,11,15,4,2834.34
1183,2024-11-18,2831.98,2899.5,2024,11,18,0,2837.0
1184,2024-11-19,2899.96,2919.34,2024,11,19,1,2899.5
1185,2024-11-20,2920.05,2935.19,2024,11,20,2,2919.34
1186,2024-11-21,0.0,2962.17,2024,11,21,3,2935.19
1187,2024-11-22,2962.47,3005.46,2024,11,22,4,2962.17
1188,2024-11-25,3004.74,2918.05,2024,11,25,0,3005.46
1189,2024-11-26,2918.13,2931.59,2024,11,26,1,2918.05
1190,2024-11-27,2931.49,2937.05,2024,11,27,2,2931.59
1191,2024-11-28,2936.8,2934.72,2024,11,28,3,2937.05
1192,2024-11-29,2934.78,2961.83,2024,11,29,4,2934.72
1193,2024-12-02,2962.33,2943.47,2024,12,2,0,2961.83
1194,2024-12-03,2943.68,2950.91,2024,12,3,1,2943.47
1195,2024-12-04,2950.99,2958.85,2024,12,4,2,2950.91
1196,2024-12-05,2959.03,2934.73,2024,12,5,3,2958.85
1197,2024-12-06,2934.51,2942.91,2024,12,6,4,2934.73
1198,2024-12-09,2943.58,2975.99,2024,12,9,0,2942.91
1199,2024-12-10,2975.98,3015.56,2024,12,10,1,2975.99
1200,2024-12-11,3015.49,3046.06,2024,12,11,2,3015.56
1201,2024-12-12,3046.05,3006.67,2024,12,12,3,3046.06
1202,2024-12-13,3006.53,2975.32,2024,12,13,4,3006.67
1203,2024-12-16,2974.97,2980.31,2024,12,16,0,2975.32
1204,2024-12-17,2980.46,2973.85,2024,12,17,1,2980.31
1205,2024-12-18,2974.0,2920.2,2024,12,18,2,2973.85
1206,2024-12-19,2920.8,2929.97,2024,12,19,3,2920.2
1207,2024-12-20,2930.15,2968.4,2024,12,20,4,2929.97
1208,2024-12-23,2967.78,2954.54,2024,12,23,0,2968.4
1209,2024-12-24,0.0,2959.16,2024,12,24,1,2954.54
1210,2024-12-25,2959.28,2963.23,2024,12,25,2,2959.16
1211,2024-12-26,2963.54,2977.99,2024,12,26,3,2963.23
1212,2024-12-27,2977.93,2956.54,2024,12,27,4,2977.99
1213,2024-12-30,2958.5,2961.71,2024,12,30,0,2956.54
1214,2024-12-31,2961.74,2983.37,2024,12,31,1,2961.71
1215,2025-01-01,2983.35,2984.7,2025,1,1,2,2983.37
1216,2025-01-02,2984.48,3021.24,2025,1,2,3,2984.7
1217,2025-01-03,3021.1,3000.8,2025,1,3,4,3021.24
1218,2025-01-06,2998.82,2990.51,2025,1,6,0,3000.8
1219,2025-01-07,2990.47,3011.39,2025,1,7,1,2990.51
1220,2025-01-08,3011.27,3026.39,2025,1,8,2,3011.39
1221,2025-01-09,3026.56,3032.51,2025,1,9,3,3026.39
1222,2025-01-10,3032.5,3064.7,2025,1,10,4,3032.51
1223,2025-01-13,3064.23,3037.72,2025,1,13,0,3064.7
1224,2025-01-14,3037.69,3053.1,2025,1,14,1,3037.72
1225,2025-01-15,3053.39,3074.65,2025,1,15,2,3053.1
1226,2025-01-16,3074.47,3093.32,2025,1,16,3,3074.65
1227,2025-01-17,3093.43,3081.85,2025,1,17,4,3093.32
1228,2025-01-20,3077.85,3099.37,2025,1,20,0,3081.85
1229,2025-01-21,3099.35,3141.17,2025,1,21,1,3099.37
1230,2025-01-22,3141.04,3159.38,2025,1,22,2,3141.17
1231,2025-01-23,3159.38,3155.34,2025,1,23,3,3159.38
1232,2025-01-24,3155.14,3178.91,2025,1,24,4,3155.34
1233,2025-01-27,3179.3,3150.67,2025,1,27,0,3178.91
1234,2025-01-28,3150.76,3175.87,2025,1,28,1,3150.67
1235,2025-01-29,3176.09,3170.37,2025,1,29,2,3175.87
1236,2025-01-30,3170.56,3215.72,2025,1,30,3,3170.37
1237,2025-01-31,3215.74,3228.24,2025,1,31,4,3215.72
1238,2025-02-03,3230.09,3257.66,2025,2,3,0,3228.24
1239,2025-02-04,3258.12,3286.19,2025,2,4,1,3257.66
1240,2025-02-05,3286.35,3304.65,2025,2,5,2,3286.19
1241,2025-02-06,3304.48,3295.78,2025,2,6,3,3304.65
1242,2025-02-07,3296.24,3308.28,2025,2,7,4,3295.78
1243,2025-02-10,3308.91,3365.4,2025,2,10,0,3308.28
1244,2025-02-11,3365.07,3358.05,2025,2,11,1,3365.4
1245,2025-02-12,3357.98,3367.66,2025,2,12,2,3358.05
1246,2025-02-13,3367.67,3399.01,2025,2,13,3,3367.66
1247,2025-02-14,3398.77,3360.84,2025,2,14,4,3399.01
1248,2025-02-17,3359.51,3377.4,2025,2,17,0,3360.84
1249,2025-02-18,3377.42,3421.11,2025,2,18,1,3377.4
1250,2025-02-19,3421.5,3425.78,2025,2,19,2,3421.11
1251,2025-02-20,3426.07,3429.01,2025,2,20,3,3425.78
1252,2025-02-21,3429.05,3438.13,2025,2,21,4,3429.01
1253,2025-02-24,3438.8,3456.9,2025,2,24,0,3438.13
1254,2025-02-25,3456.87,3413.06,2025,2,25,1,3456.9
1255,2025-02-26,3413.23,3418.23,2025,2,26,2,3413.06
1256,2025-02-27,3417.77,3365.85,2025,2,27,3,3418.23
1257,2025-02-28,3366.24,3349.9,2025,2,28,4,3365.85
1258,2025-03-03,3351.11,3377.95,2025,3,3,0,3349.9
1259,2025-03-04,3386.93,3418.27,2025,3,4,1,3377.95
1260,2025-03-05,3418.3,3422.6,2025,3,5,2,3418.27
1261,2025-03-06,3421.87,3404.89,2025,3,6,3,3422.6
1262,2025-03-07,3404.82,3412.14,2025,3,7,4,3404.89
1263,2025-03-10,3413.55,3395.32,2025,3,10,0,3412.14
1264,2025-03-11,3395.28,3430.38,2025,3,11,1,3395.32
1265,2025-03-12,3430.94,3451.58,2025,3,12,2,3430.38
1266,2025-03-13,3452.24,3518.72,2025,3,13,3,3451.58
1267,2025-03-14,3518.15,3516.44,2025,3,14,4,3518.72
1268,2025-03-17,3516.58,3536.32,2025,3,17,0,3516.44
1269,2025-03-18,3536.95,3580.22,2025,3,18,1,3536.32
1270,2025-03-19,3580.12,3705.31,2025,3,19,2,3580.22
1271,2025-03-20,3718.32,3702.8,2025,3,20,3,3705.31
1272,2025-03-21,3701.86,3679.3,2025,3,21,4,3702.8
1273,2025-03-24,3679.18,3677.92,2025,3,24,0,3679.3
1274,2025-03-25,3677.98,3687.9,2025,3,25,1,3677.92
1275,2025-03-26,3687.75,3688.6,2025,3,26,2,3687.9
1276,2025-03-27,3688.05,3731.06,2025,3,27,3,3688.6
1277,2025-03-28,3731.48,3768.01,2025,3,28,4,3731.06
1278,2025-03-31,3768.24,3811.35,2025,3,31,0,3768.01
1279,2025-04-01,3811.64,3799.58,2025,4,1,1,3811.35
1280,2025-04-02,3797.99,3826.79,2025,4,2,2,3799.58
1281,2025-04-03,3826.63,3796.78,2025,4,3,3,3826.79
1282,2025-04-04,3796.89,3710.58,2025,4,4,4,3796.78
1283,2025-04-07,3710.23,3641.24,2025,4,7,0,3710.58
1284,2025-04-08,3641.48,3635.97,2025,4,8,1,3641.24
1285,2025-04-09,3637.77,3765.11,2025,4,9,2,3635.97
1286,2025-04-10,3765.29,3871.73,2025,4,10,3,3765.11
1287,2025-04-11,3871.89,3959.33,2025,4,11,4,3871.73
1288,2025-04-14,3959.5,3926.67,2025,4,14,0,3959.33
1289,2025-04-15,3926.47,3955.03,2025,4,15,1,3926.67
1290,2025-04-16,3956.16,4098.76,2025,4,16,2,3955.03
1291,2025-04-17,4098.76,4063.43,2025,4,17,3,4098.76
1292,2025-04-18,4063.43,4076.87,2025,4,18,4,4063.43
1293,2025-04-21,4076.75,4209.41,2025,4,21,0,4076.87
1294,2025-04-22,4208.91,4160.82,2025,4,22,1,4209.41
1295,2025-04-23,4160.91,4098.99,2025,4,23,2,4160.82
1296,2025-04-24,4099.33,4129.56,2025,4,24,3,4098.99
1297,2025-04-25,4129.56,4100.03,2025,4,25,4,4129.56
1298,2025-04-28,4100.54,4132.52,2025,4,28,0,4100.03
1299,2025-04-29,4132.29,4105.46,2025,4,29,1,4132.52
1300,2025-04-30,4104.34,4069.86,2025,4,30,2,4105.46
1301,2025-05-01,4070.77,4003.87,2025,5,1,3,4069.86
1302,2025-05-02,4004.35,4018.8,2025,5,2,4,4003.87
1303,2025-05-05,4019.21,4134.18,2025,5,5,0,4018.8
1304,2025-05-06,4134.5,4265.31,2025,5,6,1,4134.18
1305,2025-05-07,4265.54,4182.7,2025,5,7,2,4265.31
1306,2025-05-08,4182.7,4103.89,2025,5,8,3,4182.7
1307,2025-05-09,4103.89,4143.57,2025,5,9,4,4103.89
1308,2025-05-12,4144.73,4034.66,2025,5,12,0,4143.57
1309,2025-05-13,4035.28,4053.59,2025,5,13,1,4034.66
1310,2025-05-14,4053.59,3961.14,2025,5,14,2,4053.59
1311,2025-05-15,3961.32,4033.56,2025,5,15,3,3961.14
1312,2025-05-16,4033.42,4001.01,2025,5,16,4,4033.56
1313,2025-05-19,4001.37,4029.92,2025,5,19,0,4001.01
1314,2025-05-20,4029.82,4109.06,2025,5,20,1,4029.92
1315,2025-05-21,4109.06,4142.89,2025,5,21,2,4109.06
1316,2025-05-22,4143.2,4123.27,2025,5,22,3,4142.89
1317,2025-05-23,4123.72,4204.13,2025,5,23,4,4123.27
1318,2025-05-26,4207.5,4185.94,2025,5,26,0,4204.13
1319,2025-05-27,4186.34,4137.59,2025,5,27,1,4185.94
1320,2025-05-28,4137.55,4133.13,2025,5,28,2,4137.59
1321,2025-05-29,4133.01,4172.07,2025,5,29,3,4133.13
1322,2025-05-30,4172.22,4148.96,2025,5,30,4,4172.07
1323,2025-06-02,4146.56,4262.77,2025,6,2,0,4148.96
1324,2025-06-03,4262.81,4221.89,2025,6,3,1,4262.77
1325,2025-06-04,4221.89,4247.0,2025,6,4,2,4221.89
1326,2025-06-05,4247.0,4236.92,2025,6,5,3,4247.0
1327,2025-06-06,4236.34,4177.02,2025,6,6,4,4236.92
1328,2025-06-09,4177.26,4198.41,2025,6,9,0,4177.02
1329,2025-06-10,4197.14,4196.79,2025,6,10,1,4198.41
1330,2025-06-11,4188.7,4223.64,2025,6,11,2,4196.79
1331,2025-06-12,4224.65,4284.33,2025,6,12,3,4223.64
1332,2025-06-13,4284.33,4328.32,2025,6,13,4,4284.33
1333,2025-06-16,4336.77,4284.61,2025,6,16,0,4328.32
1334,2025-06-17,4284.25,4301.19,2025,6,17,1,4284.61
1335,2025-06-18,4300.7,4281.14,2025,6,18,2,4301.19
1336,2025-06-19,4281.12,4291.18,2025,6,19,3,4281.14
1337,2025-06-20,4292.1,4297.26,2025,6,20,4,4291.18
1338,2025-06-23,4299.76,4291.04,2025,6,23,0,4297.26
1339,2025-06-24,4290.9,4230.34,2025,6,24,1,4291.04
1340,2025-06-25,4230.26,4259.9,2025,6,25,2,4230.34
1341,2025-06-26,4260.3,4255.99,2025,6,26,3,4259.9
1342,2025-06-27,4255.99,4200.55,2025,6,27,4,4255.99
1343,2025-06-30,4200.96,4228.06,2025,6,30,0,4200.55
1344,2025-07-01,4228.06,4274.81,2025,7,1,1,4228.06
1345,2025-07-02,4275.99,4294.76,2025,7,2,2,4274.81
1346,2025-07-03,4294.76,4259.41,2025,7,3,3,4294.76
1347,2025-07-04,4260.71,4274.48,2025,7,4,4,4259.41
1348,2025-07-07,4276.04,4289.22,2025,7,7,0,4274.48
1349,2025-07-08,4289.48,4250.49,2025,7,8,1,4289.22
1350,2025-07-09,4250.67,4266.63,2025,7,9,2,4250.49
1351,2025-07-10,4266.76,4283.32,2025,7,10,3,4266.63
1352,2025-07-11,4284.34,4335.04,2025,7,11,4,4283.32
1353,2025-07-14,4336.57,4319.18,2025,7,14,0,4335.04
1354,2025-07-15,4319.34,4298.06,2025,7,15,1,4319.18
1355,2025-07-16,4297.74,4332.24,2025,7,16,2,4298.06
1356,2025-07-17,4333.44,4326.65,2025,7,17,3,4332.24
1357,2025-07-18,4326.71,4350.44,2025,7,18,4,4326.65
1358,2025-07-21,4350.72,4411.45,2025,7,21,0,4350.44
1359,2025-07-22,4412.21,4458.28,2025,7,22,1,4411.45
1360,2025-07-23,4458.31,4406.16,2025,7,23,2,4458.28
1361,2025-07-24,4406.67,4413.79,2025,7,24,3,4406.16
1362,2025-07-25,4413.6,4352.2,2025,7,25,4,4413.79
1363,2025-07-28,4351.91,4322.59,2025,7,28,0,4352.2
1364,2025-07-29,4321.55,4340.01,2025,7,29,1,4322.59
1365,2025-07-30,4340.11,4273.94,2025,7,30,2,4340.01
1366,2025-07-31,4274.28,4299.6,2025,7,31,3,4273.94
1367,2025-08-01,4299.19,4395.45,2025,8,1,4,4299.6
1368,2025-08-04,4394.29,4410.88,2025,8,4,0,4395.45
1369,2025-08-05,4410.92,4421.37,2025,8,5,1,4410.88
1370,2025-08-06,4421.34,4402.91,2025,8,6,2,4421.37
1371,2025-08-07,4403.28,4434.65,2025,8,7,3,4402.91
1372,2025-08-08,4434.26,4444.48,2025,8,8,4,4434.65
1373,2025-08-11,4443.93,4375.51,2025,8,11,0,4444.48
1374,2025-08-12,4375.12,4384.52,2025,8,12,1,4375.51
1375,2025-08-13,4384.52,4399.73,2025,8,13,2,4384.52
1376,2025-08-14,4399.78,4378.32,2025,8,14,3,4399.73
1377,2025-08-15,4376.27,4383.41,2025,8,15,4,4378.32
1378,2025-08-18,4382.42,4380.65,2025,8,18,0,4383.41
1379,2025-08-19,4380.75,4386.03,2025,8,19,1,4380.65
1380,2025-08-20,4386.03,4406.99,2025,8,20,2,4386.03
1381,2025-08-21,4407.08,4394.58,2025,8,21,3,4406.99
1382,2025-08-22,4395.22,4443.92,2025,8,22,4,4394.58
1383,2025-08-25,4443.89,4436.31,2025,8,25,0,4443.92
1384,2025-08-26,4436.3,4478.38,2025,8,26,1,4436.31
1385,2025-08-27,4478.89,4482.79,2025,8,27,2,4478.38
1386,2025-08-28,4482.06,4509.25,2025,8,28,3,4482.79
1387,2025-08-29,4509.5,4561.39,2025,8,29,4,4509.25
1388,2025-09-01,4561.48,4597.02,2025,9,1,0,4561.39
1389,2025-09-02,4597.82,4674.88,2025,9,2,1,4597.02
1390,2025-09-03,4675.0,4710.81,2025,9,3,2,4674.88
1391,2025-09-04,4710.81,4691.8,2025,9,4,3,4710.81
1392,2025-09-05,4691.89,4758.68,2025,9,5,4,4691.8
1393,2025-09-07,4691.89,4755.62,2025,9,7,6,4758.68
1394,2025-09-08,4756.85,4822.93,2025,9,8,0,4755.62
1395,2025-09-09,4823.38,4810.75,2025,9,9,1,4822.93
1396,2025-09-10,4810.66,4831.36,2025,9,10,2,4810.75
1397,2025-09-11,4831.46,4828.27,2025,9,11,3,4831.36
1398,2025-09-12,4828.27,4845.64,2025,9,12,4,4828.27
1399,2025-09-15,4844.55,4884.83,2025,9,15,0,4845.64
1400,2025-09-16,4884.73,4892.64,2025,9,16,1,4884.83
1401,2025-09-17,4892.64,4857.02,2025,9,17,2,4892.64
1402,2025-09-18,4857.04,4838.29,2025,9,18,3,4857.02
1403,2025-09-19,4838.35,4903.41,2025,9,19,4,4838.29
1404,2025-09-22,4904.83,4983.51,2025,9,22,0,4903.41
1405,2025-09-23,4983.55,5009.45,2025,9,23,1,4983.51
1406,2025-09-24,5009.55,4978.88,2025,9,24,2,5009.45
1407,2025-09-25,4979.72,5002.78,2025,9,25,3,4978.88
1408,2025-09-26,5000.86,5025.55,2025,9,26,4,5002.78
1409,2025-09-29,5025.41,5126.09,2025,9,29,0,5025.55
1410,2025-09-30,5126.05,5159.77,2025,9,30,1,5126.09
1411,2025-10-01,5159.77,5166.14,2025,10,1,2,5159.77
1412,2025-10-02,5167.7,5158.16,2025,10,2,3,5166.14
1413,2025-10-03,5157.64,5209.75,2025,10,3,4,5158.16
1414,2025-10-06,5209.24,5309.65,2025,10,6,0,5209.75
1415,2025-10-07,5308.7,5341.7,2025,10,7,1,5309.65
1416,2025-10-08,5341.72,5417.34,2025,10,8,2,5341.7
1417,2025-10-09,5417.85,5337.97,2025,10,9,3,5417.34
1418,2025-10-10,5339.54,5404.54,2025,10,10,4,5337.97
1419,2025-10-13,5401.17,5524.71,2025,10,13,0,5404.54
1420,2025-10-14,5524.84,5569.19,2025,10,14,1,5524.71
1421,2025-10-15,5569.81,5661.29,2025,10,15,2,5569.19
1422,2025-10-16,5660.67,5822.34,2025,10,16,3,5661.29
1423,2025-10-17,0.0,5727.34,2025,10,17,4,5822.34
1424,2025-10-20,5727.33,5876.17,2025,10,20,0,5727.34
1425,2025-10-21,5868.02,5567.53,2025,10,21,1,5876.17
1426,2025-10-22,5568.0,5531.03,2025,10,22,2,5567.53
1427,2025-10-23,5531.55,5573.45,2025,10,23,3,5531.03
1428,2025-10-24,5574.28,5545.35,2025,10,24,4,5573.45
1429,2025-10-27,5545.78,5362.22,2025,10,27,0,5545.35
1430,2025-10-28,5361.49,5327.87,2025,10,28,1,5362.22
1431,2025-10-29,5328.52,5300.25,2025,10,29,2,5327.87
1432,2025-10-30,5299.88,5430.45,2025,10,30,3,5300.25
1433,2025-10-31,5431.44,5412.39,2025,10,31,4,5430.45
1434,2025-11-03,5412.18,5422.04,2025,11,3,0,5412.39
1435,2025-11-04,5420.6,5330.47,2025,11,4,1,5422.04
1436,2025-11-05,5330.54,5392.12,2025,11,5,2,5330.47
1437,2025-11-06,5392.11,5389.7,2025,11,6,3,5392.12
1438,2025-11-07,5389.18,5434.09,2025,11,7,4,5389.7
1439,2025-11-10,5432.26,5583.18,2025,11,10,0,5434.09
1440,2025-11-11,5583.4,5606.29,2025,11,11,1,5583.18
1441,2025-11-12,5606.32,5698.19,2025,11,12,2,5606.29
1442,2025-11-13,5697.11,5656.47,2025,11,13,3,5698.19
1443,2025-11-14,5656.28,5551.47,2025,11,14,4,5656.47
1444,2025-11-17,5550.31,5496.24,2025,11,17,0,5551.47
1445,2025-11-18,5497.21,5538.52,2025,11,18,1,5496.24
1446,2025-11-19,5538.88,5550.69,2025,11,19,2,5538.52
1447,2025-11-20,5551.01,5553.67,2025,11,20,3,5550.69
1448,2025-11-21,5553.79,5552.1,2025,11,21,4,5553.67
1449,2025-11-24,5552.52,5636.99,2025,11,24,0,5552.1
1450,2025-11-25,5636.27,5635.23,2025,11,25,1,5636.99
1451,2025-11-26,5635.63,5682.5,2025,11,26,2,5635.23
1452,2025-11-27,5682.55,5675.48,2025,11,27,3,5682.5
1453,2025-11-28,5675.48,5763.55,2025,11,28,4,5675.48
1454,2025-12-01,5764.63,5781.31,2025,12,1,0,5763.55
1455,2025-12-02,5781.25,5745.87,2025,12,2,1,5781.31
1456,2025-12-03,5745.21,5740.46,2025,12,3,2,5745.87
1457,2025-12-04,5740.34,5753.0,2025,12,4,3,5740.46
1458,2025-12-05,5753.02,5744.63,2025,12,5,4,5753.0
