Tarih,Yıl,Ay,Birim,Alış (Forex),Satış (Forex)
2020-12-07,2020,12,Euro (EUR),9.4913,9.5084
2020-12-08,2020,12,Euro (EUR),9.462,9.479
2020-12-09,2020,12,Euro (EUR),9.484,9.5011
2020-12-10,2020,12,Euro (EUR),9.4932,9.5103
2020-12-11,2020,12,Euro (EUR),9.6241,9.6414
2020-12-14,2020,12,Euro (EUR),9.5624,9.5797
2020-12-15,2020,12,Euro (EUR),9.5184,9.5355
2020-12-16,2020,12,Euro (EUR),9.4908,9.5079
2020-12-17,2020,12,Euro (EUR),9.4817,9.4988
2020-12-18,2020,12,Euro (EUR),9.423,9.44
2020-12-21,2020,12,Euro (EUR),9.3504,9.3672
2020-12-22,2020,12,Euro (EUR),9.3347,9.3515
2020-12-23,2020,12,Euro (EUR),9.303,9.3197
2020-12-24,2020,12,Euro (EUR),9.2948,9.3116
2020-12-25,2020,12,Euro (EUR),9.2037,9.2203
2020-12-28,2020,12,Euro (EUR),9.137,9.1535
2020-12-29,2020,12,Euro (EUR),9.0697,9.0861
2020-12-30,2020,12,Euro (EUR),9.0079,9.0241
2020-12-31,2020,12,Euro (EUR),9.1164,9.1329
2021-01-04,2021,1,Euro (EUR),9.0382,9.0545
2021-01-05,2021,1,Euro (EUR),9.0656,9.082
2021-01-06,2021,1,Euro (EUR),9.0397,9.056
2021-01-07,2021,1,Euro (EUR),8.9342,8.9503
2021-01-08,2021,1,Euro (EUR),8.9968,9.013
2021-01-11,2021,1,Euro (EUR),9.0629,9.0792
2021-01-12,2021,1,Euro (EUR),9.0693,9.0856
2021-01-13,2021,1,Euro (EUR),9.0552,9.0715
2021-01-14,2021,1,Euro (EUR),8.9815,8.9976
2021-01-15,2021,1,Euro (EUR),8.9635,8.9797
2021-01-18,2021,1,Euro (EUR),9.0457,9.062
2021-01-19,2021,1,Euro (EUR),9.0235,9.0397
2021-01-20,2021,1,Euro (EUR),9.0232,9.0394
2021-01-21,2021,1,Euro (EUR),8.9597,8.9759
2021-01-22,2021,1,Euro (EUR),9.0044,9.0206
2021-01-25,2021,1,Euro (EUR),8.9778,8.9939
2021-01-26,2021,1,Euro (EUR),8.955,8.9711
2021-01-27,2021,1,Euro (EUR),8.9276,8.9437
2021-01-28,2021,1,Euro (EUR),8.9216,8.9377
2021-01-29,2021,1,Euro (EUR),8.8718,8.8878
2021-02-01,2021,2,Euro (EUR),8.7345,8.7502
2021-02-02,2021,2,Euro (EUR),8.607,8.6225
2021-02-03,2021,2,Euro (EUR),8.5995,8.615
2021-02-04,2021,2,Euro (EUR),8.5559,8.5713
2021-02-05,2021,2,Euro (EUR),8.4764,8.4916
2021-02-08,2021,2,Euro (EUR),8.5036,8.5189
2021-02-09,2021,2,Euro (EUR),8.5664,8.5818
2021-02-10,2021,2,Euro (EUR),8.5517,8.5671
2021-02-11,2021,2,Euro (EUR),8.5374,8.5527
2021-02-12,2021,2,Euro (EUR),8.4977,8.513
2021-02-15,2021,2,Euro (EUR),8.4607,8.476
2021-02-16,2021,2,Euro (EUR),8.4026,8.4177
2021-02-17,2021,2,Euro (EUR),8.4558,8.471
2021-02-18,2021,2,Euro (EUR),8.3867,8.4019
2021-02-19,2021,2,Euro (EUR),8.4407,8.456
2021-02-22,2021,2,Euro (EUR),8.475,8.4903
2021-02-23,2021,2,Euro (EUR),8.5418,8.5572
2021-02-24,2021,2,Euro (EUR),8.6774,8.693
2021-02-25,2021,2,Euro (EUR),8.7811,8.7969
2021-02-26,2021,2,Euro (EUR),8.942,8.9581
2021-03-01,2021,3,Euro (EUR),8.8059,8.8217
2021-03-02,2021,3,Euro (EUR),8.7855,8.8013
2021-03-03,2021,3,Euro (EUR),8.8679,8.8839
2021-03-04,2021,3,Euro (EUR),8.9768,8.993
2021-03-05,2021,3,Euro (EUR),8.9643,8.9804
2021-03-08,2021,3,Euro (EUR),9.0208,9.0371
2021-03-09,2021,3,Euro (EUR),9.0851,9.1015
2021-03-10,2021,3,Euro (EUR),9.0315,9.0477
2021-03-11,2021,3,Euro (EUR),8.8995,8.9155
2021-03-12,2021,3,Euro (EUR),9.0326,9.0489
2021-03-15,2021,3,Euro (EUR),8.9912,9.0073
2021-03-16,2021,3,Euro (EUR),8.954,8.9702
2021-03-17,2021,3,Euro (EUR),8.9242,8.9402
2021-03-18,2021,3,Euro (EUR),8.9113,8.9274
2021-03-19,2021,3,Euro (EUR),8.6566,8.6722
2021-03-22,2021,3,Euro (EUR),9.4069,9.4239
2021-03-23,2021,3,Euro (EUR),9.2902,9.307
2021-03-24,2021,3,Euro (EUR),9.4257,9.4427
2021-03-25,2021,3,Euro (EUR),9.3778,9.3947
2021-03-26,2021,3,Euro (EUR),9.415,9.4319
2021-03-29,2021,3,Euro (EUR),9.5618,9.579
2021-03-30,2021,3,Euro (EUR),9.7741,9.7917
2021-03-31,2021,3,Euro (EUR),9.7688,9.7864
2021-04-01,2021,4,Euro (EUR),9.5898,9.6071
2021-04-02,2021,4,Euro (EUR),9.4646,9.4816
2021-04-05,2021,4,Euro (EUR),9.5622,9.5794
2021-04-06,2021,4,Euro (EUR),9.6191,9.6364
2021-04-07,2021,4,Euro (EUR),9.7075,9.725
2021-04-08,2021,4,Euro (EUR),9.6808,9.6982
2021-04-09,2021,4,Euro (EUR),9.6777,9.6951
2021-04-12,2021,4,Euro (EUR),9.7149,9.7324
2021-04-13,2021,4,Euro (EUR),9.6805,9.6979
2021-04-14,2021,4,Euro (EUR),9.6558,9.6732
2021-04-15,2021,4,Euro (EUR),9.647,9.6644
2021-04-16,2021,4,Euro (EUR),9.6524,9.6698
2021-04-19,2021,4,Euro (EUR),9.6802,9.6977
2021-04-20,2021,4,Euro (EUR),9.7718,9.7894
2021-04-21,2021,4,Euro (EUR),9.7816,9.7992
2021-04-22,2021,4,Euro (EUR),9.9576,9.9755
2021-04-26,2021,4,Euro (EUR),10.0735,10.0916
2021-04-27,2021,4,Euro (EUR),9.9371,9.955
2021-04-28,2021,4,Euro (EUR),9.8799,9.8977
2021-04-29,2021,4,Euro (EUR),9.909,9.9269
2021-04-30,2021,4,Euro (EUR),9.9545,9.9724
2021-05-03,2021,5,Euro (EUR),9.9885,10.0065
2021-05-04,2021,5,Euro (EUR),9.9837,10.0017
2021-05-05,2021,5,Euro (EUR),10.0109,10.029
2021-05-06,2021,5,Euro (EUR),9.9979,10.0159
2021-05-07,2021,5,Euro (EUR),9.9879,10.0059
2021-05-10,2021,5,Euro (EUR),10.0284,10.0465
2021-05-11,2021,5,Euro (EUR),10.0727,10.0909
2021-05-17,2021,5,Euro (EUR),10.1403,10.1586
2021-05-18,2021,5,Euro (EUR),10.1667,10.185
2021-05-20,2021,5,Euro (EUR),10.2043,10.2226
2021-05-21,2021,5,Euro (EUR),10.2072,10.2256
2021-05-24,2021,5,Euro (EUR),10.2278,10.2462
2021-05-25,2021,5,Euro (EUR),10.2861,10.3046
2021-05-26,2021,5,Euro (EUR),10.3227,10.3413
2021-05-27,2021,5,Euro (EUR),10.2849,10.3035
2021-05-28,2021,5,Euro (EUR),10.4147,10.4334
2021-05-31,2021,5,Euro (EUR),10.3629,10.3816
2021-06-01,2021,6,Euro (EUR),10.3998,10.4185
2021-06-02,2021,6,Euro (EUR),10.4895,10.5084
2021-06-03,2021,6,Euro (EUR),10.5091,10.528
2021-06-04,2021,6,Euro (EUR),10.516,10.535
2021-06-07,2021,6,Euro (EUR),10.4825,10.5014
2021-06-08,2021,6,Euro (EUR),10.4585,10.4773
2021-06-09,2021,6,Euro (EUR),10.4515,10.4703
2021-06-10,2021,6,Euro (EUR),10.3808,10.3995
2021-06-11,2021,6,Euro (EUR),10.1615,10.1798
2021-06-14,2021,6,Euro (EUR),10.0998,10.118
2021-06-15,2021,6,Euro (EUR),10.3646,10.3833
2021-06-16,2021,6,Euro (EUR),10.3327,10.3513
2021-06-17,2021,6,Euro (EUR),10.3072,10.3258
2021-06-18,2021,6,Euro (EUR),10.3197,10.3383
2021-06-21,2021,6,Euro (EUR),10.4032,10.422
2021-06-22,2021,6,Euro (EUR),10.3722,10.3909
2021-06-23,2021,6,Euro (EUR),10.2828,10.3013
2021-06-24,2021,6,Euro (EUR),10.3356,10.3542
2021-06-25,2021,6,Euro (EUR),10.3646,10.3833
2021-06-28,2021,6,Euro (EUR),10.4077,10.4265
2021-06-29,2021,6,Euro (EUR),10.3645,10.3832
2021-06-30,2021,6,Euro (EUR),10.3249,10.3435
2021-07-01,2021,7,Euro (EUR),10.2889,10.3074
2021-07-02,2021,7,Euro (EUR),10.2657,10.2841
2021-07-05,2021,7,Euro (EUR),10.287,10.3055
2021-07-06,2021,7,Euro (EUR),10.2562,10.2747
2021-07-07,2021,7,Euro (EUR),10.2469,10.2653
2021-07-08,2021,7,Euro (EUR),10.2721,10.2906
2021-07-09,2021,7,Euro (EUR),10.2712,10.2897
2021-07-12,2021,7,Euro (EUR),10.2354,10.2538
2021-07-13,2021,7,Euro (EUR),10.1926,10.211
2021-07-14,2021,7,Euro (EUR),10.156,10.1743
2021-07-16,2021,7,Euro (EUR),10.0483,10.0664
2021-07-26,2021,7,Euro (EUR),10.105,10.1232
2021-07-27,2021,7,Euro (EUR),10.0896,10.1077
2021-07-28,2021,7,Euro (EUR),10.0929,10.1111
2021-07-29,2021,7,Euro (EUR),10.0862,10.1043
2021-07-30,2021,7,Euro (EUR),10.0084,10.0264
2021-08-02,2021,8,Euro (EUR),9.9677,9.9857
2021-08-03,2021,8,Euro (EUR),9.8906,9.9084
2021-08-04,2021,8,Euro (EUR),9.9891,10.0071
2021-08-05,2021,8,Euro (EUR),10.0976,10.1158
2021-08-06,2021,8,Euro (EUR),10.1149,10.1331
2021-08-09,2021,8,Euro (EUR),10.1622,10.1805
2021-08-10,2021,8,Euro (EUR),10.1112,10.1294
2021-08-11,2021,8,Euro (EUR),10.1014,10.1195
2021-08-12,2021,8,Euro (EUR),10.064,10.0821
2021-08-13,2021,8,Euro (EUR),10.0251,10.0431
2021-08-16,2021,8,Euro (EUR),9.9762,9.9941
2021-08-17,2021,8,Euro (EUR),9.9022,9.9201
2021-08-18,2021,8,Euro (EUR),9.9174,9.9353
2021-08-19,2021,8,Euro (EUR),9.9491,9.967
2021-08-20,2021,8,Euro (EUR),9.9551,9.973
2021-08-23,2021,8,Euro (EUR),9.9144,9.9323
2021-08-24,2021,8,Euro (EUR),9.8728,9.8906
2021-08-25,2021,8,Euro (EUR),9.8404,9.8581
2021-08-26,2021,8,Euro (EUR),9.8352,9.8529
2021-08-27,2021,8,Euro (EUR),9.8494,9.8671
2021-08-31,2021,8,Euro (EUR),9.8228,9.8405
2021-09-01,2021,9,Euro (EUR),9.791,9.8086
2021-09-02,2021,9,Euro (EUR),9.7911,9.8087
2021-09-03,2021,9,Euro (EUR),9.8492,9.8669
2021-09-06,2021,9,Euro (EUR),9.8199,9.8376
2021-09-07,2021,9,Euro (EUR),9.8506,9.8684
2021-09-08,2021,9,Euro (EUR),9.9394,9.9573
2021-09-09,2021,9,Euro (EUR),10.0142,10.0322
2021-09-10,2021,9,Euro (EUR),9.9478,9.9658
2021-09-13,2021,9,Euro (EUR),9.9496,9.9675
2021-09-14,2021,9,Euro (EUR),9.9615,9.9795
2021-09-15,2021,9,Euro (EUR),9.9616,9.9796
2021-09-16,2021,9,Euro (EUR),9.9382,9.9561
2021-09-17,2021,9,Euro (EUR),10.0921,10.1103
2021-09-20,2021,9,Euro (EUR),10.1467,10.165
2021-09-21,2021,9,Euro (EUR),10.1272,10.1454
2021-09-22,2021,9,Euro (EUR),10.1291,10.1473
2021-09-23,2021,9,Euro (EUR),10.1456,10.1639
2021-09-24,2021,9,Euro (EUR),10.3526,10.3712
2021-09-27,2021,9,Euro (EUR),10.3364,10.355
2021-09-28,2021,9,Euro (EUR),10.3486,10.3672
2021-09-29,2021,9,Euro (EUR),10.3135,10.3321
2021-09-30,2021,9,Euro (EUR),10.2933,10.3118
2021-10-01,2021,10,Euro (EUR),10.2484,10.2669
2021-10-04,2021,10,Euro (EUR),10.2822,10.3008
2021-10-05,2021,10,Euro (EUR),10.2583,10.2768
2021-10-06,2021,10,Euro (EUR),10.2876,10.3062
2021-10-07,2021,10,Euro (EUR),10.2469,10.2654
2021-10-08,2021,10,Euro (EUR),10.2832,10.3018
2021-10-11,2021,10,Euro (EUR),10.3398,10.3584
2021-10-12,2021,10,Euro (EUR),10.4026,10.4213
2021-10-13,2021,10,Euro (EUR),10.4268,10.4455
2021-10-14,2021,10,Euro (EUR),10.612,10.6311
2021-10-15,2021,10,Euro (EUR),10.6785,10.6978
2021-10-18,2021,10,Euro (EUR),10.7375,10.7568
2021-10-19,2021,10,Euro (EUR),10.8237,10.8432
2021-10-20,2021,10,Euro (EUR),10.8308,10.8503
2021-10-21,2021,10,Euro (EUR),10.8108,10.8303
2021-10-22,2021,10,Euro (EUR),11.1566,11.1767
2021-10-25,2021,10,Euro (EUR),11.3283,11.3487
2021-10-26,2021,10,Euro (EUR),10.9812,11.001
2021-10-27,2021,10,Euro (EUR),10.998,11.0179
2021-11-01,2021,11,Euro (EUR),11.0216,11.0415
2021-11-02,2021,11,Euro (EUR),11.0413,11.0612
2021-11-03,2021,11,Euro (EUR),11.1892,11.2094
2021-11-04,2021,11,Euro (EUR),11.199,11.2192
2021-11-05,2021,11,Euro (EUR),11.1995,11.2197
2021-11-08,2021,11,Euro (EUR),11.2013,11.2215
2021-11-09,2021,11,Euro (EUR),11.2469,11.2672
2021-11-10,2021,11,Euro (EUR),11.3156,11.336
2021-11-11,2021,11,Euro (EUR),11.3726,11.393
2021-11-12,2021,11,Euro (EUR),11.3448,11.3653
2021-11-15,2021,11,Euro (EUR),11.4282,11.4488
2021-11-16,2021,11,Euro (EUR),11.5606,11.5814
2021-11-17,2021,11,Euro (EUR),11.7627,11.7839
2021-11-18,2021,11,Euro (EUR),12.1224,12.1443
2021-11-19,2021,11,Euro (EUR),12.4815,12.504
2021-11-22,2021,11,Euro (EUR),12.5938,12.6165
2021-11-23,2021,11,Euro (EUR),13.6789,13.7035
2021-11-24,2021,11,Euro (EUR),14.1524,14.1779
2021-11-25,2021,11,Euro (EUR),13.464,13.4883
2021-11-26,2021,11,Euro (EUR),13.5971,13.6216
2021-11-29,2021,11,Euro (EUR),14.2793,14.305
2021-11-30,2021,11,Euro (EUR),14.6798,14.7062
2021-12-01,2021,12,Euro (EUR),15.1049,15.1321
2021-12-02,2021,12,Euro (EUR),15.1838,15.2112
2021-12-03,2021,12,Euro (EUR),15.4548,15.4826
2021-12-06,2021,12,Euro (EUR),15.5503,15.5783
2021-12-07,2021,12,Euro (EUR),15.4101,15.4378
2021-12-08,2021,12,Euro (EUR),15.3754,15.4031
2021-12-09,2021,12,Euro (EUR),15.5577,15.5858
2021-12-10,2021,12,Euro (EUR),15.6094,15.6375
2021-12-13,2021,12,Euro (EUR),16.0663,16.0953
2021-12-14,2021,12,Euro (EUR),16.0096,16.0384
2021-12-15,2021,12,Euro (EUR),16.494,16.5237
2021-12-16,2021,12,Euro (EUR),17.1957,17.2267
2021-12-17,2021,12,Euro (EUR),18.5044,18.5377
2021-12-20,2021,12,Euro (EUR),19.6788,19.7143
2021-12-21,2021,12,Euro (EUR),14.7024,14.7289
2021-12-22,2021,12,Euro (EUR),14.0483,14.0736
2021-12-23,2021,12,Euro (EUR),12.9683,12.9917
2021-12-24,2021,12,Euro (EUR),13.2926,13.3166
2021-12-27,2021,12,Euro (EUR),12.8903,12.9135
2021-12-28,2021,12,Euro (EUR),13.4,13.4241
2021-12-29,2021,12,Euro (EUR),13.8011,13.8259
2021-12-30,2021,12,Euro (EUR),14.6823,14.7088
2021-12-31,2021,12,Euro (EUR),15.0867,15.1139
2022-01-03,2022,1,Euro (EUR),15.2342,15.2616
2022-01-04,2022,1,Euro (EUR),14.8902,14.917
2022-01-05,2022,1,Euro (EUR),15.1137,15.1409
2022-01-06,2022,1,Euro (EUR),15.4105,15.4383
2022-01-07,2022,1,Euro (EUR),15.5501,15.5781
2022-01-10,2022,1,Euro (EUR),15.5443,15.5723
2022-01-11,2022,1,Euro (EUR),15.5689,15.597
2022-01-12,2022,1,Euro (EUR),15.5908,15.6189
2022-01-13,2022,1,Euro (EUR),15.5177,15.5457
2022-01-14,2022,1,Euro (EUR),15.4799,15.5078
2022-01-17,2022,1,Euro (EUR),15.394,15.4217
2022-01-18,2022,1,Euro (EUR),15.395,15.4227
2022-01-19,2022,1,Euro (EUR),15.3848,15.4125
2022-01-20,2022,1,Euro (EUR),15.2577,15.2852
2022-01-21,2022,1,Euro (EUR),15.1892,15.2166
2022-01-24,2022,1,Euro (EUR),15.1506,15.1779
2022-01-25,2022,1,Euro (EUR),15.2425,15.27
2022-01-26,2022,1,Euro (EUR),15.2404,15.2678
2022-01-27,2022,1,Euro (EUR),15.2159,15.2433
2022-01-28,2022,1,Euro (EUR),15.1536,15.1809
2022-01-31,2022,1,Euro (EUR),14.9676,14.9946
2022-02-01,2022,2,Euro (EUR),15.0503,15.0774
2022-02-02,2022,2,Euro (EUR),15.1653,15.1926
2022-02-03,2022,2,Euro (EUR),15.3002,15.3278
2022-02-04,2022,2,Euro (EUR),15.5162,15.5441
2022-02-07,2022,2,Euro (EUR),15.4812,15.509
2022-02-08,2022,2,Euro (EUR),15.5412,15.5692
2022-02-09,2022,2,Euro (EUR),15.5002,15.5281
2022-02-10,2022,2,Euro (EUR),15.4713,15.4991
2022-02-11,2022,2,Euro (EUR),15.3674,15.3951
2022-02-14,2022,2,Euro (EUR),15.327,15.3546
2022-02-15,2022,2,Euro (EUR),15.4218,15.4496
2022-02-16,2022,2,Euro (EUR),15.4927,15.5207
2022-02-17,2022,2,Euro (EUR),15.462,15.4899
2022-02-18,2022,2,Euro (EUR),15.4745,15.5024
2022-02-21,2022,2,Euro (EUR),15.4651,15.4929
2022-02-22,2022,2,Euro (EUR),15.5648,15.5928
2022-02-23,2022,2,Euro (EUR),15.6358,15.664
2022-02-24,2022,2,Euro (EUR),15.9627,15.9914
2022-02-25,2022,2,Euro (EUR),15.7097,15.738
2022-02-28,2022,2,Euro (EUR),15.4724,15.5002
2022-03-01,2022,3,Euro (EUR),15.5556,15.5836
2022-03-02,2022,3,Euro (EUR),15.5729,15.601
2022-03-03,2022,3,Euro (EUR),15.6521,15.6803
2022-03-04,2022,3,Euro (EUR),15.6017,15.6298
2022-03-07,2022,3,Euro (EUR),15.5309,15.5589
2022-03-08,2022,3,Euro (EUR),15.7502,15.7786
2022-03-09,2022,3,Euro (EUR),15.9918,16.0207
2022-03-10,2022,3,Euro (EUR),16.2842,16.3135
2022-03-11,2022,3,Euro (EUR),16.3758,16.4053
2022-03-14,2022,3,Euro (EUR),16.1627,16.1918
2022-03-15,2022,3,Euro (EUR),16.217,16.2462
2022-03-16,2022,3,Euro (EUR),16.1254,16.1545
2022-03-17,2022,3,Euro (EUR),16.2065,16.2357
2022-03-18,2022,3,Euro (EUR),16.3261,16.3555
2022-03-21,2022,3,Euro (EUR),16.3668,16.3963
2022-03-22,2022,3,Euro (EUR),16.2734,16.3028
2022-03-23,2022,3,Euro (EUR),16.2985,16.3279
2022-03-24,2022,3,Euro (EUR),16.2825,16.3118
2022-03-25,2022,3,Euro (EUR),16.3136,16.343
2022-03-28,2022,3,Euro (EUR),16.262,16.2913
2022-03-29,2022,3,Euro (EUR),16.3117,16.3411
2022-03-30,2022,3,Euro (EUR),16.3086,16.338
2022-03-31,2022,3,Euro (EUR),16.2855,16.3148
2022-04-01,2022,4,Euro (EUR),16.2145,16.2437
2022-04-04,2022,4,Euro (EUR),16.1796,16.2087
2022-04-05,2022,4,Euro (EUR),16.1262,16.1552
2022-04-06,2022,4,Euro (EUR),16.0543,16.0833
2022-04-07,2022,4,Euro (EUR),16.0523,16.0812
2022-04-08,2022,4,Euro (EUR),16.0012,16.03
2022-04-11,2022,4,Euro (EUR),16.0497,16.0787
2022-04-12,2022,4,Euro (EUR),15.933,15.9617
2022-04-13,2022,4,Euro (EUR),15.7713,15.7997
2022-04-14,2022,4,Euro (EUR),15.9114,15.9401
2022-04-15,2022,4,Euro (EUR),15.8056,15.8341
2022-04-18,2022,4,Euro (EUR),15.7912,15.8196
2022-04-19,2022,4,Euro (EUR),15.801,15.8295
2022-04-20,2022,4,Euro (EUR),15.8633,15.8919
2022-04-21,2022,4,Euro (EUR),15.9909,16.0197
2022-04-22,2022,4,Euro (EUR),15.9017,15.9304
2022-04-25,2022,4,Euro (EUR),15.8262,15.8547
2022-04-26,2022,4,Euro (EUR),15.7779,15.8063
2022-04-27,2022,4,Euro (EUR),15.6941,15.7224
2022-04-28,2022,4,Euro (EUR),15.5448,15.5728
2022-04-29,2022,4,Euro (EUR),15.6139,15.642
2022-05-05,2022,5,Euro (EUR),15.7054,15.7337
2022-05-06,2022,5,Euro (EUR),15.7147,15.743
2022-05-09,2022,5,Euro (EUR),15.7587,15.7871
2022-05-10,2022,5,Euro (EUR),16.0374,16.0663
2022-05-11,2022,5,Euro (EUR),16.133,16.1621
2022-05-12,2022,5,Euro (EUR),16.0354,16.0643
2022-05-13,2022,5,Euro (EUR),16.0455,16.0744
2022-05-16,2022,5,Euro (EUR),16.2166,16.2458
2022-05-17,2022,5,Euro (EUR),16.5628,16.5926
2022-05-18,2022,5,Euro (EUR),16.7425,16.7727
2022-05-20,2022,5,Euro (EUR),16.8483,16.8786
2022-05-23,2022,5,Euro (EUR),16.8698,16.9002
2022-05-24,2022,5,Euro (EUR),17.2255,17.2565
2022-05-25,2022,5,Euro (EUR),17.366,17.3973
2022-05-26,2022,5,Euro (EUR),17.5101,17.5417
2022-05-27,2022,5,Euro (EUR),17.527,17.5585
2022-05-30,2022,5,Euro (EUR),17.6019,17.6336
2022-05-31,2022,5,Euro (EUR),17.5702,17.6019
2022-06-01,2022,6,Euro (EUR),17.5916,17.6233
2022-06-02,2022,6,Euro (EUR),17.57,17.6017
2022-06-03,2022,6,Euro (EUR),17.7066,17.7385
2022-06-06,2022,6,Euro (EUR),17.7785,17.8105
2022-06-07,2022,6,Euro (EUR),17.8408,17.873
2022-06-08,2022,6,Euro (EUR),18.2931,18.326
2022-06-09,2022,6,Euro (EUR),18.43,18.4633
2022-06-10,2022,6,Euro (EUR),18.0924,18.125
2022-06-13,2022,6,Euro (EUR),18.0353,18.0678
2022-06-14,2022,6,Euro (EUR),18.0055,18.0379
2022-06-15,2022,6,Euro (EUR),18.0818,18.1144
2022-06-16,2022,6,Euro (EUR),17.984,18.0164
2022-06-17,2022,6,Euro (EUR),18.173,18.2057
2022-06-20,2022,6,Euro (EUR),18.2219,18.2547
2022-06-21,2022,6,Euro (EUR),18.2799,18.3128
2022-06-22,2022,6,Euro (EUR),18.2142,18.247
2022-06-23,2022,6,Euro (EUR),18.2455,18.2784
2022-06-24,2022,6,Euro (EUR),18.2753,18.3083
2022-06-27,2022,6,Euro (EUR),17.6057,17.6375
2022-06-28,2022,6,Euro (EUR),17.5858,17.6175
2022-06-29,2022,6,Euro (EUR),17.5221,17.5536
2022-06-30,2022,6,Euro (EUR),17.3701,17.4014
2022-07-01,2022,7,Euro (EUR),17.4703,17.5018
2022-07-04,2022,7,Euro (EUR),17.5322,17.5638
2022-07-05,2022,7,Euro (EUR),17.5036,17.5351
2022-07-06,2022,7,Euro (EUR),17.5783,17.61
2022-07-07,2022,7,Euro (EUR),17.5988,17.6305
2022-07-13,2022,7,Euro (EUR),17.4693,17.5007
2022-07-14,2022,7,Euro (EUR),17.4977,17.5292
2022-07-18,2022,7,Euro (EUR),17.7083,17.7402
2022-07-19,2022,7,Euro (EUR),17.9559,17.9883
2022-07-20,2022,7,Euro (EUR),17.9549,17.9873
2022-07-21,2022,7,Euro (EUR),17.966,17.9984
2022-07-22,2022,7,Euro (EUR),18.0087,18.0412
2022-07-25,2022,7,Euro (EUR),18.1927,18.2255
2022-07-26,2022,7,Euro (EUR),18.16,18.1927
2022-07-27,2022,7,Euro (EUR),18.1286,18.1613
2022-07-28,2022,7,Euro (EUR),18.2176,18.2504
2022-07-29,2022,7,Euro (EUR),18.2977,18.3307
2022-08-01,2022,8,Euro (EUR),18.3644,18.3975
2022-08-02,2022,8,Euro (EUR),18.3502,18.3833
2022-08-03,2022,8,Euro (EUR),18.2593,18.2922
2022-08-04,2022,8,Euro (EUR),18.2617,18.2946
2022-08-05,2022,8,Euro (EUR),18.3515,18.3845
2022-08-08,2022,8,Euro (EUR),18.285,18.3179
2022-08-09,2022,8,Euro (EUR),18.3329,18.3659
2022-08-10,2022,8,Euro (EUR),18.3411,18.3742
2022-08-11,2022,8,Euro (EUR),18.5263,18.5597
2022-08-12,2022,8,Euro (EUR),18.4687,18.502
2022-08-15,2022,8,Euro (EUR),18.3238,18.3568
2022-08-16,2022,8,Euro (EUR),18.1958,18.2285
2022-08-17,2022,8,Euro (EUR),18.2487,18.2816
2022-08-18,2022,8,Euro (EUR),18.2694,18.3024
2022-08-19,2022,8,Euro (EUR),18.2093,18.2421
2022-08-22,2022,8,Euro (EUR),18.1184,18.151
2022-08-23,2022,8,Euro (EUR),17.9664,17.9988
2022-08-24,2022,8,Euro (EUR),18.0113,18.0438
2022-08-25,2022,8,Euro (EUR),18.138,18.1707
2022-08-26,2022,8,Euro (EUR),18.1354,18.1681
2022-08-29,2022,8,Euro (EUR),18.0933,18.1259
2022-08-31,2022,8,Euro (EUR),18.1574,18.1901
2022-09-01,2022,9,Euro (EUR),18.2226,18.2554
2022-09-02,2022,9,Euro (EUR),18.1797,18.2125
2022-09-05,2022,9,Euro (EUR),18.0545,18.087
2022-09-06,2022,9,Euro (EUR),18.1153,18.1479
2022-09-07,2022,9,Euro (EUR),18.0378,18.0703
2022-09-08,2022,9,Euro (EUR),18.2218,18.2546
2022-09-09,2022,9,Euro (EUR),18.3622,18.3953
2022-09-12,2022,9,Euro (EUR),18.5041,18.5375
2022-09-13,2022,9,Euro (EUR),18.513,18.5463
2022-09-14,2022,9,Euro (EUR),18.2196,18.2525
2022-09-15,2022,9,Euro (EUR),18.2095,18.2423
2022-09-16,2022,9,Euro (EUR),18.1954,18.2281
2022-09-19,2022,9,Euro (EUR),18.2271,18.2599
2022-09-20,2022,9,Euro (EUR),18.3014,18.3344
2022-09-21,2022,9,Euro (EUR),18.1312,18.1638
2022-09-22,2022,9,Euro (EUR),18.0785,18.1111
2022-09-23,2022,9,Euro (EUR),17.9431,17.9755
2022-09-26,2022,9,Euro (EUR),17.7909,17.8229
2022-09-27,2022,9,Euro (EUR),17.7719,17.804
2022-09-28,2022,9,Euro (EUR),17.6711,17.7029
2022-09-29,2022,9,Euro (EUR),17.9232,17.9555
2022-09-30,2022,9,Euro (EUR),18.1395,18.1722
2022-10-03,2022,10,Euro (EUR),18.1474,18.1801
2022-10-04,2022,10,Euro (EUR),18.3233,18.3563
2022-10-05,2022,10,Euro (EUR),18.4388,18.472
2022-10-06,2022,10,Euro (EUR),18.3543,18.3873
2022-10-07,2022,10,Euro (EUR),18.1795,18.2123
2022-10-10,2022,10,Euro (EUR),18.0048,18.0372
2022-10-11,2022,10,Euro (EUR),18.0168,18.0493
2022-10-12,2022,10,Euro (EUR),18.0297,18.0622
2022-10-13,2022,10,Euro (EUR),18.0405,18.073
2022-10-14,2022,10,Euro (EUR),18.093,18.1256
2022-10-17,2022,10,Euro (EUR),18.0897,18.1223
2022-10-18,2022,10,Euro (EUR),18.2696,18.3025
2022-10-19,2022,10,Euro (EUR),18.2157,18.2485
2022-10-20,2022,10,Euro (EUR),18.186,18.2187
2022-10-21,2022,10,Euro (EUR),18.1246,18.1573
2022-10-24,2022,10,Euro (EUR),18.2761,18.309
2022-10-25,2022,10,Euro (EUR),18.3231,18.3561
2022-10-26,2022,10,Euro (EUR),18.6253,18.6589
2022-10-27,2022,10,Euro (EUR),18.6837,18.7174
2022-10-31,2022,10,Euro (EUR),18.4742,18.5075
2022-11-01,2022,11,Euro (EUR),18.468,18.5012
2022-11-02,2022,11,Euro (EUR),18.4043,18.4375
2022-11-03,2022,11,Euro (EUR),18.1639,18.1966
2022-11-04,2022,11,Euro (EUR),18.185,18.2178
2022-11-07,2022,11,Euro (EUR),18.5226,18.556
2022-11-08,2022,11,Euro (EUR),18.5744,18.6079
2022-11-09,2022,11,Euro (EUR),18.685,18.7187
2022-11-10,2022,11,Euro (EUR),18.5418,18.5752
2022-11-11,2022,11,Euro (EUR),18.9888,19.023
2022-11-14,2022,11,Euro (EUR),19.1661,19.2006
2022-11-15,2022,11,Euro (EUR),19.3327,19.3675
2022-11-16,2022,11,Euro (EUR),19.3524,19.3873
2022-11-17,2022,11,Euro (EUR),19.2822,19.317
2022-11-18,2022,11,Euro (EUR),19.2842,19.319
2022-11-21,2022,11,Euro (EUR),19.0548,19.0891
2022-11-22,2022,11,Euro (EUR),19.1,19.1345
2022-11-23,2022,11,Euro (EUR),19.2101,19.2447
2022-11-24,2022,11,Euro (EUR),19.3736,19.4085
2022-11-25,2022,11,Euro (EUR),19.367,19.4019
2022-11-28,2022,11,Euro (EUR),19.4073,19.4423
2022-11-29,2022,11,Euro (EUR),19.3116,19.3464
2022-11-30,2022,11,Euro (EUR),19.2824,19.3172
2022-12-01,2022,12,Euro (EUR),19.4206,19.4556
2022-12-02,2022,12,Euro (EUR),19.6004,19.6357
2022-12-05,2022,12,Euro (EUR),19.6436,19.6789
2022-12-06,2022,12,Euro (EUR),19.5375,19.5727
2022-12-07,2022,12,Euro (EUR),19.5015,19.5366
2022-12-08,2022,12,Euro (EUR),19.5764,19.6117
2022-12-09,2022,12,Euro (EUR),19.6684,19.7039
2022-12-12,2022,12,Euro (EUR),19.6386,19.6739
2022-12-13,2022,12,Euro (EUR),19.6382,19.6736
2022-12-14,2022,12,Euro (EUR),19.8349,19.8706
2022-12-15,2022,12,Euro (EUR),19.7985,19.8341
2022-12-16,2022,12,Euro (EUR),19.8114,19.8471
2022-12-19,2022,12,Euro (EUR),19.7925,19.8282
2022-12-20,2022,12,Euro (EUR),19.8025,19.8382
2022-12-21,2022,12,Euro (EUR),19.7987,19.8344
2022-12-22,2022,12,Euro (EUR),19.8354,19.8711
2022-12-23,2022,12,Euro (EUR),19.8044,19.8401
2022-12-26,2022,12,Euro (EUR),19.8324,19.8681
2022-12-27,2022,12,Euro (EUR),19.9087,19.9446
2022-12-28,2022,12,Euro (EUR),19.8946,19.9304
2022-12-29,2022,12,Euro (EUR),19.8816,19.9175
2022-12-30,2022,12,Euro (EUR),19.9349,19.9708
2023-01-02,2023,1,Euro (EUR),19.9806,20.0166
2023-01-03,2023,1,Euro (EUR),19.7818,19.8175
2023-01-04,2023,1,Euro (EUR),19.8472,19.883
2023-01-05,2023,1,Euro (EUR),19.8886,19.9245
2023-01-06,2023,1,Euro (EUR),19.704,19.7395
2023-01-09,2023,1,Euro (EUR),20.0269,20.063
2023-01-10,2023,1,Euro (EUR),20.1386,20.1749
2023-01-11,2023,1,Euro (EUR),20.1528,20.1891
2023-01-12,2023,1,Euro (EUR),20.1858,20.2222
2023-01-13,2023,1,Euro (EUR),20.3386,20.3752
2023-01-16,2023,1,Euro (EUR),20.3163,20.3529
2023-01-17,2023,1,Euro (EUR),20.3157,20.3523
2023-01-18,2023,1,Euro (EUR),20.3329,20.3695
2023-01-19,2023,1,Euro (EUR),20.3054,20.3419
2023-01-20,2023,1,Euro (EUR),20.3419,20.3785
2023-01-23,2023,1,Euro (EUR),20.4768,20.5137
2023-01-24,2023,1,Euro (EUR),20.4142,20.4509
2023-01-25,2023,1,Euro (EUR),20.437,20.4738
2023-01-26,2023,1,Euro (EUR),20.4931,20.5301
2023-01-27,2023,1,Euro (EUR),20.4401,20.4769
2023-01-30,2023,1,Euro (EUR),20.4525,20.4894
2023-01-31,2023,1,Euro (EUR),20.3458,20.3824
2023-02-01,2023,2,Euro (EUR),20.4512,20.488
2023-02-02,2023,2,Euro (EUR),20.6661,20.7033
2023-02-03,2023,2,Euro (EUR),20.5163,20.5532
2023-02-06,2023,2,Euro (EUR),20.2662,20.3028
2023-02-07,2023,2,Euro (EUR),20.1606,20.1969
2023-02-08,2023,2,Euro (EUR),20.2127,20.2492
2023-02-09,2023,2,Euro (EUR),20.2313,20.2677
2023-02-10,2023,2,Euro (EUR),20.1664,20.2027
2023-02-13,2023,2,Euro (EUR),20.0922,20.1284
2023-02-14,2023,2,Euro (EUR),20.2332,20.2697
2023-02-15,2023,2,Euro (EUR),20.1746,20.2109
2023-02-16,2023,2,Euro (EUR),20.1579,20.1942
2023-02-17,2023,2,Euro (EUR),20.0376,20.0737
2023-02-20,2023,2,Euro (EUR),20.1432,20.1795
2023-02-21,2023,2,Euro (EUR),20.095,20.1312
2023-02-22,2023,2,Euro (EUR),20.0599,20.096
2023-02-23,2023,2,Euro (EUR),19.9977,20.0337
2023-02-24,2023,2,Euro (EUR),19.9653,20.0012
2023-02-27,2023,2,Euro (EUR),19.9061,19.9419
2023-02-28,2023,2,Euro (EUR),20.0042,20.0403
2023-03-01,2023,3,Euro (EUR),20.0845,20.1207
2023-03-02,2023,3,Euro (EUR),20.0545,20.0906
2023-03-03,2023,3,Euro (EUR),20.0195,20.0555
2023-03-06,2023,3,Euro (EUR),20.0857,20.1219
2023-03-07,2023,3,Euro (EUR),20.1549,20.1913
2023-03-08,2023,3,Euro (EUR),19.9323,19.9682
2023-03-09,2023,3,Euro (EUR),19.9895,20.0256
2023-03-10,2023,3,Euro (EUR),20.0511,20.0872
2023-03-13,2023,3,Euro (EUR),20.2645,20.301
2023-03-14,2023,3,Euro (EUR),20.2927,20.3292
2023-03-15,2023,3,Euro (EUR),20.2523,20.2888
2023-03-16,2023,3,Euro (EUR),20.142,20.1783
2023-03-17,2023,3,Euro (EUR),20.2077,20.2441
2023-03-20,2023,3,Euro (EUR),20.2753,20.3118
2023-03-21,2023,3,Euro (EUR),20.4094,20.4462
2023-03-22,2023,3,Euro (EUR),20.5019,20.5388
2023-03-23,2023,3,Euro (EUR),20.722,20.7593
2023-03-24,2023,3,Euro (EUR),20.5055,20.5424
2023-03-27,2023,3,Euro (EUR),20.5252,20.5622
2023-03-28,2023,3,Euro (EUR),20.6467,20.6839
2023-03-29,2023,3,Euro (EUR),20.7201,20.7575
2023-03-30,2023,3,Euro (EUR),20.8021,20.8396
2023-03-31,2023,3,Euro (EUR),20.845,20.8825
2023-04-03,2023,4,Euro (EUR),20.8074,20.8448
2023-04-04,2023,4,Euro (EUR),20.9597,20.9974
2023-04-05,2023,4,Euro (EUR),21.0501,21.088
2023-04-06,2023,4,Euro (EUR),20.9782,21.016
2023-04-07,2023,4,Euro (EUR),20.9964,21.0342
2023-04-10,2023,4,Euro (EUR),20.981,21.0188
2023-04-11,2023,4,Euro (EUR),21.0043,21.0421
2023-04-12,2023,4,Euro (EUR),21.0741,21.112
2023-04-13,2023,4,Euro (EUR),21.2512,21.2895
2023-04-14,2023,4,Euro (EUR),21.3873,21.4258
2023-04-17,2023,4,Euro (EUR),21.2519,21.2901
2023-04-18,2023,4,Euro (EUR),21.2554,21.2937
2023-04-19,2023,4,Euro (EUR),21.2121,21.2503
2023-04-24,2023,4,Euro (EUR),21.3204,21.3588
2023-04-25,2023,4,Euro (EUR),21.395,21.4335
2023-04-26,2023,4,Euro (EUR),21.4074,21.446
2023-04-27,2023,4,Euro (EUR),21.4403,21.479
2023-04-28,2023,4,Euro (EUR),21.3604,21.3989
2023-05-02,2023,5,Euro (EUR),21.3306,21.369
2023-05-03,2023,5,Euro (EUR),21.4672,21.5059
2023-05-04,2023,5,Euro (EUR),21.5293,21.5681
2023-05-05,2023,5,Euro (EUR),21.4749,21.5136
2023-05-08,2023,5,Euro (EUR),21.5141,21.5528
2023-05-09,2023,5,Euro (EUR),21.4008,21.4394
2023-05-10,2023,5,Euro (EUR),21.3821,21.4207
2023-05-11,2023,5,Euro (EUR),21.3534,21.3919
2023-05-12,2023,5,Euro (EUR),21.3447,21.3831
2023-05-15,2023,5,Euro (EUR),21.3524,21.3909
2023-05-16,2023,5,Euro (EUR),21.4277,21.4663
2023-05-17,2023,5,Euro (EUR),21.3786,21.4171
2023-05-18,2023,5,Euro (EUR),21.3774,21.4159
2023-05-22,2023,5,Euro (EUR),21.4186,21.4572
2023-05-23,2023,5,Euro (EUR),21.3946,21.4332
2023-05-24,2023,5,Euro (EUR),21.3986,21.4372
2023-05-25,2023,5,Euro (EUR),21.3507,21.3891
2023-05-26,2023,5,Euro (EUR),21.4251,21.4637
2023-05-29,2023,5,Euro (EUR),21.4932,21.5319
2023-05-30,2023,5,Euro (EUR),21.7607,21.7999
2023-05-31,2023,5,Euro (EUR),22.0582,22.0979
2023-06-01,2023,6,Euro (EUR),22.1932,22.2332
2023-06-02,2023,6,Euro (EUR),22.4433,22.4837
2023-06-05,2023,6,Euro (EUR),22.6105,22.6513
2023-06-06,2023,6,Euro (EUR),22.9581,22.9995
2023-06-07,2023,6,Euro (EUR),24.6248,24.6692
2023-06-08,2023,6,Euro (EUR),25.0103,25.0553
2023-06-09,2023,6,Euro (EUR),25.2323,25.2777
2023-06-12,2023,6,Euro (EUR),25.4282,25.474
2023-06-13,2023,6,Euro (EUR),25.5302,25.5762
2023-06-14,2023,6,Euro (EUR),25.4842,25.5302
2023-06-15,2023,6,Euro (EUR),25.6004,25.6465
2023-06-16,2023,6,Euro (EUR),25.8807,25.9273
2023-06-19,2023,6,Euro (EUR),25.8186,25.8651
2023-06-20,2023,6,Euro (EUR),25.772,25.8184
2023-06-21,2023,6,Euro (EUR),25.7113,25.7576
2023-06-22,2023,6,Euro (EUR),25.9732,26.0199
2023-06-23,2023,6,Euro (EUR),27.4579,27.5073
2023-06-26,2023,6,Euro (EUR),28.154,28.2048
2023-07-03,2023,7,Euro (EUR),28.3448,28.3958
2023-07-04,2023,7,Euro (EUR),28.3464,28.3975
2023-07-05,2023,7,Euro (EUR),28.3518,28.4028
2023-07-06,2023,7,Euro (EUR),28.3161,28.3671
2023-07-07,2023,7,Euro (EUR),28.337,28.3881
2023-07-10,2023,7,Euro (EUR),28.5515,28.6029
2023-07-11,2023,7,Euro (EUR),28.6913,28.743
2023-07-12,2023,7,Euro (EUR),28.7787,28.8306
2023-07-13,2023,7,Euro (EUR),29.1598,29.2123
2023-07-14,2023,7,Euro (EUR),29.339,29.3919
2023-07-17,2023,7,Euro (EUR),29.4868,29.5399
2023-07-18,2023,7,Euro (EUR),30.1791,30.2334
2023-07-19,2023,7,Euro (EUR),30.183,30.2374
2023-07-20,2023,7,Euro (EUR),30.1356,30.1899
2023-07-21,2023,7,Euro (EUR),29.929,29.9829
2023-07-24,2023,7,Euro (EUR),29.8646,29.9184
2023-07-25,2023,7,Euro (EUR),29.7778,29.8315
2023-07-26,2023,7,Euro (EUR),29.8139,29.8676
2023-07-27,2023,7,Euro (EUR),29.9756,30.0296
2023-07-28,2023,7,Euro (EUR),29.57,29.6233
2023-07-31,2023,7,Euro (EUR),29.6989,29.7524
2023-08-01,2023,8,Euro (EUR),29.5733,29.6265
2023-08-02,2023,8,Euro (EUR),29.5887,29.642
2023-08-03,2023,8,Euro (EUR),29.4507,29.5038
2023-08-04,2023,8,Euro (EUR),29.4979,29.5511
2023-08-07,2023,8,Euro (EUR),29.6034,29.6567
2023-08-08,2023,8,Euro (EUR),29.6024,29.6557
2023-08-09,2023,8,Euro (EUR),29.6279,29.6812
2023-08-10,2023,8,Euro (EUR),29.7365,29.79
2023-08-11,2023,8,Euro (EUR),29.6845,29.7379
2023-08-14,2023,8,Euro (EUR),29.5687,29.622
2023-08-15,2023,8,Euro (EUR),29.5353,29.5885
2023-08-16,2023,8,Euro (EUR),29.516,29.5692
2023-08-17,2023,8,Euro (EUR),29.455,29.5081
2023-08-18,2023,8,Euro (EUR),29.4092,29.4622
2023-08-21,2023,8,Euro (EUR),29.5518,29.605
2023-08-22,2023,8,Euro (EUR),29.6274,29.6808
2023-08-23,2023,8,Euro (EUR),29.4062,29.4592
2023-08-24,2023,8,Euro (EUR),29.4057,29.4586
2023-08-25,2023,8,Euro (EUR),28.4899,28.5412
2023-08-28,2023,8,Euro (EUR),28.6712,28.7228
2023-08-29,2023,8,Euro (EUR),28.7308,28.7825
2023-08-31,2023,8,Euro (EUR),29.0184,29.0706
2023-09-01,2023,9,Euro (EUR),28.9377,28.9899
2023-09-04,2023,9,Euro (EUR),28.866,28.918
2023-09-05,2023,9,Euro (EUR),28.7642,28.816
2023-09-06,2023,9,Euro (EUR),28.7368,28.7886
2023-09-07,2023,9,Euro (EUR),28.7117,28.7635
2023-09-08,2023,9,Euro (EUR),28.7034,28.7551
2023-09-11,2023,9,Euro (EUR),28.797,28.8489
2023-09-12,2023,9,Euro (EUR),28.7911,28.8429
2023-09-13,2023,9,Euro (EUR),28.8851,28.9372
2023-09-14,2023,9,Euro (EUR),28.8817,28.9337
2023-09-15,2023,9,Euro (EUR),28.7098,28.7616
2023-09-18,2023,9,Euro (EUR),28.7754,28.8273
2023-09-19,2023,9,Euro (EUR),28.864,28.916
2023-09-20,2023,9,Euro (EUR),28.8676,28.9196
2023-09-21,2023,9,Euro (EUR),28.7571,28.809
2023-09-22,2023,9,Euro (EUR),28.8483,28.9003
2023-09-25,2023,9,Euro (EUR),28.9027,28.9548
2023-09-26,2023,9,Euro (EUR),28.8183,28.8702
2023-09-27,2023,9,Euro (EUR),28.7853,28.8372
2023-09-28,2023,9,Euro (EUR),28.8083,28.8602
2023-09-29,2023,9,Euro (EUR),29.0305,29.0828
2023-10-02,2023,10,Euro (EUR),28.928,28.9802
2023-10-03,2023,10,Euro (EUR),28.7674,28.8193
2023-10-04,2023,10,Euro (EUR),28.8765,28.9285
2023-10-05,2023,10,Euro (EUR),28.9346,28.9867
2023-10-06,2023,10,Euro (EUR),29.0769,29.1293
2023-10-09,2023,10,Euro (EUR),29.127,29.1795
2023-10-10,2023,10,Euro (EUR),29.297,29.3497
2023-10-11,2023,10,Euro (EUR),29.3644,29.4173
2023-10-12,2023,10,Euro (EUR),29.4343,29.4874
2023-10-13,2023,10,Euro (EUR),29.2306,29.2832
2023-10-16,2023,10,Euro (EUR),29.3261,29.3789
2023-10-17,2023,10,Euro (EUR),29.4057,29.4587
2023-10-18,2023,10,Euro (EUR),29.563,29.6163
2023-10-19,2023,10,Euro (EUR),29.4883,29.5414
2023-10-20,2023,10,Euro (EUR),29.6017,29.655
2023-10-23,2023,10,Euro (EUR),29.683,29.7364
2023-10-24,2023,10,Euro (EUR),29.8745,29.9284
2023-10-25,2023,10,Euro (EUR),29.7098,29.7633
2023-10-26,2023,10,Euro (EUR),29.6253,29.6786
2023-10-27,2023,10,Euro (EUR),29.6896,29.7431
2023-10-30,2023,10,Euro (EUR),29.8143,29.8681
2023-10-31,2023,10,Euro (EUR),30.0552,30.1094
2023-11-01,2023,11,Euro (EUR),29.8539,29.9077
2023-11-02,2023,11,Euro (EUR),30.0503,30.1044
2023-11-03,2023,11,Euro (EUR),30.1554,30.2097
2023-11-06,2023,11,Euro (EUR),30.5031,30.558
2023-11-07,2023,11,Euro (EUR),30.3973,30.4521
2023-11-08,2023,11,Euro (EUR),30.3965,30.4513
2023-11-09,2023,11,Euro (EUR),30.463,30.5179
2023-11-10,2023,11,Euro (EUR),30.4047,30.4594
2023-11-13,2023,11,Euro (EUR),30.5159,30.5709
2023-11-14,2023,11,Euro (EUR),30.6117,30.6669
2023-11-15,2023,11,Euro (EUR),31.0926,31.1486
2023-11-16,2023,11,Euro (EUR),31.081,31.137
2023-11-17,2023,11,Euro (EUR),31.1086,31.1647
2023-11-20,2023,11,Euro (EUR),31.355,31.4115
2023-11-21,2023,11,Euro (EUR),31.4725,31.5292
2023-11-22,2023,11,Euro (EUR),31.3523,31.4087
2023-11-23,2023,11,Euro (EUR),31.4156,31.4722
2023-11-24,2023,11,Euro (EUR),31.4311,31.4878
2023-11-27,2023,11,Euro (EUR),31.5995,31.6564
2023-11-28,2023,11,Euro (EUR),31.6139,31.6708
2023-11-29,2023,11,Euro (EUR),31.7037,31.7608
2023-11-30,2023,11,Euro (EUR),31.5154,31.5722
2023-12-01,2023,12,Euro (EUR),31.4437,31.5003
2023-12-04,2023,12,Euro (EUR),31.3515,31.408
2023-12-05,2023,12,Euro (EUR),31.2561,31.3125
2023-12-06,2023,12,Euro (EUR),31.1547,31.2108
2023-12-07,2023,12,Euro (EUR),31.1103,31.1663
2023-12-08,2023,12,Euro (EUR),31.1567,31.2129
2023-12-11,2023,12,Euro (EUR),31.1556,31.2118
2023-12-12,2023,12,Euro (EUR),31.2629,31.3192
2023-12-13,2023,12,Euro (EUR),31.2806,31.337
2023-12-14,2023,12,Euro (EUR),31.6038,31.6607
2023-12-15,2023,12,Euro (EUR),31.8017,31.859
2023-12-18,2023,12,Euro (EUR),31.6644,31.7214
2023-12-19,2023,12,Euro (EUR),31.7461,31.8033
2023-12-20,2023,12,Euro (EUR),31.8497,31.9071
2023-12-21,2023,12,Euro (EUR),31.8579,31.9153
2023-12-22,2023,12,Euro (EUR),32.0726,32.1304
2023-12-25,2023,12,Euro (EUR),32.1766,32.2346
2023-12-26,2023,12,Euro (EUR),32.2421,32.3002
2023-12-27,2023,12,Euro (EUR),32.4186,32.477
2023-12-28,2023,12,Euro (EUR),32.6937,32.7526
2023-12-29,2023,12,Euro (EUR),32.5739,32.6326
2024-01-02,2024,1,Euro (EUR),32.6671,32.726
2024-01-03,2024,1,Euro (EUR),32.5431,32.6017
2024-01-04,2024,1,Euro (EUR),32.569,32.6277
2024-01-05,2024,1,Euro (EUR),32.4987,32.5572
2024-01-08,2024,1,Euro (EUR),32.6401,32.6989
2024-01-09,2024,1,Euro (EUR),32.7049,32.7638
2024-01-10,2024,1,Euro (EUR),32.724,32.7829
2024-01-11,2024,1,Euro (EUR),32.88,32.9393
2024-01-12,2024,1,Euro (EUR),32.9124,32.9717
2024-01-15,2024,1,Euro (EUR),32.9036,32.9629
2024-01-16,2024,1,Euro (EUR),32.751,32.81
2024-01-17,2024,1,Euro (EUR),32.6911,32.75
2024-01-18,2024,1,Euro (EUR),32.7618,32.8208
2024-01-19,2024,1,Euro (EUR),32.7771,32.8362
2024-01-22,2024,1,Euro (EUR),32.881,32.9403
2024-01-23,2024,1,Euro (EUR),32.9087,32.968
2024-01-24,2024,1,Euro (EUR),32.8837,32.943
2024-01-25,2024,1,Euro (EUR),32.9166,32.9759
2024-01-26,2024,1,Euro (EUR),32.7904,32.8494
2024-01-29,2024,1,Euro (EUR),32.8013,32.8604
2024-01-30,2024,1,Euro (EUR),32.8144,32.8735
2024-01-31,2024,1,Euro (EUR),32.7884,32.8475
2024-02-01,2024,2,Euro (EUR),32.7217,32.7807
2024-02-02,2024,2,Euro (EUR),33.0537,33.1132
2024-02-05,2024,2,Euro (EUR),32.8052,32.8643
2024-02-06,2024,2,Euro (EUR),32.7691,32.8281
2024-02-07,2024,2,Euro (EUR),32.8771,32.9364
2024-02-08,2024,2,Euro (EUR),32.9071,32.9664
2024-02-09,2024,2,Euro (EUR),32.9634,33.0227
2024-02-12,2024,2,Euro (EUR),33.0244,33.0839
2024-02-13,2024,2,Euro (EUR),33.034,33.0936
2024-02-14,2024,2,Euro (EUR),32.851,32.9102
2024-02-15,2024,2,Euro (EUR),32.9473,33.0067
2024-02-16,2024,2,Euro (EUR),33.0805,33.1401
2024-02-19,2024,2,Euro (EUR),33.2036,33.2634
2024-02-20,2024,2,Euro (EUR),33.264,33.3239
2024-02-21,2024,2,Euro (EUR),33.3931,33.4533
2024-02-22,2024,2,Euro (EUR),33.6051,33.6657
2024-02-23,2024,2,Euro (EUR),33.562,33.6225
2024-02-26,2024,2,Euro (EUR),33.6453,33.706
2024-02-27,2024,2,Euro (EUR),33.7284,33.7892
2024-02-28,2024,2,Euro (EUR),33.6543,33.7149
2024-02-29,2024,2,Euro (EUR),33.7686,33.8294
2024-03-01,2024,3,Euro (EUR),33.7797,33.8406
2024-03-04,2024,3,Euro (EUR),34.0791,34.1405
2024-03-05,2024,3,Euro (EUR),34.2228,34.2845
2024-03-06,2024,3,Euro (EUR),34.4186,34.4806
2024-03-07,2024,3,Euro (EUR),34.6296,34.692
2024-03-08,2024,3,Euro (EUR),34.8478,34.9106
2024-03-11,2024,3,Euro (EUR),34.9442,35.0072
2024-03-12,2024,3,Euro (EUR),34.9675,35.0305
2024-03-13,2024,3,Euro (EUR),35.0183,35.0814
2024-03-14,2024,3,Euro (EUR),35.0739,35.1371
2024-03-15,2024,3,Euro (EUR),34.9733,35.0363
2024-03-18,2024,3,Euro (EUR),35.1355,35.1988
2024-03-19,2024,3,Euro (EUR),35.0236,35.0867
2024-03-20,2024,3,Euro (EUR),35.082,35.1452
2024-03-21,2024,3,Euro (EUR),35.2734,35.337
2024-03-22,2024,3,Euro (EUR),34.5875,34.6498
2024-03-25,2024,3,Euro (EUR),34.6819,34.7444
2024-03-26,2024,3,Euro (EUR),34.8336,34.8963
2024-03-27,2024,3,Euro (EUR),34.8285,34.8912
2024-03-28,2024,3,Euro (EUR),34.8189,34.8816
2024-03-29,2024,3,Euro (EUR),34.8023,34.865
2024-04-01,2024,4,Euro (EUR),34.8992,34.9621
2024-04-02,2024,4,Euro (EUR),34.5081,34.5703
2024-04-03,2024,4,Euro (EUR),34.4097,34.4717
2024-04-04,2024,4,Euro (EUR),34.5629,34.6252
2024-04-05,2024,4,Euro (EUR),34.5892,34.6515
2024-04-08,2024,4,Euro (EUR),34.659,34.7215
2024-04-15,2024,4,Euro (EUR),34.4475,34.5096
2024-04-16,2024,4,Euro (EUR),34.4266,34.4887
2024-04-17,2024,4,Euro (EUR),34.5266,34.5888
2024-04-18,2024,4,Euro (EUR),34.6559,34.7183
2024-04-19,2024,4,Euro (EUR),34.6254,34.6878
2024-04-22,2024,4,Euro (EUR),34.6207,34.683
2024-04-24,2024,4,Euro (EUR),34.7084,34.771
2024-04-25,2024,4,Euro (EUR),34.8231,34.8859
2024-04-26,2024,4,Euro (EUR),34.8255,34.8882
2024-04-29,2024,4,Euro (EUR),34.6487,34.7111
2024-04-30,2024,4,Euro (EUR),34.623,34.6854
2024-05-02,2024,5,Euro (EUR),34.6073,34.6697
2024-05-03,2024,5,Euro (EUR),34.6335,34.6959
2024-05-06,2024,5,Euro (EUR),34.6993,34.7618
2024-05-07,2024,5,Euro (EUR),34.6708,34.7333
2024-05-08,2024,5,Euro (EUR),34.6075,34.6698
2024-05-09,2024,5,Euro (EUR),34.5334,34.5957
2024-05-10,2024,5,Euro (EUR),34.66,34.7224
2024-05-13,2024,5,Euro (EUR),34.6591,34.7216
2024-05-14,2024,5,Euro (EUR),34.7388,34.8014
2024-05-15,2024,5,Euro (EUR),34.8985,34.9614
2024-05-16,2024,5,Euro (EUR),34.9622,35.0252
2024-05-17,2024,5,Euro (EUR),34.9265,34.9894
2024-05-20,2024,5,Euro (EUR),34.9565,35.0195
2024-05-21,2024,5,Euro (EUR),34.9438,35.0067
2024-05-22,2024,5,Euro (EUR),34.8394,34.9022
2024-05-23,2024,5,Euro (EUR),34.8413,34.904
2024-05-24,2024,5,Euro (EUR),34.8089,34.8717
2024-05-27,2024,5,Euro (EUR),34.882,34.9449
2024-05-28,2024,5,Euro (EUR),34.9383,35.0013
2024-05-29,2024,5,Euro (EUR),34.918,34.9809
2024-05-30,2024,5,Euro (EUR),34.8654,34.9282
2024-05-31,2024,5,Euro (EUR),34.8283,34.891
2024-06-03,2024,6,Euro (EUR),34.8607,34.9235
2024-06-04,2024,6,Euro (EUR),35.1019,35.1652
2024-06-05,2024,6,Euro (EUR),35.2869,35.3504
2024-06-06,2024,6,Euro (EUR),34.9997,35.0628
2024-06-07,2024,6,Euro (EUR),35.0641,35.1273
2024-06-10,2024,6,Euro (EUR),34.8022,34.8649
2024-06-11,2024,6,Euro (EUR),34.7345,34.7971
2024-06-12,2024,6,Euro (EUR),34.7349,34.7975
2024-06-13,2024,6,Euro (EUR),34.8106,34.8734
2024-06-14,2024,6,Euro (EUR),34.7319,34.7944
2024-06-20,2024,6,Euro (EUR),34.929,34.9919
2024-06-21,2024,6,Euro (EUR),35.0464,35.1096
2024-06-24,2024,6,Euro (EUR),35.1702,35.2336
2024-06-25,2024,6,Euro (EUR),35.2869,35.3505
2024-06-26,2024,6,Euro (EUR),35.1801,35.2435
2024-06-27,2024,6,Euro (EUR),35.1212,35.1845
2024-06-28,2024,6,Euro (EUR),35.1284,35.1917
2024-07-01,2024,7,Euro (EUR),35.0939,35.1571
2024-07-02,2024,7,Euro (EUR),34.9759,35.0389
2024-07-03,2024,7,Euro (EUR),34.9499,35.0129
2024-07-04,2024,7,Euro (EUR),35.0933,35.1566
2024-07-05,2024,7,Euro (EUR),35.3205,35.3841
2024-07-08,2024,7,Euro (EUR),35.3604,35.4241
2024-07-09,2024,7,Euro (EUR),35.4241,35.488
2024-07-10,2024,7,Euro (EUR),35.5812,35.6453
2024-07-11,2024,7,Euro (EUR),35.6229,35.6871
2024-07-12,2024,7,Euro (EUR),35.8082,35.8727
2024-07-16,2024,7,Euro (EUR),35.9882,36.053
2024-07-17,2024,7,Euro (EUR),36.0984,36.1634
2024-07-18,2024,7,Euro (EUR),36.1143,36.1794
2024-07-19,2024,7,Euro (EUR),35.9251,35.9898
2024-07-22,2024,7,Euro (EUR),35.8679,35.9325
2024-07-23,2024,7,Euro (EUR),35.7444,35.8088
2024-07-24,2024,7,Euro (EUR),35.5656,35.6297
2024-07-25,2024,7,Euro (EUR),35.7759,35.8404
2024-07-26,2024,7,Euro (EUR),35.7732,35.8377
2024-07-29,2024,7,Euro (EUR),35.711,35.7754
2024-07-30,2024,7,Euro (EUR),35.7612,35.8256
2024-07-31,2024,7,Euro (EUR),35.8145,35.879
2024-08-01,2024,8,Euro (EUR),35.7005,35.7648
2024-08-02,2024,8,Euro (EUR),35.7726,35.8371
2024-08-05,2024,8,Euro (EUR),36.3998,36.4654
2024-08-06,2024,8,Euro (EUR),36.4783,36.544
2024-08-07,2024,8,Euro (EUR),36.5731,36.639
2024-08-08,2024,8,Euro (EUR),36.5702,36.6361
2024-08-09,2024,8,Euro (EUR),36.5382,36.604
2024-08-12,2024,8,Euro (EUR),36.5777,36.6436
2024-08-13,2024,8,Euro (EUR),36.5968,36.6627
2024-08-14,2024,8,Euro (EUR),36.886,36.9525
2024-08-15,2024,8,Euro (EUR),36.9715,37.0381
2024-08-16,2024,8,Euro (EUR),36.9281,36.9946
2024-08-19,2024,8,Euro (EUR),37.1497,37.2166
2024-08-20,2024,8,Euro (EUR),37.3963,37.4637
2024-08-21,2024,8,Euro (EUR),37.6305,37.6983
2024-08-22,2024,8,Euro (EUR),37.7158,37.7838
2024-08-23,2024,8,Euro (EUR),37.6852,37.7531
2024-08-26,2024,8,Euro (EUR),37.9171,37.9854
2024-08-27,2024,8,Euro (EUR),37.9118,37.9801
2024-08-28,2024,8,Euro (EUR),37.8261,37.8943
2024-08-29,2024,8,Euro (EUR),37.6723,37.7402
2024-09-02,2024,9,Euro (EUR),37.5346,37.6022
2024-09-03,2024,9,Euro (EUR),37.4322,37.4996
2024-09-04,2024,9,Euro (EUR),37.5501,37.6177
2024-09-05,2024,9,Euro (EUR),37.616,37.6837
2024-09-06,2024,9,Euro (EUR),37.6683,37.7362
2024-09-09,2024,9,Euro (EUR),37.5419,37.6095
2024-09-10,2024,9,Euro (EUR),37.5231,37.5907
2024-09-11,2024,9,Euro (EUR),37.4837,37.5513
2024-09-12,2024,9,Euro (EUR),37.3343,37.4015
2024-09-13,2024,9,Euro (EUR),37.4964,37.564
2024-09-16,2024,9,Euro (EUR),37.6852,37.7531
2024-09-17,2024,9,Euro (EUR),37.8255,37.8936
2024-09-18,2024,9,Euro (EUR),37.8693,37.9375
2024-09-19,2024,9,Euro (EUR),37.9182,37.9865
2024-09-20,2024,9,Euro (EUR),37.9058,37.974
2024-09-23,2024,9,Euro (EUR),37.8615,37.9298
2024-09-24,2024,9,Euro (EUR),37.9305,37.9988
2024-09-25,2024,9,Euro (EUR),38.1426,38.2113
2024-09-26,2024,9,Euro (EUR),38.0092,38.0777
2024-09-27,2024,9,Euro (EUR),38.018,38.0865
2024-09-30,2024,9,Euro (EUR),38.1714,38.2402
2024-10-01,2024,10,Euro (EUR),37.889,37.9573
2024-10-02,2024,10,Euro (EUR),37.808,37.8761
2024-10-03,2024,10,Euro (EUR),37.6544,37.7222
2024-10-04,2024,10,Euro (EUR),37.6516,37.7195
2024-10-07,2024,10,Euro (EUR),37.4998,37.5673
2024-10-08,2024,10,Euro (EUR),37.5932,37.6609
2024-10-09,2024,10,Euro (EUR),37.4829,37.5505
2024-10-10,2024,10,Euro (EUR),37.3463,37.4136
2024-10-11,2024,10,Euro (EUR),37.373,37.4403
2024-10-14,2024,10,Euro (EUR),37.3644,37.4317
2024-10-15,2024,10,Euro (EUR),37.2908,37.358
2024-10-16,2024,10,Euro (EUR),37.1938,37.2608
2024-10-17,2024,10,Euro (EUR),37.0392,37.1059
2024-10-18,2024,10,Euro (EUR),37.0621,37.1289
2024-10-21,2024,10,Euro (EUR),37.0871,37.1539
2024-10-22,2024,10,Euro (EUR),37.0035,37.0702
2024-10-23,2024,10,Euro (EUR),36.8722,36.9386
2024-10-24,2024,10,Euro (EUR),36.9095,36.976
2024-10-25,2024,10,Euro (EUR),36.9993,37.066
2024-10-30,2024,10,Euro (EUR),37.0474,37.1142
2024-10-31,2024,10,Euro (EUR),37.1235,37.1904
2024-11-01,2024,11,Euro (EUR),37.1848,37.2518
2024-11-04,2024,11,Euro (EUR),37.3528,37.4201
2024-11-05,2024,11,Euro (EUR),37.3363,37.4035
2024-11-06,2024,11,Euro (EUR),36.7154,36.7815
2024-11-07,2024,11,Euro (EUR),36.7576,36.8238
2024-11-08,2024,11,Euro (EUR),36.9321,36.9987
2024-11-11,2024,11,Euro (EUR),36.6384,36.7044
2024-11-12,2024,11,Euro (EUR),36.4642,36.5299
2024-11-13,2024,11,Euro (EUR),36.4323,36.4979
2024-11-14,2024,11,Euro (EUR),36.1255,36.1906
2024-11-15,2024,11,Euro (EUR),36.2766,36.3419
2024-11-18,2024,11,Euro (EUR),36.3227,36.3881
2024-11-19,2024,11,Euro (EUR),36.4813,36.5471
2024-11-20,2024,11,Euro (EUR),36.3826,36.4482
2024-11-21,2024,11,Euro (EUR),36.2759,36.3412
2024-11-22,2024,11,Euro (EUR),35.9849,36.0497
2024-11-25,2024,11,Euro (EUR),36.1612,36.2263
2024-11-26,2024,11,Euro (EUR),36.2891,36.3545
2024-11-27,2024,11,Euro (EUR),36.3371,36.4026
2024-11-28,2024,11,Euro (EUR),36.4509,36.5166
2024-11-29,2024,11,Euro (EUR),36.5473,36.6131
2024-12-02,2024,12,Euro (EUR),36.4313,36.497
2024-12-03,2024,12,Euro (EUR),36.4494,36.5151
2024-12-04,2024,12,Euro (EUR),36.439,36.5046
2024-12-05,2024,12,Euro (EUR),36.5136,36.5794
2024-12-06,2024,12,Euro (EUR),36.7174,36.7836
2024-12-09,2024,12,Euro (EUR),36.715,36.7811
2024-12-10,2024,12,Euro (EUR),36.6602,36.7262
2024-12-11,2024,12,Euro (EUR),36.5548,36.6207
2024-12-12,2024,12,Euro (EUR),36.5873,36.6532
2024-12-13,2024,12,Euro (EUR),36.5216,36.5874
2024-12-16,2024,12,Euro (EUR),36.6498,36.7158
2024-12-17,2024,12,Euro (EUR),36.6424,36.7084
2024-12-18,2024,12,Euro (EUR),36.6959,36.762
2024-12-19,2024,12,Euro (EUR),36.4134,36.479
2024-12-20,2024,12,Euro (EUR),36.4162,36.4818
2024-12-23,2024,12,Euro (EUR),36.5473,36.6132
2024-12-24,2024,12,Euro (EUR),36.5693,36.6351
2024-12-25,2024,12,Euro (EUR),36.6592,36.7252
2024-12-26,2024,12,Euro (EUR),36.6076,36.6736
2024-12-27,2024,12,Euro (EUR),36.6134,36.6794
2024-12-30,2024,12,Euro (EUR),36.7429,36.8091
2024-12-31,2024,12,Euro (EUR),36.7362,36.8024
2025-01-02,2025,1,Euro (EUR),36.4804,36.5462
2025-01-03,2025,1,Euro (EUR),36.2762,36.3416
2025-01-06,2025,1,Euro (EUR),36.5264,36.5922
2025-01-07,2025,1,Euro (EUR),36.7501,36.8163
2025-01-08,2025,1,Euro (EUR),36.459,36.5247
2025-01-09,2025,1,Euro (EUR),36.3567,36.4222
2025-01-10,2025,1,Euro (EUR),36.3871,36.4527
2025-01-13,2025,1,Euro (EUR),36.1555,36.2207
2025-01-14,2025,1,Euro (EUR),36.3401,36.4055
2025-01-15,2025,1,Euro (EUR),36.5032,36.5689
2025-01-16,2025,1,Euro (EUR),36.4274,36.493
2025-01-17,2025,1,Euro (EUR),36.4604,36.5261
2025-01-20,2025,1,Euro (EUR),36.6347,36.7007
2025-01-21,2025,1,Euro (EUR),36.832,36.8984
2025-01-22,2025,1,Euro (EUR),37.1109,37.1778
2025-01-23,2025,1,Euro (EUR),37.0294,37.0961
2025-01-24,2025,1,Euro (EUR),37.3073,37.3745
2025-01-27,2025,1,Euro (EUR),37.3915,37.4589
2025-01-28,2025,1,Euro (EUR),37.2335,37.3005
2025-01-29,2025,1,Euro (EUR),37.1865,37.2534
2025-01-30,2025,1,Euro (EUR),37.1844,37.2514
2025-01-31,2025,1,Euro (EUR),37.1461,37.213
2025-02-03,2025,2,Euro (EUR),36.763,36.8292
2025-02-04,2025,2,Euro (EUR),37.0822,37.149
2025-02-05,2025,2,Euro (EUR),37.3222,37.3894
2025-02-06,2025,2,Euro (EUR),37.1584,37.2254
2025-02-07,2025,2,Euro (EUR),37.2933,37.3605
2025-02-10,2025,2,Euro (EUR),37.1016,37.1685
2025-02-11,2025,2,Euro (EUR),37.0881,37.155
2025-02-12,2025,2,Euro (EUR),37.3666,37.4339
2025-02-13,2025,2,Euro (EUR),37.5557,37.6234
2025-02-14,2025,2,Euro (EUR),37.7997,37.8678
2025-02-17,2025,2,Euro (EUR),37.8966,37.9649
2025-02-18,2025,2,Euro (EUR),37.8678,37.936
2025-02-19,2025,2,Euro (EUR),37.812,37.8801
2025-02-20,2025,2,Euro (EUR),37.8218,37.89
2025-02-21,2025,2,Euro (EUR),38.0381,38.1067
2025-02-24,2025,2,Euro (EUR),38.1135,38.1822
2025-02-25,2025,2,Euro (EUR),38.1144,38.183
2025-02-26,2025,2,Euro (EUR),38.1763,38.2451
2025-02-27,2025,2,Euro (EUR),38.104,38.1727
2025-02-28,2025,2,Euro (EUR),37.8234,37.8915
2025-03-03,2025,3,Euro (EUR),37.9507,38.0191
2025-03-04,2025,3,Euro (EUR),38.2606,38.3295
2025-03-05,2025,3,Euro (EUR),38.8476,38.9176
2025-03-06,2025,3,Euro (EUR),39.2821,39.3528
2025-03-07,2025,3,Euro (EUR),39.387,39.458
2025-03-10,2025,3,Euro (EUR),39.5144,39.5856
2025-03-11,2025,3,Euro (EUR),39.7755,39.8471
2025-03-12,2025,3,Euro (EUR),39.8506,39.9224
2025-03-13,2025,3,Euro (EUR),39.7179,39.7895
2025-03-14,2025,3,Euro (EUR),39.6843,39.7558
2025-03-17,2025,3,Euro (EUR),39.8766,39.9484
2025-03-18,2025,3,Euro (EUR),40.0133,40.0854
2025-03-19,2025,3,Euro (EUR),41.4214,41.496
2025-03-20,2025,3,Euro (EUR),41.1915,41.2657
2025-03-21,2025,3,Euro (EUR),41.0195,41.0934
2025-03-24,2025,3,Euro (EUR),41.04,41.1139
2025-03-25,2025,3,Euro (EUR),40.9489,41.0227
2025-03-26,2025,3,Euro (EUR),40.9326,41.0064
2025-03-27,2025,3,Euro (EUR),40.874,40.9476
2025-03-28,2025,3,Euro (EUR),40.7019,40.7753
2025-04-02,2025,4,Euro (EUR),40.8746,40.9482
2025-04-03,2025,4,Euro (EUR),41.74,41.8152
2025-04-04,2025,4,Euro (EUR),41.7115,41.7867
2025-04-07,2025,4,Euro (EUR),41.6552,41.7303
2025-04-08,2025,4,Euro (EUR),41.4822,41.5569
2025-04-09,2025,4,Euro (EUR),41.871,41.9465
2025-04-10,2025,4,Euro (EUR),41.8133,41.8886
2025-04-11,2025,4,Euro (EUR),43.0405,43.1181
2025-04-14,2025,4,Euro (EUR),43.2496,43.3275
2025-04-15,2025,4,Euro (EUR),43.101,43.1786
2025-04-16,2025,4,Euro (EUR),43.2457,43.3237
2025-04-17,2025,4,Euro (EUR),43.2644,43.3424
2025-04-18,2025,4,Euro (EUR),43.2143,43.2922
2025-04-21,2025,4,Euro (EUR),43.9857,44.065
2025-04-22,2025,4,Euro (EUR),43.8343,43.9133
2025-04-24,2025,4,Euro (EUR),43.485,43.5633
2025-04-25,2025,4,Euro (EUR),43.4132,43.4914
2025-04-28,2025,4,Euro (EUR),43.5309,43.6093
2025-04-29,2025,4,Euro (EUR),43.6858,43.7645
2025-04-30,2025,4,Euro (EUR),43.6361,43.7147
2025-05-02,2025,5,Euro (EUR),43.496,43.5744
2025-05-05,2025,5,Euro (EUR),43.6421,43.7207
2025-05-06,2025,5,Euro (EUR),43.6354,43.714
2025-05-07,2025,5,Euro (EUR),43.809,43.8879
2025-05-08,2025,5,Euro (EUR),43.5242,43.6027
2025-05-09,2025,5,Euro (EUR),43.3914,43.4696
2025-05-12,2025,5,Euro (EUR),43.0404,43.1179
2025-05-13,2025,5,Euro (EUR),43.0087,43.0862
2025-05-14,2025,5,Euro (EUR),43.4288,43.507
2025-05-15,2025,5,Euro (EUR),43.2847,43.3626
2025-05-16,2025,5,Euro (EUR),43.2309,43.3087
2025-05-20,2025,5,Euro (EUR),43.6422,43.7208
2025-05-21,2025,5,Euro (EUR),43.9134,43.9925
2025-05-22,2025,5,Euro (EUR),43.8666,43.9456
2025-05-23,2025,5,Euro (EUR),44.0028,44.082
2025-05-26,2025,5,Euro (EUR),44.2855,44.3653
2025-05-27,2025,5,Euro (EUR),44.1526,44.2322
2025-05-28,2025,5,Euro (EUR),44.1399,44.2194
2025-05-29,2025,5,Euro (EUR),43.9996,44.0789
2025-05-30,2025,5,Euro (EUR),44.2706,44.3503
2025-06-02,2025,6,Euro (EUR),44.6554,44.7358
2025-06-03,2025,6,Euro (EUR),44.5878,44.6681
2025-06-04,2025,6,Euro (EUR),44.4673,44.5474
2025-06-10,2025,6,Euro (EUR),44.6599,44.7404
2025-06-11,2025,6,Euro (EUR),44.7047,44.7853
2025-06-12,2025,6,Euro (EUR),45.3249,45.4066
2025-06-13,2025,6,Euro (EUR),45.2384,45.3199
2025-06-16,2025,6,Euro (EUR),45.5225,45.6046
2025-06-17,2025,6,Euro (EUR),45.4312,45.513
2025-06-18,2025,6,Euro (EUR),45.357,45.4387
2025-06-19,2025,6,Euro (EUR),45.2939,45.3755
2025-06-20,2025,6,Euro (EUR),45.5548,45.6369
2025-06-23,2025,6,Euro (EUR),45.526,45.608
2025-06-24,2025,6,Euro (EUR),45.8819,45.9646
2025-06-25,2025,6,Euro (EUR),45.9946,46.0775
2025-06-26,2025,6,Euro (EUR),46.4941,46.5778
2025-06-27,2025,6,Euro (EUR),46.5526,46.6364
2025-06-30,2025,6,Euro (EUR),46.6074,46.6913
2025-07-01,2025,7,Euro (EUR),46.9375,47.0221
2025-07-02,2025,7,Euro (EUR),46.7606,46.8448
2025-07-03,2025,7,Euro (EUR),46.8004,46.8847
2025-07-04,2025,7,Euro (EUR),46.7222,46.8064
2025-07-07,2025,7,Euro (EUR),46.8302,46.9146
2025-07-08,2025,7,Euro (EUR),46.8836,46.9681
2025-07-09,2025,7,Euro (EUR),46.7923,46.8766
2025-07-10,2025,7,Euro (EUR),46.8833,46.9678
2025-07-11,2025,7,Euro (EUR),46.7575,46.8417
2025-07-14,2025,7,Euro (EUR),46.8415,46.9259
2025-07-16,2025,7,Euro (EUR),46.6624,46.7464
2025-07-17,2025,7,Euro (EUR),46.5844,46.6683
2025-07-18,2025,7,Euro (EUR),46.7999,46.8842
2025-07-21,2025,7,Euro (EUR),46.9527,47.0373
2025-07-22,2025,7,Euro (EUR),47.1822,47.2672
2025-07-23,2025,7,Euro (EUR),47.3692,47.4545
2025-07-24,2025,7,Euro (EUR),47.4843,47.5698
2025-07-25,2025,7,Euro (EUR),47.4217,47.5072
2025-07-28,2025,7,Euro (EUR),47.2531,47.3382
2025-07-29,2025,7,Euro (EUR),46.8015,46.8858
2025-07-30,2025,7,Euro (EUR),46.7684,46.8526
2025-07-31,2025,7,Euro (EUR),46.374,46.4576
2025-08-01,2025,8,Euro (EUR),46.2407,46.324
2025-08-04,2025,8,Euro (EUR),46.9544,47.039
2025-08-05,2025,8,Euro (EUR),46.8689,46.9533
2025-08-06,2025,8,Euro (EUR),47.0414,47.1262
2025-08-07,2025,8,Euro (EUR),47.3672,47.4525
2025-08-08,2025,8,Euro (EUR),47.2245,47.3096
2025-08-11,2025,8,Euro (EUR),47.326,47.4113
2025-08-12,2025,8,Euro (EUR),47.1846,47.2696
2025-08-13,2025,8,Euro (EUR),47.6222,47.708
2025-08-14,2025,8,Euro (EUR),47.5612,47.6468
2025-08-15,2025,8,Euro (EUR),47.5864,47.6721
2025-08-18,2025,8,Euro (EUR),47.6755,47.7614
2025-08-19,2025,8,Euro (EUR),47.6745,47.7604
2025-08-20,2025,8,Euro (EUR),47.5457,47.6314
2025-08-21,2025,8,Euro (EUR),47.5904,47.6762
2025-08-22,2025,8,Euro (EUR),47.3729,47.4582
2025-08-25,2025,8,Euro (EUR),47.8773,47.9636
2025-08-26,2025,8,Euro (EUR),47.6318,47.7176
2025-08-27,2025,8,Euro (EUR),47.4965,47.5821
2025-08-28,2025,8,Euro (EUR),47.7444,47.8304
2025-08-29,2025,8,Euro (EUR),47.7841,47.8702
2025-09-01,2025,9,Euro (EUR),48.1101,48.1967
2025-09-02,2025,9,Euro (EUR),47.8603,47.9465
2025-09-03,2025,9,Euro (EUR),47.8487,47.9349
2025-09-04,2025,9,Euro (EUR),47.8704,47.9567
2025-09-05,2025,9,Euro (EUR),48.0133,48.0998
2025-09-08,2025,9,Euro (EUR),48.2995,48.3865
2025-09-09,2025,9,Euro (EUR),48.4281,48.5154
2025-09-10,2025,9,Euro (EUR),48.2165,48.3034
2025-09-11,2025,9,Euro (EUR),48.1672,48.2539
2025-09-15,2025,9,Euro (EUR),48.444,48.5313
2025-09-16,2025,9,Euro (EUR),48.6615,48.7491
2025-09-17,2025,9,Euro (EUR),48.8181,48.906
2025-09-18,2025,9,Euro (EUR),48.7706,48.8584
2025-09-19,2025,9,Euro (EUR),48.4889,48.5762
2025-09-22,2025,9,Euro (EUR),48.582,48.6695
2025-09-23,2025,9,Euro (EUR),48.7644,48.8523
2025-09-24,2025,9,Euro (EUR),48.6935,48.7812
2025-09-25,2025,9,Euro (EUR),48.607,48.6946
2025-09-26,2025,9,Euro (EUR),48.3509,48.438
2025-09-29,2025,9,Euro (EUR),48.6479,48.7355
2025-09-30,2025,9,Euro (EUR),48.7512,48.839
2025-10-01,2025,10,Euro (EUR),48.7508,48.8386
2025-10-02,2025,10,Euro (EUR),48.7985,48.8864
2025-10-03,2025,10,Euro (EUR),48.7205,48.8083
2025-10-06,2025,10,Euro (EUR),48.58,48.6676
2025-10-07,2025,10,Euro (EUR),48.5809,48.6684
2025-10-08,2025,10,Euro (EUR),48.3879,48.4751
2025-10-09,2025,10,Euro (EUR),48.3704,48.4575
2025-10-10,2025,10,Euro (EUR),48.1872,48.274
2025-10-13,2025,10,Euro (EUR),48.3565,48.4436
2025-10-14,2025,10,Euro (EUR),48.2476,48.3345
2025-10-15,2025,10,Euro (EUR),48.5717,48.6592
2025-10-16,2025,10,Euro (EUR),48.6885,48.7762
2025-10-17,2025,10,Euro (EUR),48.8859,48.9739
2025-10-20,2025,10,Euro (EUR),48.8255,48.9135
2025-10-21,2025,10,Euro (EUR),48.6813,48.769
2025-10-22,2025,10,Euro (EUR),48.5808,48.6683
2025-10-23,2025,10,Euro (EUR),48.5803,48.6678
2025-10-24,2025,10,Euro (EUR),48.5943,48.6819
2025-10-27,2025,10,Euro (EUR),48.7086,48.7964
2025-10-30,2025,10,Euro (EUR),48.6582,48.7458
2025-10-31,2025,10,Euro (EUR),48.462,48.5493
2025-11-03,2025,11,Euro (EUR),48.3661,48.4532
2025-11-04,2025,11,Euro (EUR),48.3464,48.4335
2025-11-05,2025,11,Euro (EUR),48.288,48.375
2025-11-06,2025,11,Euro (EUR),48.4068,48.494
2025-11-07,2025,11,Euro (EUR),48.5281,48.6155
2025-11-10,2025,11,Euro (EUR),48.7023,48.7901
2025-11-11,2025,11,Euro (EUR),48.74,48.8278
2025-11-12,2025,11,Euro (EUR),48.8135,48.9014
2025-11-13,2025,11,Euro (EUR),48.9643,49.0525
2025-11-14,2025,11,Euro (EUR),49.0216,49.1099
2025-11-17,2025,11,Euro (EUR),49.0316,49.1199
2025-11-18,2025,11,Euro (EUR),48.9795,49.0678
2025-11-19,2025,11,Euro (EUR),48.9495,49.0377
2025-11-20,2025,11,Euro (EUR),48.7238,48.8116
2025-11-21,2025,11,Euro (EUR),48.7472,48.835
2025-11-24,2025,11,Euro (EUR),48.8473,48.9353
2025-11-25,2025,11,Euro (EUR),48.8415,48.9295
2025-11-26,2025,11,Euro (EUR),49.0355,49.1239
2025-11-27,2025,11,Euro (EUR),49.0878,49.1763
2025-11-28,2025,11,Euro (EUR),49.0114,49.0997
2025-12-01,2025,12,Euro (EUR),49.2708,49.3595
2025-12-02,2025,12,Euro (EUR),49.1783,49.2669
2025-12-03,2025,12,Euro (EUR),49.3609,49.4499
2025-12-04,2025,12,Euro (EUR),49.4583,49.5474
2025-12-05,2025,12,Euro (EUR),49.3699,49.4588
